2015-11-13,4.95,5.0,3.75,4.0,343900
2015-11-16,4.0,4.5,3.74,4.5,159780
2015-11-17,4.25,4.25,4.0,4.25,25000
2015-11-18,4.3,4.7,4.2,4.5,35665
2015-11-19,4.03,4.33,4.0,4.33,4135
2015-11-20,4.33,4.5,4.0,4.4,55399
2015-11-23,4.4095,4.5,4.15,4.2,11008
2015-11-24,4.05,4.25,4.0,4.0,5100
2015-11-25,3.98,4.36,3.98,4.36,7447
2015-11-27,4.45,4.51,4.25,4.38,32341
2015-11-30,4.4,4.4,4.2,4.2,1000
2015-12-01,3.8,3.82,3.52,3.77,22836
2015-12-02,4.0,4.0,3.49,3.64,2000
2015-12-03,3.64,3.64,3.64,3.64,2
2015-12-04,3.74,3.74,3.55,3.55,6385
2015-12-07,3.55,3.55,3.55,3.55,1
2015-12-08,3.26,3.26,2.75,3.21,37927
2015-12-09,3.25,3.3,2.67,3.27,47077
2015-12-10,3.25,3.27,2.8901,3.25,21965
2015-12-11,3.26,3.26,2.93,3.13,28655
2015-12-14,3.05,3.3,2.75,3.1,51728
2015-12-15,3.0,3.53,3.0,3.53,28996
2015-12-16,3.94,3.94,3.5,3.552,2185
2015-12-17,3.54,3.65,3.0,3.14,6839
2015-12-18,3.39,3.53,3.12,3.12,16670
2015-12-21,3.3,4.19,3.3,3.95,33594
2015-12-22,3.98,4.3399,3.56,3.8899,6059
2015-12-23,3.85,4.064,3.85,4.0,2055
2015-12-24,4.06,4.13,3.8388,3.99,7490
2015-12-28,4.09,4.09,3.82,3.88,10491
2015-12-29,4.0,4.0,3.65,3.8,16109
2015-12-30,3.77,4.06,3.57,3.58,11163
2015-12-31,3.73,3.73,3.35,3.35,10999
2016-01-04,3.3,4.49,3.2001,3.85,76639
2016-01-05,3.89,4.8,3.89,4.3779,136309
2016-01-06,4.321,4.57,4.1601,4.45,67506
2016-01-07,4.39,4.39,4.16,4.24,17829
2016-01-08,4.25,4.2501,3.7,3.7,32337
2016-01-11,3.99,4.249,3.5,3.5601,36342
2016-01-12,3.57,3.7999,3.3,3.3101,38212
2016-01-13,3.65,3.65,3.1,3.2216,30417
2016-01-14,3.23,3.55,3.2,3.3,36230
2016-01-15,3.258,3.3148,3.2001,3.27,10335
2016-01-19,3.3,3.82,3.26,3.26,9737
2016-01-20,3.2,4.2,3.0,3.91,219504
2016-01-21,3.65,3.658,3.134,3.23,49725
2016-01-22,3.33,3.34,3.136,3.2,12600
2016-01-25,3.24,3.294,3.22,3.25,4061
2016-01-26,3.2301,3.381,3.2301,3.34,16036
2016-01-27,3.39,3.39,2.96,2.96,23887
2016-01-28,3.1201,3.19,2.97,3.1,22666
2016-01-29,3.1,3.16,3.1,3.1431,5099
2016-02-01,2.87,2.9699,2.7,2.9,19421
2016-02-02,2.9,3.12,2.8,3.0,35948
2016-02-03,3.0,3.14,2.95,3.02,20413
2016-02-04,3.07,3.08,2.69,3.0,30408
2016-02-05,3.11,3.11,2.89,2.97,4704
2016-02-08,3.0,3.05,2.9338,3.03,3400
2016-02-09,2.948,2.98,2.948,2.98,1902
2016-02-10,3.04,3.09,2.91,3.05,21652
2016-02-11,2.9801,3.08,2.9801,3.08,2700
2016-02-12,2.99,3.006,2.85,2.9126,18848
2016-02-16,3.05,3.05,3.0,3.02,13503
2016-02-17,2.91,3.1,2.8949,3.1,16843
2016-02-18,2.86,3.1,2.77,3.01,40493
2016-02-19,2.9,3.05,2.9,3.0,20562
2016-02-22,2.995,3.05,2.98,3.04,7306
2016-02-23,2.9,3.0689,2.88,3.0,16448
2016-02-24,2.94,3.06,2.93,3.01,5800
2016-02-25,3.06,3.09,3.037,3.09,5410
2016-02-26,3.1,3.22,3.1,3.197,5851
2016-02-29,3.24,3.28,3.24,3.26,12702
2016-03-01,3.25,3.31,3.25,3.26,6134
2016-03-02,3.26,3.26,3.16,3.19,7558
2016-03-03,3.21,3.21,3.21,3.21,134
2016-03-04,3.26,3.26,3.25,3.25,443
2016-03-07,3.25,3.44,3.012,3.44,5943
2016-03-08,3.304,3.83,3.3,3.83,25582
2016-03-09,3.79,3.82,3.52,3.53,4850
2016-03-10,3.52,3.75,3.45,3.45,700
2016-03-11,3.45,3.45,3.45,3.45,0
2016-03-14,3.52,4.75,3.52,4.45,87823
2016-03-15,4.95,4.95,4.31,4.48,73345
2016-03-16,4.6,4.7,3.82,4.69,49866
2016-03-17,4.77,4.92,4.62,4.92,45056
2016-03-18,4.88,5.19,4.23,4.23,71471
2016-03-21,4.23,4.55,3.41,3.72,46252
2016-03-22,3.68,3.85,3.485,3.56,13756
2016-03-23,3.72,3.74,3.35,3.62,21778
2016-03-24,3.54,3.79,3.42,3.755,4215
2016-03-28,3.77,3.7989,3.5,3.59,11200
2016-03-29,3.65,3.65,3.31,3.31,15157
2016-03-30,3.3,3.4481,3.29,3.337,23188
2016-03-31,3.34,3.75,3.34,3.73,11734
2016-04-01,3.77,3.772,3.65,3.65,1599
2016-04-04,3.69,3.82,3.68,3.77,9824
2016-04-05,3.8,3.9341,3.76,3.77,11960
2016-04-06,3.895,3.97,3.68,3.89,10127
2016-04-07,3.82,3.845,3.65,3.7,1029
2016-04-08,3.83,3.9699,3.73,3.96,3407
2016-04-11,3.95,3.95,3.65,3.94,18114
2016-04-12,3.82,3.86,3.6,3.7,13447
2016-04-13,4.15,4.3899,3.8499,4.01,266602
2016-04-14,4.1383,4.15,3.79,3.8999,16944
2016-04-15,3.6501,3.9699,3.65,3.65,4275
2016-04-18,3.84,3.84,3.5,3.64,9472
2016-04-19,3.74,3.7499,3.4801,3.61,5949
2016-04-20,3.56,3.56,3.32,3.3569,34677
2016-04-21,3.38,3.79,3.35,3.71,25120
2016-04-22,3.79,3.924,3.76,3.8799,15718
2016-04-25,3.7001,3.75,3.58,3.72,9681
2016-04-26,3.637,3.75,3.637,3.74,2933
2016-04-27,3.69,3.75,3.6,3.6,2671
2016-04-28,3.6833,3.875,3.65,3.875,33318
2016-04-29,3.94,4.0557,3.8301,3.8699,11823
2016-05-02,3.8,3.91,3.8,3.83,14915
2016-05-03,3.86,3.9989,3.84,3.9375,6203
2016-05-04,4.0589,4.0589,3.77,3.77,17497
2016-05-05,3.8,3.85,3.62,3.73,40296
2016-05-06,3.69,3.8,3.59,3.8,9687
2016-05-09,3.84,3.89,3.74,3.84,18527
2016-05-10,3.8989,3.8989,3.575,3.7,13847
2016-05-11,3.7,3.96,3.37,3.9,41429
2016-05-12,3.81,4.0,3.81,3.89,33803
2016-05-13,3.7595,3.86,3.6211,3.81,58869
2016-05-16,3.62,3.88,3.62,3.74,79001
2016-05-17,3.67,3.73,3.44,3.47,14961
2016-05-18,3.38,3.575,3.25,3.5189,76107
2016-05-19,3.45,3.83,3.2,3.44,54404
2016-05-20,3.38,3.64,3.14,3.21,33453
2016-05-23,3.13,3.484,2.93,3.1399,48482
2016-05-24,3.05,3.07,2.9001,2.9001,29431
2016-05-25,3.02,3.0292,2.5,2.64,192221
2016-05-26,2.7,2.719,2.445,2.55,134078
2016-05-27,2.53,2.645,2.3,2.49,42744
2016-05-31,2.5,2.5,2.2311,2.34,79378
2016-06-01,2.33,2.33,2.26,2.28,49458
2016-06-02,2.22,2.435,2.18,2.31,73452
2016-06-03,2.27,2.3368,2.1,2.22,75456
2016-06-06,2.21,2.475,1.94,1.94,97995
2016-06-07,2.06,2.81,1.9568,2.39,227946
2016-06-08,2.34,2.5701,2.24,2.29,73346
2016-06-09,2.488,2.488,2.29,2.4,32720
2016-06-10,2.36,2.4586,2.03,2.34,122052
2016-06-13,2.33,2.33,2.1822,2.22,6453
2016-06-14,2.16,2.28,2.0443,2.23,13520
2016-06-15,2.2,2.53,2.09,2.4,47391
2016-06-16,2.37,2.55,2.16,2.54,80441
2016-06-17,2.54,2.54,2.41,2.5,38060
2016-06-20,2.42,2.54,2.4,2.51,17524
2016-06-21,2.47,2.54,2.414,2.51,66627
2016-06-22,2.31,2.5,2.29,2.39,44637
2016-06-23,2.3886,2.48,2.26,2.3,22513
2016-06-24,2.33,2.4,2.15,2.4,24824
2016-06-27,2.36,2.36,2.1658,2.25,6875
2016-06-28,2.3272,2.39,2.28,2.39,9688
2016-06-29,2.3157,2.41,2.3157,2.39,6548
2016-06-30,2.35,2.35,2.2,2.2,6231
2016-07-01,2.31,2.31,2.17,2.25,9182
2016-07-05,2.28,2.3,2.08,2.21,5760
2016-07-06,2.2168,2.35,2.2168,2.35,5576
2016-07-07,2.4011,2.57,2.4,2.57,9230
2016-07-08,2.44,2.5579,2.42,2.53,1565
2016-07-11,2.5699,2.57,2.49,2.541,3134
2016-07-12,2.5599,2.5599,2.34,2.5,11955
2016-07-13,2.5,2.56,2.5,2.53,13439
2016-07-14,2.56,2.56,2.24,2.36,32938
2016-07-15,2.379,2.38,2.2922,2.3435,5731
2016-07-18,2.3672,2.3672,2.3,2.36,7551
2016-07-19,2.37,2.42,2.33,2.33,9995
2016-07-20,2.3301,2.4,2.3301,2.4,4347
2016-07-21,2.38,2.39,2.35,2.39,607
2016-07-22,2.3999,2.48,2.37,2.3966,6200
2016-07-25,2.3724,2.56,2.3724,2.52,7061
2016-07-26,2.47,2.5,2.34,2.3811,13230
2016-07-27,2.4,2.4,2.4,2.4,247
2016-07-28,2.43,2.78,2.3989,2.6501,40566
2016-07-29,2.72,4.2466,2.72,3.8,682384
2016-08-01,3.34,3.65,3.31,3.59,87554
2016-08-02,3.53,4.1489,3.5,3.83,91870
2016-08-03,3.9,4.3734,3.76,3.989,69294
2016-08-04,3.92,4.219,3.9101,4.115,26354
2016-08-05,4.09,4.4,3.78,4.4,67763
2016-08-08,4.4,4.4,4.0601,4.15,9398
2016-08-09,4.08,4.179,3.761,4.06,21713
2016-08-10,3.9002,4.16,3.9002,4.09,21375
2016-08-11,4.06,4.18,4.02,4.02,13781
2016-08-12,3.981,4.09,3.82,4.02,23931
2016-08-15,3.96,4.0688,3.9187,4.01,22451
2016-08-16,3.91,4.12,3.12,4.0472,138060
2016-08-17,3.99,3.99,3.66,3.77,34043
2016-08-18,3.79,4.1792,3.79,4.07,23828
2016-08-19,4.22,4.22,4.06,4.06,13423
2016-08-22,4.06,4.17,4.06,4.13,26175
2016-08-23,4.14,4.18,3.6,4.01,105752
2016-08-24,3.96,4.48,3.78,4.38,107513
2016-08-25,4.4199,4.73,3.97,4.0067,100243
2016-08-26,3.8899,4.18,3.875,4.08,40200
2016-08-29,4.24,4.4899,3.94,3.96,20690
2016-08-30,3.97,4.12,3.75,4.09,20604
2016-08-31,4.09,4.099,3.89,4.0,23070
2016-09-01,4.01,4.01,3.82,3.82,7293
2016-09-02,3.91,4.05,3.91,3.91,4898
2016-09-06,3.98,4.01,3.82,4.01,8731
2016-09-07,4.01,4.19,3.82,4.01,32514
2016-09-08,3.96,3.96,3.8,3.86,7207
2016-09-09,3.92,3.98,3.78,3.85,35503
2016-09-12,3.9,3.99,3.5,3.99,80978
2016-09-13,3.96,4.18,3.7,3.86,6839
2016-09-14,3.79,4.0299,3.79,3.97,19576
2016-09-15,3.97,4.2,3.97,4.14,10645
2016-09-16,4.17,4.52,4.17,4.52,29402
2016-09-19,4.51,4.7399,4.51,4.52,24143
2016-09-20,4.6699,4.6699,4.11,4.25,60636
2016-09-21,4.456,4.966,4.4377,4.61,103391
2016-09-22,4.6111,5.32,4.61,4.8,145459
2016-09-23,4.85,5.0594,4.76,4.905,46623
2016-09-26,5.0,5.06,4.68,4.76,48194
2016-09-27,4.83,4.83,4.51,4.7,19673
2016-09-28,4.7,4.81,4.57,4.57,5786
2016-09-29,4.4801,4.76,4.4,4.45,23263
2016-09-30,4.4,4.5699,4.08,4.23,37132
2016-10-03,4.14,4.4799,4.14,4.31,27264
2016-10-04,4.3,4.5189,4.25,4.5189,23899
2016-10-05,4.46,4.49,3.98,4.015,91310
2016-10-06,4.07,4.42,3.5,4.14,86142
2016-10-07,4.15,4.3,3.85,4.3,66080
2016-10-10,4.27,4.53,4.2163,4.23,12243
2016-10-11,4.2201,4.23,3.9,4.02,37350
2016-10-12,4.08,4.08,3.715,3.75,14638
2016-10-13,3.8,3.81,3.41,3.64,60575
2016-10-14,3.611,4.01,3.49,3.94,70163
2016-10-17,3.95,4.1,3.56,3.73,90257
2016-10-18,3.76,3.9599,3.6301,3.72,138517
2016-10-19,3.77,3.77,3.25,3.4,57296
2016-10-20,3.4,3.47,3.22,3.35,129674
2016-10-21,4.39,4.4816,3.76,4.09,1288338
2016-10-24,4.25,4.31,3.95,4.05,236728
2016-10-25,3.95,4.19,3.6765,4.1699,326813
2016-10-26,4.14,4.54,3.8058,4.22,164381
2016-10-27,4.26,4.87,3.95,4.01,167673
2016-10-28,3.93,4.0847,3.53,3.84,180238
2016-10-31,3.86,3.98,3.6,3.72,64356
2016-11-01,3.7,4.0,3.55,3.79,71088
2016-11-02,3.82,3.87,3.5,3.76,68782
2016-11-03,3.7,3.84,3.51,3.65,107858
2016-11-04,3.62,3.75,3.532,3.62,50087
2016-11-07,3.7346,4.18,3.647,3.98,102364
2016-11-08,3.79,4.15,3.62,3.99,72075
2016-11-09,3.62,4.4393,3.62,4.12,82711
2016-11-10,4.19,4.53,4.14,4.3328,91121
2016-11-11,3.8903,4.75,3.8903,4.51,64562
2016-11-14,4.5,4.75,4.17,4.38,142317
2016-11-15,4.44,4.8,4.2742,4.59,60743
2016-11-16,4.6,5.09,4.6,4.8,111777
2016-11-17,4.85,4.85,4.3492,4.6,24403
2016-11-18,4.57,5.2495,4.3731,5.01,164524
2016-11-21,5.07,5.25,5.0124,5.08,57396
2016-11-22,5.38,5.4,4.75,5.09,103411
2016-11-23,5.01,5.6,5.01,5.23,138011
2016-11-25,5.29,5.57,5.11,5.13,28400
2016-11-28,5.17,5.18,4.39,5.11,80670
2016-11-29,5.12,5.12,4.63,4.72,133724
2016-11-30,2.34,2.68,1.9,2.08,1412239
2016-12-02,2.02,2.02,1.69,1.75,425558
2016-12-05,1.15,1.55,1.1,1.52,1046931
2016-12-06,1.55,1.55,1.22,1.28,594089
2016-12-07,1.32,1.34,1.25,1.27,147314
2016-12-08,1.29,1.29,1.15,1.19,281169
2016-12-09,1.19,1.26,1.16,1.26,109520
2016-12-12,1.26,1.28,1.16,1.2,213617
2016-12-13,1.18,1.85,1.12,1.32,2621291
2016-12-14,1.23,1.32,1.18,1.2,296336
2016-12-15,1.23,1.23,1.15,1.16,224650
2016-12-16,1.18,1.2,1.05,1.15,238552
2016-12-19,1.09,1.2,1.09,1.11,105837
2016-12-20,1.1,1.14,1.03,1.08,170034
2016-12-21,1.08,1.0875,0.85,0.88,486186
2016-12-22,0.84,1.02,0.84,0.9799,214277
2016-12-23,1.02,1.02,0.758,0.8845,205969
2016-12-27,0.9,0.94,0.8,0.88,59735
2016-12-28,0.955,0.96,0.88,0.91,32478
2016-12-29,0.9,0.925,0.89,0.9,43942
2016-12-30,0.89,0.9215,0.8311,0.8804,77817
2017-01-03,0.89,0.9133,0.87,0.8901,62307
2017-01-04,0.8959,0.95,0.8274,0.8827,44885
2017-01-05,0.88,1.2353,0.85,1.19,1246133
2017-01-06,1.24,1.24,1.02,1.07,480467
2017-01-09,1.15,1.1772,1.04,1.09,247279
2017-01-10,1.1,1.19,0.99,1.0717,77088
2017-01-11,1.06,1.11,0.972,0.9721,361190
2017-01-12,0.98,1.05,0.9,0.91,127629
2017-01-13,0.92,1.0391,0.906,0.9398,110839
2017-01-17,0.96,0.9699,0.88,0.8836,126950
2017-01-18,0.9,0.92,0.862,0.8904,134518
2017-01-19,0.93,0.93,0.87,0.88,135047
2017-01-20,0.8708,0.9367,0.84,0.8517,76262
2017-01-23,0.86,0.938,0.82,0.84,47226
2017-01-24,0.85,0.8699,0.8,0.86,56458
2017-01-25,0.86,0.8999,0.84,0.865,98143
2017-01-26,0.85,0.87,0.8,0.87,190265
2017-01-27,0.87,0.99,0.8598,0.92,51538
2017-01-30,0.89,0.92,0.84,0.86,37498
2017-01-31,0.87,0.87,0.8,0.845,67720
2017-02-01,0.8012,0.8478,0.8012,0.8398,28501
2017-02-02,0.83,0.8873,0.8106,0.8659,78793
2017-02-03,0.84,0.878,0.8304,0.84,25661
2017-02-06,0.84,0.8435,0.8,0.83,69087
2017-02-07,0.83,0.875,0.78,0.7965,397062
2017-02-08,0.7991,0.8499,0.781,0.8025,647612
2017-02-09,0.81,0.85,0.8,0.8199,238713
2017-02-10,0.8199,0.8199,0.78,0.7893,100983
2017-02-13,0.7817,0.825,0.7802,0.7999,99483
2017-02-14,0.8,0.82,0.78,0.82,177421
2017-02-15,0.82,0.825,0.785,0.8,276472
2017-02-16,0.819,0.82,0.78,0.8,105001
2017-02-17,0.8029,0.82,0.8,0.82,146718
2017-02-21,0.8204,0.8789,0.8003,0.8103,656221
2017-02-22,0.82,0.835,0.7803,0.794,188952
2017-02-23,0.7999,0.7999,0.7431,0.7585,255998
2017-02-24,0.7556,0.7999,0.7301,0.77,118508
2017-02-27,0.77,0.8,0.73,0.76,193386
2017-02-28,0.77,0.7716,0.73,0.73,54580
2017-03-01,0.74,0.75,0.7301,0.745,40407
2017-03-02,0.7508,0.77,0.7397,0.76,42955
2017-03-03,0.76,0.76,0.7311,0.75,53637
2017-03-06,0.75,0.7599,0.74,0.7418,51988
2017-03-07,0.7401,0.7498,0.73,0.73,46221
2017-03-08,0.73,0.7408,0.73,0.73,80521
2017-03-09,0.73,0.7412,0.73,0.73,96498
2017-03-10,0.73,1.24,0.73,1.2,4724393
2017-03-13,1.05,1.14,0.8888,0.9001,2666706
2017-03-14,0.91,0.948,0.7771,0.8101,827675
2017-03-15,0.81,0.8452,0.7526,0.809,295295
2017-03-16,0.8398,0.8398,0.76,0.79,383586
2017-03-17,0.77,0.7993,0.76,0.7869,292854
2017-03-20,0.78,0.78,0.73,0.74,181632
2017-03-21,0.74,0.777,0.66,0.68,338989
2017-03-22,0.68,0.73,0.68,0.7199,60690
2017-03-23,0.72,0.725,0.68,0.713,114185
2017-03-24,0.7199,0.72,0.69,0.71,139800
2017-03-27,0.69,0.7159,0.69,0.71,62644
2017-03-28,0.7201,0.73,0.695,0.7,202670
2017-03-29,0.72,0.85,0.7,0.7201,1029935
2017-03-30,0.7301,0.7497,0.69,0.7001,468974
2017-03-31,0.69,0.729,0.66,0.6751,257444
2017-04-03,0.68,0.695,0.6612,0.6622,243612
2017-04-04,0.6606,0.679,0.611,0.62,438545
2017-04-05,0.619,0.63,0.5602,0.58,241929
2017-04-06,0.53,0.58,0.4606,0.49,547677
2017-04-07,0.5082,0.5187,0.48,0.5181,105940
2017-04-10,0.52,0.5399,0.4999,0.4999,137173
2017-04-11,0.51,0.59,0.4817,0.54,201436
2017-04-12,0.56,0.5979,0.53,0.5583,114167
2017-04-13,0.571,0.571,0.5104,0.52,87760
2017-04-17,0.5266,0.538,0.5002,0.538,78864
2017-04-18,0.5301,0.5379,0.5013,0.51,49955
2017-04-19,0.5355,0.539,0.52,0.5303,198883
2017-04-20,0.5368,0.6175,0.495,0.5,902716
2017-04-21,0.51,0.52,0.5,0.52,103672
2017-04-24,0.52,0.53,0.5,0.5106,140840
2017-04-25,0.52,0.5405,0.5123,0.525,102599
2017-04-26,0.5172,0.528,0.49,0.51,139450
2017-04-27,0.5,0.57,0.5,0.5298,408803
2017-04-28,0.36,0.4844,0.3401,0.442,1399059
2017-05-01,0.422,0.56,0.422,0.5326,471193
2017-05-02,0.49,0.54,0.49,0.5252,254862
2017-05-03,0.501,0.55,0.501,0.55,160553
2017-05-04,0.55,0.72,0.541021,0.6155,732994
2017-05-05,0.59,0.62,0.54,0.605,116095
2017-05-08,0.6,0.725,0.6,0.72,406085
2017-05-09,0.72,0.89,0.625,0.8199,1933427
2017-05-10,0.78,0.8399,0.7527,0.77,437786
2017-05-11,0.78,0.78,0.705,0.73,320489
2017-05-12,0.83,0.8899,0.7602,0.8,880946
2017-05-15,0.789,0.8,0.75,0.7875,226592
2017-05-16,0.769,0.769,0.702,0.702,219253
2017-05-17,0.651,0.7,0.62,0.6351,305154
2017-05-18,0.64,0.68,0.6,0.62,373444
2017-05-19,0.65,0.65,0.56,0.63,198308
2017-05-22,0.6299,0.6328,0.5252,0.589,235371
2017-05-23,0.589,0.6624,0.5404,0.5639,342558
2017-05-24,0.592,0.5995,0.55,0.5682,224783
2017-05-25,0.5515,0.6,0.5515,0.5807,62536
2017-05-26,0.6,0.6,0.556,0.56,117966
2017-05-30,0.58,0.58,0.416,0.5,346347
2017-05-31,0.5124,0.55,0.47,0.5006,145110
2017-06-01,0.525,0.57,0.46,0.51,345958
2017-06-02,0.491,0.55,0.49,0.52,157011
2017-06-05,0.55,0.55,0.49,0.5,181715
2017-06-06,0.54,0.54,0.46,0.4794,161940
2017-06-07,0.472,0.5201,0.4603,0.5,129292
2017-06-08,0.485,0.51,0.4761,0.502,28055
2017-06-09,0.502,0.525,0.47,0.4898,123666
2017-06-12,0.477,0.4999,0.475,0.498,67366
2017-06-13,0.5,0.51,0.46,0.51,92379
2017-06-14,0.4901,0.6399,0.49,0.53,427989
2017-06-15,0.55,0.5699,0.513,0.54,51851
2017-06-16,0.524,0.54,0.5011,0.51,28095
2017-06-19,0.54,0.5892,0.51,0.5684,294082
2017-06-20,0.6,0.6,0.5459,0.5701,77270
2017-06-21,0.5702,0.59,0.53,0.55,92989
2017-06-22,0.55,0.57,0.5352,0.5601,140957
2017-06-23,0.547,0.57,0.505,0.55,101093
2017-06-26,0.531,0.6,0.52,0.57,118059
2017-06-27,0.5522,0.579177,0.55,0.55,4673
2017-06-28,0.55,0.62,0.54,0.5675,114019
2017-06-29,0.554,0.6,0.54,0.59,84067
2017-06-30,0.5617,0.58,0.55,0.573,32131
2017-07-03,0.6,0.6,0.555504,0.59,13456
2017-07-05,0.575,0.645,0.57,0.62,647534
2017-07-06,0.65,1.4199,0.64,1.3975,25734322
2017-07-07,1.02,1.14,0.782,0.8351,5767797
2017-07-10,0.8258,0.95,0.72,0.888,2413801
2017-07-11,0.8598,0.88,0.75,0.79,799081
2017-07-12,0.74,0.85,0.72,0.821,390944
2017-07-13,0.79,0.89,0.7354,0.83,414745
2017-07-14,0.8998,1.0591,0.85,0.93,3643192
2017-07-17,0.928,0.97,0.84,0.85,547933
2017-07-18,0.84,0.8882,0.8,0.84,320792
2017-07-19,0.865,0.865,0.78,0.7894,268196
2017-07-20,0.8288,0.83,0.706,0.7599,612428
2017-07-21,0.75,0.78,0.72,0.7499,194316
2017-07-24,0.7816,0.7945,0.701,0.78,268530
2017-07-25,0.765,0.79,0.7106,0.735,94214
2017-07-26,0.75,0.83,0.73,0.82,636659
2017-07-27,0.85,0.85,0.73,0.75,612448
2017-07-28,0.79,0.79,0.73,0.75,153355
2017-07-31,0.81,0.81,0.7,0.71,242207
2017-08-01,0.75,0.75,0.705,0.705,190579
2017-08-02,0.703,0.739,0.7,0.71,222807
2017-08-03,0.702,0.703,0.66,0.67,215105
2017-08-04,0.72,0.72,0.61,0.616,271857
2017-08-07,0.6368,0.6368,0.58,0.59,413523
2017-08-08,0.59,0.66,0.58,0.6139,157416
2017-08-09,0.61,0.62,0.56,0.57,158979
2017-08-10,0.551,0.6049,0.55,0.57,129058
2017-08-11,0.57,0.5703,0.54,0.5638,112330
2017-08-14,0.68,0.7,0.523,0.5852,1769199
2017-08-15,0.55,0.59736,0.5331,0.58,297722
2017-08-16,0.58,0.6,0.5408,0.5778,164504
2017-08-17,0.58,0.6,0.5238,0.5831,256922
2017-08-18,0.5605,0.62,0.5605,0.62,352617
2017-08-21,0.617,0.65,0.58,0.61,255639
2017-08-22,0.63,0.635,0.5901,0.6,211762
2017-08-23,0.6,0.63,0.5901,0.62,97174
2017-08-24,0.61,0.86,0.61,0.83,1902201
2017-08-25,0.87,0.87,0.713,0.75,1287390
2017-08-28,0.75,0.79,0.69,0.7102,349856
2017-08-29,0.71,0.727839,0.68,0.715,172651
2017-08-30,0.715,0.8,0.7007,0.73,170794
2017-08-31,0.73,0.77,0.72,0.732,260647
2017-09-01,0.76,0.78,0.71,0.73,298990
2017-09-05,0.72,0.81,0.72,0.76,466041
2017-09-06,0.798,0.798,0.72,0.74,168459
2017-09-07,0.77,0.77,0.72,0.76,62437
2017-09-08,0.752,0.755,0.74,0.755,94970
2017-09-11,0.76,0.84,0.743,0.84,497101
2017-09-12,0.8,0.9399,0.78,0.81,1070832
2017-09-13,0.792,0.86,0.75,0.82,298473
2017-09-14,0.82,0.84,0.79,0.81,125870
2017-09-15,0.84,0.84,0.78,0.78,258840
2017-09-18,0.8,0.81,0.755,0.77,93562
2017-09-19,0.795,0.795,0.67,0.7698,199574
2017-09-20,0.73,0.79,0.7253,0.785,67251
2017-09-21,0.79,0.81,0.75,0.77,111263
2017-09-22,0.79,0.79,0.75,0.7849,191492
2017-09-25,0.79,0.8383,0.7679,0.7916,314329
2017-09-26,0.8011,0.811,0.7702,0.7999,130233
2017-09-27,0.7849,0.8102,0.771,0.81,163286
2017-09-28,0.8099,0.8978,0.8099,0.83,636897
2017-09-29,0.86,0.9191,0.8377,0.8501,584913
2017-10-02,0.84,0.92,0.8263,0.916,306273
2017-10-03,0.94,1.34,0.91,1.1,4463147
2017-10-04,1.06,1.1,0.95,1.03,477527
2017-10-05,1.08,1.34,1.0,1.06,1867638
2017-10-06,1.03,1.18,1.02,1.11,549211
2017-10-09,1.22,1.22,1.03,1.05,246362
2017-10-10,1.04,1.0878,1.0001,1.06,191922
2017-10-11,1.05,1.25,1.048,1.0926,707085
2017-10-12,1.13,1.1356,1.06,1.07,177241
2017-10-13,1.06,1.1601,1.06,1.09,412597
2017-10-16,1.07,1.17,1.04,1.09,285359
2017-10-17,1.12,1.12,0.92,1.04,423808
2017-10-18,0.97,1.049,0.97,1.02,112123
2017-10-19,1.04,1.06,0.9201,0.9801,146468
2017-10-20,0.9201,0.9599,0.8563,0.92,313822
2017-10-23,0.8962,0.93,0.8962,0.91,14271
2017-10-24,0.89,0.9498,0.85,0.9,144493
2017-10-25,0.9,1.04,0.89001,0.93,192663
2017-10-26,0.9765,1.04,0.9304,0.98,146275
2017-10-27,1.1,1.1,0.9301,0.98,88906
2017-10-30,0.95,1.1,0.95,1.1,328021
2017-10-31,1.1,1.15,1.0999,1.13,112341
2017-11-01,1.13,1.1301,1.0823,1.0995,37046
2017-11-02,1.16,1.175,1.05,1.1,156412
2017-11-03,1.0614,1.14,1.03,1.11,95914
2017-11-06,1.25,1.3,1.1201,1.15,743162
2017-11-07,1.14,1.14,1.02,1.1,175727
2017-11-08,1.09,1.129,1.06,1.06,107002
2017-11-09,1.08,1.0939,1.001,1.06,47766
2017-11-10,1.09,1.1,1.0,1.0,88875
2017-11-13,1.02,1.07,1.01,1.01,151542
2017-11-14,1.02,1.12,1.01,1.05,593869
2017-11-15,1.05,1.1363,1.03,1.11,111147
2017-11-16,1.13,1.17,1.08,1.0896,140932
2017-11-17,1.16,1.19,1.08,1.13,313580
2017-11-20,1.13,1.2078,1.1201,1.18,182469
2017-11-21,1.23,1.23,1.17,1.17,189318
2017-11-22,1.18,1.21,1.17,1.18,126698
2017-11-24,1.2,1.209,1.17,1.18,39086
2017-11-27,1.23,2.15,1.23,1.66,5911197
2017-11-28,1.5,1.57,1.31,1.32,1038431
2017-11-29,1.37,2.65,1.35,1.8,8565164
2017-11-30,1.78,1.86,1.53,1.78,1499686
2017-12-01,1.77,2.07,1.62,1.74,1054912
2017-12-04,1.93,1.979,1.71,1.78,560257
2017-12-05,1.85,1.8531,1.62,1.65,352686
2017-12-06,1.64,1.649,1.43,1.5,299237
2017-12-07,1.51,1.674,1.42,1.6299,382332
2017-12-08,1.66,1.76,1.603,1.68,231678
2017-12-11,1.68,1.77,1.55,1.76,395420
2017-12-12,1.76,2.136,1.74,1.87,1199822
2017-12-13,1.9,2.13,1.8,2.004,453572
2017-12-14,1.99,2.05,1.85,1.91,313274
2017-12-15,1.92,2.0,1.871,1.94,217199
2017-12-18,2.0,2.25,2.0,2.17,984102
2017-12-19,2.24,2.83,2.24,2.55,2367687
2017-12-20,2.54,2.67,2.3,2.51,569074
2017-12-21,2.55,2.879,2.46,2.71,672364
2017-12-22,2.82,3.732,2.751,3.03,2235194
2017-12-26,3.09,3.44,3.051,3.32,771486
2017-12-27,3.43,4.1,3.43,4.04,2106594
2017-12-28,4.25,4.25,2.95,3.33,2092585
2017-12-29,3.25,3.25,2.85,3.2,568834
2018-01-02,3.27,3.47,2.65,3.33,938557
2018-01-03,3.38,3.38,3.11,3.25,236766
2018-01-04,3.32,3.35,3.052,3.2,230521
2018-01-05,3.21,3.24,2.88,2.98,255196
2018-01-08,2.96,3.04,2.74,2.78,293136
2018-01-09,2.78,2.85,2.29,2.53,596211
2018-01-10,2.51,2.53,2.24,2.24,453877
2018-01-11,2.22,3.04,2.18,2.7,1598595
2018-01-12,2.57,2.79,2.36,2.74,479728
2018-01-16,2.72,2.72,2.51,2.6,210635
2018-01-17,2.59,2.728,2.5,2.66,219402
2018-01-18,2.62,2.84,2.62,2.64,277837
2018-01-19,2.73,2.99,2.638,2.94,342746
2018-01-22,2.95,3.44,2.95,3.21,688078
2018-01-23,3.26,3.79,3.1,3.52,642457
2018-01-24,3.65,3.7,3.07,3.19,424587
2018-01-25,3.17,3.532,3.15,3.47,296695
2018-01-26,3.53,3.7,3.4,3.47,412181
2018-01-29,3.5,3.64,3.47,3.57,179765
2018-01-30,3.5,3.58,3.16,3.37,195888
2018-01-31,3.51,3.57,3.26,3.31,106834
2018-02-01,3.25,3.47,3.181,3.181,120994
2018-02-02,3.11,3.32,3.0,3.0,360998
2018-02-05,3.0,3.3,2.83,3.27,172782
2018-02-06,3.02,3.2,3.02,3.14,101277
2018-02-07,3.14,3.5,3.1,3.46,213659
2018-02-08,3.5,3.689,3.256,3.31,181637
2018-02-09,3.31,3.38,2.85,3.05,208741
2018-02-12,3.11,3.4,3.11,3.35,140315
2018-02-13,3.25,3.453,3.23,3.39,87611
2018-02-14,3.39,3.959,3.35,3.95,502407
2018-02-15,4.0,4.0,3.57,3.75,303856
2018-02-16,3.71,4.09,3.71,4.04,375557
2018-02-20,4.1,4.45,3.77,3.88,836364
2018-02-21,3.86,4.25,3.82,4.05,249350
2018-02-22,4.05,4.149,3.87,4.047,121280
2018-02-23,4.08,4.52,4.05,4.4,519454
2018-02-26,4.52,4.98,4.52,4.95,564360
2018-02-27,5.0,5.739,4.98,5.22,1039370
2018-02-28,5.3,5.39,4.49,4.66,668423
2018-03-01,4.5,4.5,4.22,4.42,301461
2018-03-02,4.35,4.95,4.35,4.93,375733
2018-03-05,4.92,5.0,4.7,4.83,200429
2018-03-06,4.9,5.23,4.68,5.15,200159
2018-03-07,5.15,5.679,5.01,5.66,554633
2018-03-08,5.7,5.72,5.3,5.38,406639
2018-03-09,5.38,5.467,4.91,5.41,369657
2018-03-12,5.42,5.44,5.1,5.15,287074
2018-03-13,5.15,5.16,4.78,5.01,271555
2018-03-14,5.01,5.25,4.89,5.19,173515
2018-03-15,5.25,5.58,5.155,5.27,223157
2018-03-16,5.24,5.33,5.011,5.23,241298
2018-03-19,5.17,5.39,5.107,5.26,158031
2018-03-20,5.3,5.31,4.77,5.14,468510
2018-03-21,5.07,5.17,4.801,4.86,158002
2018-03-22,4.8,4.99,4.66,4.73,192297
2018-03-23,4.71,4.73,4.29,4.44,368225
2018-03-26,4.49,4.709,4.23,4.31,221620
2018-03-27,4.4,4.4,4.16,4.24,129220
2018-03-28,4.1,4.1,3.55,3.91,396853
2018-03-29,3.9,4.41,3.9,4.29,236744
2018-04-02,4.3,4.31,3.705,4.3,445066
2018-04-03,4.3,4.59,4.03,4.29,196763
2018-04-04,4.14,4.45,4.05,4.28,221828
2018-04-05,4.3,4.44,4.29,4.36,84028
2018-04-06,4.36,4.47,4.06,4.14,129694
2018-04-09,3.98,4.057,3.8,3.92,215052
2018-04-10,3.92,4.15,3.911,3.99,102254
2018-04-11,3.93,4.15,3.81,3.84,184530
2018-04-12,3.84,3.92,3.66,3.77,101257
2018-04-13,3.81,3.81,3.62,3.7,88383
2018-04-16,3.69,3.7,3.1,3.42,542154
2018-04-17,3.5,3.624,3.39,3.49,223684
2018-04-18,3.45,3.45,3.277,3.42,268608
2018-04-19,3.55,3.76,3.47,3.57,257930
2018-04-20,3.58,3.94,3.57,3.9,412723
2018-04-23,3.94,4.23,3.92,4.18,270154
2018-04-24,4.2,4.5,4.06,4.49,265489
2018-04-25,4.44,4.44,4.161,4.27,176442
2018-04-26,4.26,4.442,4.14,4.21,170930
2018-04-27,4.19,4.23,3.931,4.05,123148
2018-04-30,4.08,4.08,3.701,3.72,113105
2018-05-01,3.72,3.97,3.65,3.88,94349
2018-05-02,3.87,4.15,3.81,4.1,95912
2018-05-03,4.05,4.12,3.9,4.01,60925
2018-05-04,3.96,4.1,3.94,4.04,62722
2018-05-07,4.1,4.16,4.05,4.11,45361
2018-05-08,4.09,4.237,4.061,4.11,32472
2018-05-09,4.15,4.15,3.92,3.94,103737
2018-05-10,4.07,4.07,3.88,3.89,89428
2018-05-11,3.87,3.9,3.26,3.5,434077
2018-05-14,3.5,3.62,3.414,3.53,119571
2018-05-15,3.53,3.76,3.49,3.71,182466
2018-05-16,3.73,3.869,3.7,3.73,81511
2018-05-17,3.76,3.89,3.64,3.85,136644
2018-05-18,3.88,4.0,3.833,3.91,117679
2018-05-21,3.96,4.02,3.72,3.75,224451
2018-05-22,3.83,4.04,3.801,3.86,134651
2018-05-23,3.86,3.87,3.75,3.84,70000
2018-05-24,3.88,3.98,3.83,3.94,107716
2018-05-25,3.94,3.99,3.87,3.89,35642
2018-05-29,3.94,3.98,3.85,3.96,113253
2018-05-30,3.97,4.36,3.97,4.31,291566
2018-05-31,4.32,4.45,4.12,4.15,150706
2018-06-01,4.16,4.24,4.04,4.22,102112
2018-06-04,4.25,4.29,4.14,4.28,78449
2018-06-05,4.26,4.46,4.26,4.39,75557
2018-06-06,4.39,4.48,4.201,4.32,119538
2018-06-07,4.35,4.35,4.18,4.28,98393
2018-06-08,4.29,4.34,4.26,4.29,46955
2018-06-11,4.29,4.29,4.17,4.22,38038
2018-06-12,4.19,4.26,4.16,4.23,35738
2018-06-13,4.22,4.75,4.22,4.59,185973
2018-06-14,4.63,4.935,4.63,4.85,129923
2018-06-15,4.88,4.98,4.78,4.79,75730
2018-06-18,4.83,5.0,4.79,4.94,118853
2018-06-19,4.97,4.97,4.62,4.81,129765
2018-06-20,4.89,4.94,4.812,4.89,53019
2018-06-21,4.87,4.97,4.84,4.89,71769
2018-06-22,4.89,4.929,4.86,4.91,88811
2018-06-25,4.93,4.94,4.55,4.61,46460
2018-06-26,4.65,4.729,4.55,4.64,33351
2018-06-27,4.64,4.668,4.51,4.57,26968
2018-06-28,4.4,4.44,3.9,4.32,141275
2018-06-29,4.17,4.44,4.12,4.34,55271
2018-07-02,4.26,4.41,4.24,4.35,46437
2018-07-03,4.42,4.63,4.33,4.63,60081
2018-07-05,4.75,4.8,4.6704,4.8,72422
2018-07-06,4.8,4.8,4.72,4.77,41826
2018-07-09,4.81,4.9,4.67,4.67,61007
2018-07-10,4.7,4.749,4.58,4.58,29460
2018-07-11,4.56,4.67,4.39,4.46,52996
2018-07-12,4.48,4.57,4.446,4.5,12184
2018-07-13,4.5,4.53,4.01,4.13,104888
2018-07-16,4.15,4.28,4.13,4.26,50370
2018-07-17,4.32,4.43,4.2,4.38,70437
2018-07-18,4.31,4.42,4.31,4.36,29102
2018-07-19,4.38,4.66,4.37,4.62,49624
2018-07-20,4.62,4.8,4.62,4.66,66178
2018-07-23,4.62,4.65,4.5,4.65,14280
2018-07-24,4.68,4.72,4.4,4.42,26785
2018-07-25,4.46,4.65,4.25,4.64,66758
2018-07-26,4.71,4.73,4.45,4.63,33293
2018-07-27,4.6,4.6,4.35,4.4,47503
2018-07-30,4.42,4.479,4.111,4.4,61207
2018-07-31,4.44,4.44,4.15,4.44,30615
2018-08-01,4.45,4.45,4.31,4.41,31735
2018-08-02,4.37,4.54,4.24,4.54,23542
2018-08-03,4.55,4.66,4.52,4.65,20153
2018-08-06,4.68,4.78,4.38,4.47,73188
2018-08-07,4.47,4.668,4.42,4.52,20476
2018-08-08,4.52,4.63,4.41,4.59,22326
2018-08-09,4.55,4.69,4.24,4.24,94245
2018-08-10,4.24,4.496,4.15,4.46,63546
2018-08-13,4.48,4.48,3.86,3.92,105631
2018-08-14,4.0,4.194,4.0,4.03,38477
2018-08-15,4.07,4.08,3.98,4.06,26657
2018-08-16,4.09,4.12,3.86,3.91,67806
2018-08-17,3.95,4.0,3.85,3.91,59538
2018-08-20,3.93,4.55,3.93,4.47,120194
2018-08-21,4.51,4.88,4.5,4.81,209434
2018-08-22,4.83,5.122,4.65,5.0,170841
2018-08-23,5.05,5.2,4.83,4.89,91308
2018-08-24,4.95,4.97,4.76,4.8,46495
2018-08-27,4.94,4.94,4.68,4.8,75353
2018-08-28,4.8,4.979,4.8,4.9,58342
2018-08-29,4.91,5.02,4.82,5.0,54396
2018-08-30,5.02,5.02,4.86,4.9,53201
2018-08-31,4.9,4.99,4.751,4.83,62000
2018-09-04,4.79,4.83,4.61,4.78,36884
2018-09-05,4.67,4.85,4.58,4.74,56924
2018-09-06,4.64,4.66,4.38,4.51,68356
2018-09-07,4.47,4.6,4.4,4.46,30468
2018-09-10,4.23,4.62,4.23,4.59,42673
2018-09-11,4.6,4.81,4.501,4.77,61060
2018-09-12,4.816,4.886,4.63,4.74,29344
2018-09-13,4.75,4.77,4.621,4.77,29743
2018-09-14,4.74,4.8,4.56,4.56,29441
2018-09-17,4.57,4.74,4.39,4.56,47568
2018-09-18,4.53,4.76,4.41,4.72,32869
2018-09-19,4.75,4.775,4.38,4.48,71367
2018-09-20,4.535,4.72,4.535,4.72,47200
2018-09-21,4.72,4.72,4.3,4.3,95839
2018-09-24,4.32,4.61,4.32,4.61,29588
2018-09-25,4.55,4.69,4.51,4.55,50616
2018-09-26,4.54,4.65,4.54,4.64,41096
2018-09-27,4.64,4.8,4.64,4.71,91343
2018-09-28,4.69,4.7,4.55,4.67,25482
2018-10-01,4.62,4.68,4.56,4.66,48931
2018-10-02,4.66,4.7,4.36,4.37,81801
2018-10-03,4.44,4.615,4.36,4.44,47544
2018-10-04,4.45,4.58,4.33,4.36,55400
2018-10-05,4.36,4.54,4.28,4.54,39942
2018-10-08,4.49,4.51,4.11,4.4,130899
2018-10-09,4.36,4.44,4.3,4.38,40668
2018-10-10,4.4,4.5,4.33,4.36,42515
2018-10-11,4.34,4.6,4.304,4.58,61143
2018-10-12,4.64,4.67,4.54,4.62,45651
2018-10-15,4.61,4.65,4.44,4.59,87781
2018-10-16,4.62,4.62,4.5,4.57,54836
2018-10-17,4.55,4.6,4.48,4.54,88470
2018-10-18,4.55,4.6,4.4,4.47,79053
2018-10-19,4.37,4.85,4.37,4.52,390655
2018-10-22,4.5,4.559,4.275,4.3,96365
2018-10-23,4.22,4.36,4.13,4.17,169028
2018-10-24,4.15,4.35,3.83,3.89,180694
2018-10-25,3.95,4.16,3.897,4.0,87204
2018-10-26,3.98,4.165,3.8,3.94,205849
2018-10-29,3.96,4.13,3.73,3.87,100219
2018-10-30,3.87,4.14,3.75,3.78,103097
2018-10-31,3.73,4.19,3.73,4.1,68242
2018-11-01,4.1,4.55,4.073,4.48,121612
2018-11-02,4.44,4.53,4.35,4.41,29944
2018-11-05,4.41,4.6,4.26,4.53,28395
2018-11-06,4.31,4.465,4.31,4.35,20476
2018-11-07,4.38,4.59,4.38,4.49,32555
2018-11-08,4.41,4.49,4.32,4.48,15002
2018-11-09,4.49,4.56,4.24,4.35,25983
2018-11-12,4.34,4.42,4.0,4.0,49881
2018-11-13,4.0,4.126,3.815,3.86,61569
2018-11-14,3.84,3.882,3.75,3.85,39231
2018-11-15,3.85,4.02,3.75,3.77,50097
2018-11-16,3.77,3.89,3.605,3.75,63489
2018-11-19,3.72,3.75,3.54,3.59,34681
2018-11-20,3.43,3.759,3.4,3.57,86954
2018-11-21,3.53,3.62,3.506,3.55,54681
2018-11-23,3.55,3.6856,3.52,3.52,33613
2018-11-26,3.5,3.715,3.48,3.56,100868
2018-11-27,3.582,3.65,3.44,3.49,122352
2018-11-28,3.47,3.63,3.456,3.54,102034
2018-11-29,3.5,3.67,3.443,3.48,52771
2018-11-30,3.46,3.52,3.46,3.51,100914
2018-12-03,3.55,3.6,3.39,3.45,101317
2018-12-04,3.47,3.49,3.12,3.41,18049
2018-12-06,3.35,3.49,3.35,3.4,92593
2018-12-07,3.4,3.51,3.375,3.39,107192
2018-12-10,3.34,3.44,3.32,3.35,96096
2018-12-11,3.36,3.432,3.331,3.36,68522
2018-12-12,3.42,3.45,3.36,3.38,50704
2018-12-13,3.39,3.48,3.37,3.4,59656
2018-12-14,3.36,3.4,3.27,3.32,72692
2018-12-17,3.28,3.3,3.1601,3.27,68124
2018-12-18,3.29,3.39,3.26,3.27,36102
2018-12-19,3.27,3.31,3.16,3.18,54111
2018-12-20,3.21,3.29,3.16,3.19,82724
2018-12-21,3.17,3.21,3.14,3.2,139026
2018-12-24,3.14,3.2,2.71,3.05,35145
2018-12-26,3.04,3.19,3.01,3.15,65490
2018-12-27,3.06,3.3,2.98,3.02,40525
2018-12-28,3.0275,3.18,3.0275,3.14,52526
2018-12-31,3.18,3.42,3.12,3.23,62234
2019-01-02,3.18,3.5,3.0801,3.49,27017
2019-01-03,3.3,3.5,3.23,3.46,20485
2019-01-04,3.5,3.5,3.31,3.5,54435
2019-01-07,3.5,3.89,3.427,3.7,131625
2019-01-08,3.75,3.97,3.69,3.72,30805
2019-01-09,3.76,3.924,3.73,3.78,50908
2019-01-10,3.73,3.94,3.59,3.89,22330
2019-01-11,3.86,3.94,3.83,3.9,20155
2019-01-14,3.84,3.98,3.72,3.81,35689
2019-01-15,3.8,4.38,3.7,4.32,246426
2019-01-16,4.3,5.05,4.3,5.0,252659
2019-01-17,5.08,5.2,4.2,4.95,153757
2019-01-18,4.56,5.115,4.5,5.1,75784
2019-01-22,5.2,5.9,4.9605,5.17,400179
2019-01-23,5.2,5.56,5.16,5.23,68863
2019-01-24,5.15,5.16,4.86,4.99,67894
2019-01-25,5.0,5.17,4.888,5.1,39899
2019-01-28,4.9,5.37,4.9,5.22,59434
2019-01-29,5.27,5.333,5.05,5.17,23124
2019-01-30,5.18,5.18,5.03,5.18,35979
2019-01-31,5.11,5.4,5.003,5.2,138086
2019-02-01,5.2,5.38,5.09,5.35,31152
2019-02-04,5.39,5.39,5.19,5.26,40327
2019-02-05,5.18,5.34,5.11,5.21,34616
2019-02-06,5.33,5.393,5.1,5.23,20926
2019-02-07,5.29,5.304,5.07,5.14,26451
2019-02-08,5.18,5.18,4.92,4.96,33541
2019-02-11,5.0,5.05,4.935,5.01,44632
2019-02-12,4.93,5.15,4.891,5.1,67513
2019-02-13,5.07,5.08,4.51,4.56,108186
2019-02-14,4.56,4.61,4.38,4.5,85212
2019-02-15,5.08,5.4,4.75,5.085,817106
2019-02-19,5.2,5.2261,4.94,5.12,84816
2019-02-20,5.05,5.25,5.05,5.16,61607
2019-02-21,5.13,5.31,5.13,5.22,34232
2019-02-22,5.25,5.38,5.13,5.31,29664
2019-02-25,5.38,6.16,5.36,6.06,219358
2019-02-26,6.25,6.75,6.187,6.69,213784
2019-02-27,6.72,7.65,6.3,7.22,206877
2019-02-28,7.24,7.45,6.96,7.16,242308
2019-03-01,7.15,7.249,6.01,6.18,172951
2019-03-04,6.18,6.83,6.07,6.83,47091
2019-03-05,6.82,6.87,5.4,5.45,346439
2019-03-06,5.4,5.668,5.4,5.61,481072
2019-03-07,5.57,5.625,5.3,5.52,154400
2019-03-08,5.44,5.56,5.41,5.51,122299
2019-03-11,5.6,5.6,5.41,5.51,116065
2019-03-12,5.55,5.578,5.46,5.5,106112
2019-03-13,5.51,5.59,5.45,5.54,263523
2019-03-14,5.52,5.55,5.46,5.54,211212
2019-03-15,5.54,5.68,5.4206,5.68,168060
2019-03-18,5.78,5.822,5.54,5.7,182585
2019-03-19,5.62,5.79,5.52,5.7,228214
2019-03-20,5.675,5.95,5.62,5.85,118509
2019-03-21,5.81,6.0,5.75,5.92,76925
2019-03-22,5.9,5.9,5.524,5.59,54769
2019-03-25,5.6,5.6,5.25,5.51,153230
2019-03-26,5.5,5.63,5.0,5.52,66461
2019-03-27,5.52,5.54,5.3,5.48,74119
2019-03-28,5.53,5.7,5.4,5.66,152940
2019-03-29,5.89,5.89,5.67,5.84,142227
2019-04-01,5.9,6.405,5.63,6.22,237145
2019-04-02,6.22,6.47,5.9,5.99,132302
2019-04-03,6.0,6.233,5.564,5.71,129624
2019-04-04,5.7,6.02,5.61,5.8,63635
2019-04-05,5.79,5.97,5.63,5.63,34664
2019-04-08,5.63,5.795,5.12,5.19,128615
2019-04-09,5.41,5.5,5.11,5.15,176054
2019-04-10,5.17,5.7,5.17,5.66,62751
2019-04-11,5.63,5.74,5.53,5.61,44613
2019-04-12,5.66,5.66,5.37,5.44,37992
2019-04-15,5.43,5.44,5.11,5.17,142185
2019-04-16,5.2,5.27,5.09,5.18,38838
2019-04-17,5.19,5.32,4.66,5.2,108978
2019-04-18,5.2,5.4,5.12,5.33,36045
2019-04-22,5.45,5.85,5.21,5.75,205837
2019-04-23,5.74,5.885,5.531,5.82,63375
2019-04-24,5.81,5.87,5.58,5.65,45897
2019-04-25,5.58,5.78,5.5,5.6,73531
2019-04-26,5.6,5.65,5.39,5.49,114832
2019-04-29,5.44,5.58,5.26,5.49,82610
2019-04-30,5.397,5.49,5.23,5.44,26566
2019-05-01,5.45,5.49,5.28,5.31,28726
2019-05-02,5.23,5.44,5.23,5.44,34113
2019-05-03,5.36,5.65,5.36,5.57,25261
2019-05-06,5.35,5.53,5.33,5.46,77309
2019-05-07,5.485,5.59,5.34,5.35,59202
2019-05-08,5.27,5.39,4.96,5.12,165771
2019-05-09,5.0,5.03,4.79,4.82,125973
2019-05-10,4.88,5.03,4.77,5.02,146182
2019-05-13,5.18,5.19,4.75,4.97,124663
2019-05-14,4.98,5.4,4.85,5.29,94184
2019-05-15,5.27,5.54,5.26,5.49,156560
2019-05-16,5.49,5.49,4.8,5.26,92675
2019-05-17,5.28,5.43,5.21,5.37,52149
2019-05-20,5.28,5.43,5.14,5.31,41691
2019-05-21,5.33,5.47,5.29,5.3,70282
2019-05-22,5.24,5.35,5.15,5.2,17681
2019-05-23,5.17,5.17,4.99,5.04,43407
2019-05-24,5.06,5.07,4.91,4.98,65664
2019-05-28,4.96,5.0,4.85,4.96,38557
2019-05-29,4.91,4.91,4.44,4.49,263449
2019-05-30,4.51,5.15,4.51,4.97,110016
2019-05-31,4.91,4.99,4.701,4.88,41195
2019-06-03,4.88,5.04,4.67,4.72,121192
2019-06-04,4.77,5.09,4.74,5.01,53028
2019-06-05,4.99,5.08,4.67,4.97,49987
2019-06-06,4.97,5.04,4.77,4.87,43507
2019-06-07,4.87,5.05,4.8,4.85,134517
2019-06-10,4.86,5.13,4.629,4.98,252621
2019-06-11,5.0,5.37,4.9,5.25,268612
2019-06-12,5.21,5.49,5.21,5.4,165438
2019-06-13,5.42,5.77,5.385,5.71,167310
2019-06-14,5.69,5.972,5.3,5.34,126319
2019-06-17,5.35,5.49,5.15,5.15,82206
2019-06-18,5.31,5.31,5.05,5.13,216302
2019-06-19,5.15,5.195,4.93,5.05,72596
2019-06-20,5.07,5.13,4.9,4.93,73504
2019-06-21,4.95,5.01,4.68,5.0,136596
2019-06-24,4.97,4.99,4.74,4.91,106140
2019-06-25,4.97,5.0,4.8,4.88,103897
2019-06-26,4.99,4.99,4.81,4.9,135498
2019-06-27,4.9,5.14,4.8,4.88,136715
2019-06-28,4.85,5.5,4.75,5.44,3035578
2019-07-01,5.53,5.93,5.38,5.65,526726
2019-07-02,5.64,5.65,5.0,5.09,645452
2019-07-03,5.1,5.64,5.1,5.4,134586
2019-07-05,5.41,5.41,5.247,5.4,59294
2019-07-08,5.38,5.43,5.15,5.29,140712
2019-07-09,5.23,5.4,5.23,5.37,79428
2019-07-10,5.37,5.46,5.29,5.4,51211
2019-07-11,5.39,5.42,5.12,5.25,60759
2019-07-12,5.21,5.21,4.91,4.97,66787
2019-07-15,4.97,4.97,4.78,4.85,62481
2019-07-16,4.89,5.0,4.78,4.9,45187
2019-07-17,4.82,4.83,4.55,4.65,122102
2019-07-18,4.65,4.67,4.58,4.62,38417
2019-07-19,4.57,4.64,4.55,4.6,52096
2019-07-22,4.63,4.66,4.5,4.53,46721
2019-07-23,4.5,4.53,4.23,4.39,95929
2019-07-24,4.31,4.55,4.2,4.47,65748
2019-07-25,4.45,4.47,4.23,4.25,42151
2019-07-26,4.24,4.35,4.21,4.31,44120
2019-07-29,4.3,4.426,4.18,4.25,68484
2019-07-30,4.17,4.3,4.12,4.17,69145
2019-07-31,4.12,4.33,3.88,4.03,112836
2019-08-01,4.03,4.295,3.71,3.72,64087
2019-08-02,3.61,3.67,3.47,3.61,137814
2019-08-05,3.51,3.514,3.29,3.32,124944
2019-08-06,3.32,3.41,3.2,3.25,84389
2019-08-07,3.25,3.335,2.92,2.93,131163
2019-08-08,2.95,3.595,2.92,3.54,98932
2019-08-09,3.55,3.66,3.2,3.21,87072
2019-08-12,3.2,3.27,3.12,3.23,46764
2019-08-13,3.24,3.36,3.13,3.35,67514
2019-08-14,3.27,3.53,3.21,3.46,112159
2019-08-15,3.48,3.67,3.46,3.59,59117
2019-08-16,3.61,3.662,3.371,3.52,48331
2019-08-19,3.55,3.79,3.45,3.72,47390
2019-08-20,3.71,4.04,3.66,3.83,33876
2019-08-21,4.02,4.22,3.84,3.94,90609
2019-08-22,3.94,3.94,3.52,3.52,38530
2019-08-23,3.53,3.53,3.2,3.21,56851
2019-08-26,3.27,3.58,3.22,3.34,67868
2019-08-27,3.36,3.42,2.96,2.99,173397
2019-08-28,3.0,3.23,2.935,3.1,138088
2019-08-29,3.1,3.37,2.92,3.33,140148
2019-08-30,3.36,3.65,3.15,3.24,77467
2019-09-03,3.24,3.26,2.94,2.97,64280
2019-09-04,3.05,3.375,2.97,3.02,71922
2019-09-05,3.05,3.13,2.91,3.1,50080
2019-09-06,3.1,3.1,2.91,2.93,99847
2019-09-09,3.0,3.38,3.0,3.24,133189
2019-09-10,3.29,3.54,3.25,3.41,130690
2019-09-11,3.45,3.67,3.35,3.59,81140
2019-09-12,3.67,3.85,3.59,3.75,87568
2019-09-13,3.78,3.78,3.45,3.57,145694
2019-09-16,3.7,4.02,3.45,3.47,109696
2019-09-17,3.46,3.56,3.35,3.4,85408
2019-09-18,3.41,3.54,3.26,3.34,72513
2019-09-19,3.38,3.45,3.26,3.34,66435
2019-09-20,3.34,3.43,3.14,3.37,207740
2019-09-23,3.33,3.62,3.33,3.57,32791
2019-09-24,3.59,3.59,3.37,3.41,53925
2019-09-25,3.41,3.75,3.27,3.73,89531
2019-09-26,3.71,3.71,3.35,3.37,44526
2019-09-27,3.4,3.4,3.205,3.27,23175
2019-09-30,3.26,3.42,3.1,3.29,59681
2019-10-01,3.32,3.48,3.1,3.11,28091
2019-10-02,3.1,3.19,3.02,3.17,48727
2019-10-03,3.15,3.273,3.1,3.17,23029
2019-10-04,3.2,3.2,3.12,3.15,22475
2019-10-07,3.15,3.33,3.15,3.16,12455
2019-10-08,3.07,3.11,3.0,3.01,46487
2019-10-09,3.01,3.26,2.966,2.99,31210
2019-10-10,3.07,3.13,3.0,3.1,22369
2019-10-11,3.2,3.2,3.09,3.12,23721
2019-10-14,3.2,3.69,3.2,3.42,114025
2019-10-15,3.48,3.53,3.35,3.47,42351
2019-10-16,3.41,3.54,3.4,3.44,22877
2019-10-17,3.48,3.54,3.42,3.47,32505
2019-10-18,3.43,3.5,3.344,3.39,18354
2019-10-21,3.5,3.5,3.17,3.2,47816
2019-10-22,3.18,3.28,3.11,3.22,36495
2019-10-23,3.27,3.35,3.12,3.29,37368
2019-10-24,3.33,3.42,3.16,3.39,25672
2019-10-25,3.4,3.455,3.26,3.3,20244
2019-10-28,3.35,3.47,3.32,3.37,37752
2019-10-29,3.36,3.41,3.23,3.3,70027
2019-10-30,3.28,3.33,3.11,3.22,50346
2019-10-31,3.18,3.45,3.1,3.44,69176
2019-11-01,3.336,3.6,3.336,3.49,42694
2019-11-04,3.52,3.62,3.43,3.44,23746
2019-11-05,3.33,3.45,3.27,3.37,26031
2019-11-06,3.35,3.48,3.35,3.44,17729
2019-11-07,3.49,3.57,3.46,3.54,33937
2019-11-08,3.5,3.65,3.34,3.37,56052
2019-11-11,3.4,3.517,3.35,3.35,25653
2019-11-12,3.35,3.6,3.31,3.35,54287
2019-11-13,3.36,3.41,3.28,3.33,20114
2019-11-14,3.38,3.4,2.98,3.02,71569
2019-11-15,3.0,3.03,2.921,2.99,104645
2019-11-18,3.0,3.13,2.98,3.11,125485
2019-11-19,3.13,3.41,3.13,3.36,29175
2019-11-20,3.35,3.39,2.95,3.17,162359
2019-11-21,3.205,3.21,2.943,2.96,52017
2019-11-22,3.0,3.345,2.91,3.33,109395
2019-11-25,3.32,3.44,3.32,3.38,68976
2019-11-26,3.41,3.42,3.34,3.37,37723
2019-11-27,3.41,3.6,3.31,3.57,61458
2019-11-29,3.58,3.78,3.56,3.77,64518
2019-12-02,3.97,3.97,3.59,3.67,43024
2019-12-03,3.76,3.78,3.51,3.55,47584
2019-12-04,3.6,3.8,3.51,3.7,24901
2019-12-05,3.71,3.77,3.35,3.37,38177
2019-12-06,3.44,4.06,3.44,4.0,114859
2019-12-09,4.0,4.0,3.67,3.72,69380
2019-12-10,3.75,4.007,3.68,3.84,101644
2019-12-11,3.92,4.575,3.9,4.18,201774
2019-12-12,4.16,4.673,4.04,4.4,141122
2019-12-13,4.74,4.789,4.26,4.41,130834
2019-12-16,4.45,4.52,4.07,4.47,90977
2019-12-17,4.47,4.47,4.3,4.39,38193
2019-12-18,4.46,4.46,3.98,4.34,99121
2019-12-19,4.02,4.59,4.02,4.28,117116
2019-12-20,4.31,4.47,4.2,4.28,124317
2019-12-23,4.34,5.31,4.29,5.28,530027
2019-12-24,5.25,6.19,5.25,5.71,693340
2019-12-26,5.76,5.881,5.43,5.5,67974
2019-12-27,5.49,5.6,5.1,5.13,75368
2019-12-30,5.13,5.33,4.23,5.2,219673
2019-12-31,5.14,5.41,5.0,5.39,62059
2020-01-02,5.37,5.37,4.95,5.03,77603
2020-01-03,4.99,5.25,4.51,4.71,90772
2020-01-06,4.53,4.88,4.26,4.51,213829
2020-01-07,4.42,4.6,4.28,4.485,45806
2020-01-08,4.44,4.73,4.44,4.67,68907
2020-01-09,4.56,4.83,4.56,4.68,72539
2020-01-10,4.98,5.18,4.81,4.93,164863
2020-01-13,4.93,4.93,4.53,4.78,61786
2020-01-14,4.79,5.0,4.69,4.81,80677
2020-01-15,4.79,4.94,4.75,4.89,59991
2020-01-16,4.98,5.2,4.85,5.08,131861
2020-01-17,5.14,5.19,5.011,5.03,63098
2020-01-21,5.02,5.02,4.76,4.92,48292
2020-01-22,5.0,5.0,4.76,4.79,50892
2020-01-23,4.8,4.801,4.56,4.62,37091
2020-01-24,4.68,4.73,4.52,4.61,29894
2020-01-27,4.47,4.49,4.25,4.36,53842
2020-01-28,4.28,4.59,4.28,4.48,47368
2020-01-29,4.4,4.446,4.2,4.34,39656
2020-01-30,4.22,4.4,4.1,4.33,32289
2020-01-31,4.3,4.3,3.92,3.95,77437
2020-02-03,3.96,4.2,3.95,3.98,74845
2020-02-04,3.96,4.17,3.91,4.09,39000
2020-02-05,4.19,4.19,3.591,3.74,151231
2020-02-06,3.91,4.35,3.9,4.27,210135
2020-02-07,4.26,4.48,4.07,4.27,171287
2020-02-10,4.2,4.273,3.85,4.03,88646
2020-02-11,4.03,4.08,3.9,4.0,73136
2020-02-12,4.0,4.06,3.82,4.0,48583
2020-02-13,3.93,4.0,3.9,3.94,24983
2020-02-14,3.9,3.92,3.76,3.83,52890
2020-02-18,3.87,4.1,3.83,4.0,64150
2020-02-19,4.04,4.09,3.99,4.02,36464
2020-02-20,4.0,4.08,3.82,4.03,36511
2020-02-21,4.03,4.07,3.92,4.05,35326
2020-02-24,3.83,3.967,3.64,3.66,93565
2020-02-25,3.66,3.66,3.43,3.435,85715
2020-02-26,3.44,3.6,3.3,3.38,47411
2020-02-27,3.34,3.383,2.96,2.97,126022
2020-02-28,2.85,3.09,2.767,3.05,181112
2020-03-02,3.07,3.4,2.99,3.37,85959
2020-03-03,3.37,3.43,3.0,3.08,123482
2020-03-04,3.24,3.28,3.05,3.23,62346
2020-03-05,3.08,3.29,3.01,3.05,67844
2020-03-06,2.89,3.06,2.74,2.85,120732
2020-03-09,2.55,2.74,2.55,2.62,118012
2020-03-10,2.62,2.925,2.508,2.74,123510
2020-03-11,2.62,2.79,2.35,2.41,119073
2020-03-12,1.78,2.36,1.78,2.04,186470
2020-03-13,1.91,2.18,1.91,2.18,125159
2020-03-16,1.61,2.05,1.52,1.7,196028
2020-03-17,1.91,2.05,1.64,2.05,111104
2020-03-18,1.95,2.07,1.8,2.02,125510
2020-03-19,2.05,2.76,2.02,2.74,138130
2020-03-20,2.83,2.92,2.36,2.69,213351
2020-03-23,2.73,2.79,2.325,2.74,158465
2020-03-24,2.86,2.97,2.74,2.97,157914
2020-03-25,2.96,2.99,2.6,2.64,97521
2020-03-26,2.89,2.89,2.47,2.61,266924
2020-03-27,2.54,2.64,2.22,2.36,475454
2020-03-30,2.4,2.59,2.24,2.4,298097
2020-03-31,2.42,2.48,2.22,2.48,184811
2020-04-01,2.38,2.53,2.23,2.25,141970
2020-04-02,2.27,2.287,2.03,2.14,117261
2020-04-03,2.1,2.22,2.03,2.18,94741
2020-04-06,2.26,2.46,2.22,2.34,146069
2020-04-07,2.44,2.54,2.15,2.15,120340
2020-04-08,2.23,2.51,2.23,2.42,139311
2020-04-09,2.33,2.58,2.33,2.57,107780
2020-04-13,2.57,2.86,2.31,2.77,149727
2020-04-14,2.83,2.93,2.6,2.85,178406
2020-04-15,2.72,2.86,2.56,2.75,236290
2020-04-16,2.75,2.75,2.55,2.66,136068
2020-04-17,2.77,2.83,2.63,2.8,151578
2020-04-20,2.73,2.83,2.53,2.63,91366
2020-04-21,2.6,2.63,2.45,2.59,93232
2020-04-22,2.61,2.617,2.5,2.6,94603
2020-04-23,2.55,2.65,2.49,2.54,107915
2020-04-24,2.59,2.63,2.48,2.58,114879
2020-04-27,2.6,2.68,2.48,2.57,268973
2020-04-28,2.65,2.65,2.38,2.46,332669
2020-04-29,2.52,2.63,2.38,2.49,212100
2020-04-30,2.48,2.5,2.31,2.37,190565
2020-05-01,2.38,2.38,2.21,2.3,119388
2020-05-04,2.3,2.3,1.97,2.2,442717
2020-05-05,2.22,2.3,2.17,2.25,129069
2020-05-06,2.27,2.31,2.23,2.28,98126
2020-05-07,2.26,2.38,2.19,2.28,148604
2020-05-08,2.28,2.35,2.26,2.33,79735
2020-05-11,2.35,2.42,2.28,2.28,222689
2020-05-12,2.29,2.38,2.15,2.16,328073
2020-05-13,2.11,2.3,2.11,2.3,179058
2020-05-14,2.27,2.32,2.12,2.24,242698
2020-05-15,2.24,2.37,2.21,2.36,116766
2020-05-18,2.4,2.46,2.35,2.42,152571
2020-05-19,2.4,2.44,2.26,2.29,114951
2020-05-20,2.33,2.36,2.25,2.32,195045
2020-05-21,2.3,2.34,2.204,2.26,226218
2020-05-22,2.27,2.39,2.25,2.38,94342
2020-05-26,2.61,2.68,2.41,2.43,522746
2020-05-27,2.46,2.94,2.36,2.73,333338
2020-05-28,3.0,3.39,2.76,2.925,2287243
2020-05-29,2.93,3.67,2.62,3.23,1098181
2020-06-01,3.2,3.22,2.75,2.96,406007
2020-06-02,2.96,3.04,2.83,2.92,228768
2020-06-03,2.88,2.94,2.515,2.6,322510
2020-06-04,2.61,2.72,2.56,2.65,336773
2020-06-05,2.7,2.94,2.68,2.73,285726
2020-06-08,2.81,3.306,2.74,3.22,856981
2020-06-09,2.75,2.84,2.59,2.82,4237040
2020-06-10,2.82,2.86,2.66,2.68,1148490
2020-06-11,2.6,2.63,2.37,2.44,964771
2020-06-12,2.74,2.78,2.44,2.53,1500628
2020-06-15,2.48,2.65,2.45,2.58,832830
2020-06-16,2.74,2.74,2.51,2.56,834550
2020-06-17,2.6,2.61,2.46,2.52,908696
2020-06-18,2.49,2.637,2.46,2.51,504246
2020-06-19,2.54,2.63,2.52,2.58,468908
2020-06-22,2.62,2.64,2.54,2.63,321500
2020-06-23,2.63,2.668,2.55,2.57,430334
2020-06-24,2.55,2.61,2.47,2.51,441328
2020-06-25,2.52,2.59,2.474,2.57,319297
2020-06-26,2.54,2.57,2.37,2.41,1483869
2020-06-29,2.51,2.59,2.425,2.53,528755
2020-06-30,2.56,2.6,2.46,2.6,484766
2020-07-01,2.6,2.67,2.53,2.56,445096
2020-07-02,2.6,2.6,2.51,2.57,267601
2020-07-06,2.6,2.64,2.54,2.59,304037
2020-07-07,2.61,2.65,2.56,2.62,324964
2020-07-08,2.62,2.64,2.51,2.6,561161
2020-07-09,2.62,2.63,2.52,2.56,283735
2020-07-10,2.57,2.59,2.52,2.57,219864
2020-07-13,2.59,2.65,2.45,2.46,648447
2020-07-14,2.53,2.56,2.4,2.49,450898
2020-07-15,2.55,2.6,2.47,2.58,342715
2020-07-16,2.6,2.73,2.58,2.7,609179
2020-07-17,2.71,2.79,2.64,2.75,800265
2020-07-20,2.75,2.8,2.67,2.76,538768
2020-07-21,2.95,3.25,2.745,3.06,3575548
2020-07-22,3.09,3.0999,2.8,2.91,1045287
2020-07-23,2.89,2.93,2.7,2.74,770848
2020-07-24,2.73,2.86,2.72,2.81,472350
2020-07-27,2.84,2.85,2.7,2.71,475901
2020-07-28,2.71,2.77,2.64,2.72,515761
2020-07-29,2.73,2.73,2.635,2.65,237997
2020-07-30,2.66,3.0,2.59,2.79,1642931
2020-07-31,2.88,2.88,2.655,2.73,687103
2020-08-03,2.75,2.78,2.66,2.72,458527
2020-08-04,2.74,3.0,2.66,2.87,2082683
2020-08-05,2.89,3.12,2.84,3.07,1690045
2020-08-06,2.98,3.03,2.76,2.88,1247089
2020-08-07,2.88,2.915,2.79,2.84,363003
2020-08-10,2.83,2.885,2.81,2.86,255914
2020-08-11,2.87,2.92,2.74,2.77,705034
2020-08-12,2.78,2.822,2.53,2.6,741827
2020-08-13,2.63,2.6902,2.5,2.52,548744
2020-08-14,2.51,2.64,2.5,2.57,441333
2020-08-17,2.56,2.715,2.55,2.67,445010
2020-08-18,2.68,2.76,2.6094,2.73,464705
2020-08-19,2.74,2.7967,2.6813,2.72,233735
2020-08-20,2.66,2.74,2.635,2.7,276577
2020-08-21,2.68,2.6837,2.54,2.56,364005
2020-08-24,2.6,2.6,2.46,2.52,317033
2020-08-25,2.52,2.65,2.51,2.62,219702
2020-08-26,2.64,2.645,2.58,2.58,155730
2020-08-27,2.57,2.585,2.5,2.54,357214
2020-08-28,2.555,2.6199,2.5,2.54,221683
2020-08-31,2.52,2.53,2.44,2.46,306135
2020-09-01,2.46,2.47,2.25,2.29,950652
2020-09-02,2.27,2.3299,2.21,2.29,322899
2020-09-03,2.3,2.375,2.2,2.2,348816
2020-09-04,2.24,2.2669,2.125,2.23,406359
2020-09-08,2.22,2.46,2.19,2.4,560702
2020-09-09,2.44,2.59,2.44,2.56,532760
2020-09-10,2.65,2.67,2.56,2.57,324612
2020-09-11,2.57,2.65,2.53,2.58,260930
2020-09-14,2.62,2.805,2.62,2.77,498308
2020-09-15,2.76,2.85,2.71,2.73,266461
2020-09-16,2.72,2.79,2.66,2.665,214960
2020-09-17,2.64,2.8582,2.6134,2.84,345084
2020-09-18,2.86,2.96,2.71,2.78,1966884
2020-09-21,2.71,2.75,2.5,2.53,310210
2020-09-22,2.54,2.54,2.43,2.47,197184
2020-09-23,2.55,2.55,2.3,2.33,242372
2020-09-24,2.33,2.35,2.25,2.25,167570
2020-09-25,2.27,2.44,2.26,2.43,246867
2020-09-28,2.45,2.45,2.26,2.29,195767
2020-09-29,2.27,2.36,2.26,2.27,343038
2020-09-30,2.28,2.32,2.2,2.275,294437
2020-10-01,2.3,2.3,2.18,2.24,252271
2020-10-02,2.25,2.29,2.18,2.24,209147
2020-10-05,2.26,2.35,2.24,2.28,215192
2020-10-06,2.31,2.43,2.285,2.33,171596
2020-10-07,2.4,2.48,2.35,2.45,203612
2020-10-08,2.47,2.52,2.4422,2.45,132655
2020-10-09,2.48,2.5,2.43,2.45,105134
2020-10-12,2.46,2.56,2.44,2.48,152668
2020-10-13,2.48,2.535,2.4175,2.44,286794
2020-10-14,2.47,2.47,2.38,2.38,108262
2020-10-15,2.38,2.42,2.31,2.4,91281
2020-10-16,2.38,2.44,2.37,2.41,127609
2020-10-19,2.43,2.44,2.3,2.3,152167
2020-10-20,2.36,2.39,2.255,2.37,596331
2020-10-21,2.35,2.4351,2.3,2.3,114345
2020-10-22,2.355,2.355,2.26,2.26,499391
2020-10-23,2.3,2.36,2.27,2.32,789781
2020-10-26,2.31,2.34,2.23,2.25,109765
2020-10-27,2.23,2.28,2.15,2.15,258454
2020-10-28,2.12,2.125,2.02,2.08,165125
2020-10-29,2.08,2.18,2.05,2.17,149300
2020-10-30,2.14,2.216,2.05,2.06,143976
2020-11-02,2.07,2.09,1.98,2.02,137960
2020-11-03,2.01,2.1,2.01,2.1,160222
2020-11-04,2.07,2.14,2.05,2.08,106744
2020-11-05,2.08,2.1,2.06,2.09,126329
2020-11-06,2.1,2.1,2.0385,2.06,95020
2020-11-09,2.1,2.16,2.05,2.06,134526
2020-11-10,2.12,2.12,1.99,2.06,241686
2020-11-11,2.1,2.2,2.0319,2.18,220149
2020-11-12,2.27,2.27,2.1,2.22,237401
2020-11-13,2.28,2.28,2.18,2.21,129890
2020-11-16,2.24,2.29,2.2,2.275,163423
2020-11-17,2.24,2.36,2.24,2.34,178934
2020-11-18,2.32,2.35,2.3,2.31,179275
2020-11-19,2.31,2.32,2.21,2.3,167675
2020-11-20,2.28,2.35,2.2694,2.32,139265
2020-11-23,2.33,2.36,2.2,2.34,223264
2020-11-24,2.35,2.43,2.32,2.38,201656
2020-11-25,2.38,2.45,2.34,2.42,121305
2020-11-27,2.44,2.56,2.44,2.52,257417
2020-11-30,2.52,2.53,2.46,2.5,215700
2020-12-01,2.56,2.63,2.5,2.58,359271
2020-12-02,2.57,2.57,2.48,2.48,133528
2020-12-03,2.5,2.6,2.38,2.55,511191
2020-12-04,2.55,2.7,2.5,2.64,357432
2020-12-07,2.63,2.645,2.56,2.58,240705
2020-12-08,2.58,2.69,2.58,2.67,274879
2020-12-09,2.69,2.79,2.61,2.65,465692
2020-12-10,2.65,2.74,2.6109,2.72,271348
2020-12-11,2.72,2.72,2.6392,2.69,148743
2020-12-14,2.7,2.78,2.67,2.69,230035
2020-12-15,2.76,2.8,2.66,2.69,262369
2020-12-16,2.73,2.74,2.65,2.71,153703
2020-12-17,2.73,2.77,2.67,2.74,289725
2020-12-18,2.74,2.74,2.6063,2.64,453105
2020-12-21,2.56,2.72,2.5309,2.66,241106
2020-12-22,2.62,3.1,2.61,2.75,2399253
2020-12-23,2.72,2.81,2.68,2.75,238088
2020-12-24,2.75,2.76,2.6602,2.75,143290
2020-12-28,2.79,2.8,2.71,2.75,226374
2020-12-29,2.77,2.77,2.6,2.73,260202
2020-12-30,2.71,2.73,2.67,2.72,131039
2020-12-31,2.69,2.7,2.61,2.64,188746
2021-01-04,2.67,2.6738,2.56,2.64,152888
2021-01-05,3.07,3.18,2.82,2.92,3576330
2021-01-06,2.8481,3.01,2.81,2.85,576700
2021-01-07,2.84,2.93,2.84,2.91,448399
2021-01-08,2.7,2.77,2.5,2.5,3733145
2021-01-11,2.52,2.6,2.47,2.48,1186471
2021-01-12,2.49,2.5,2.36,2.48,1489343
2021-01-13,2.59,2.78,2.53,2.74,2978436
2021-01-14,2.79,2.83,2.67,2.75,1883534
2021-01-15,2.74,2.76,2.65,2.71,1068205
2021-01-19,2.8,2.96,2.71,2.9,1926100
2021-01-20,2.92,2.95,2.81,2.94,1148390
2021-01-21,2.98,3.12,2.85,3.09,1601587
2021-01-22,3.11,3.51,3.05,3.5,2776604
2021-01-25,3.385,3.47,3.2094,3.4,1966422
2021-01-26,3.4,3.56,3.3,3.32,1382832
2021-01-27,3.2,3.28,3.0005,3.03,1405283
2021-01-28,3.0,3.23,2.96,3.16,1064747
2021-01-29,3.2751,3.29,3.04,3.15,1093347
2021-02-01,3.22,3.24,2.99,3.15,1140737
2021-02-02,3.2,3.3,3.13,3.22,915198
2021-02-03,3.21,3.3,3.2,3.23,852401
2021-02-04,3.23,3.42,3.22,3.42,1074439
2021-02-05,3.44,3.49,3.35,3.44,628162
2021-02-08,3.43,3.65,3.43,3.63,799450
2021-02-09,3.65,3.94,3.65,3.88,1081422
2021-02-10,3.88,4.09,3.7,3.74,1197499
2021-02-11,3.77,3.87,3.58,3.64,555553
2021-02-12,3.83,3.99,3.68,3.96,1188998
2021-02-16,3.983,4.32,3.96,4.18,1337773
2021-02-17,4.16,4.295,4.025,4.17,1136470
2021-02-18,4.15,4.27,3.99,4.07,792119
2021-02-19,4.08,4.45,4.08,4.34,1533304
2021-02-22,4.27,4.5,4.0285,4.05,951151
2021-02-23,3.85,3.85,3.5,3.67,1024763
2021-02-24,3.78,3.98,3.74,3.89,561730
2021-02-25,3.9,3.9,3.53,3.64,547914
2021-02-26,3.58,3.7,3.36,3.37,1194331
2021-03-01,3.54,3.743,3.5,3.73,526840
2021-03-02,4.14,4.15,3.62,3.66,2021990
2021-03-03,3.63,3.67,3.3701,3.45,614837
2021-03-04,3.385,3.5,3.0944,3.23,924767
2021-03-05,3.26,3.285,2.8701,3.1,986772
2021-03-08,3.16,3.27,3.035,3.06,482168
2021-03-09,3.09,3.42,3.09,3.32,552381
2021-03-10,3.38,3.395,3.15,3.15,439742
2021-03-11,3.25,3.37,3.2,3.32,262177
2021-03-12,3.31,3.41,3.2,3.39,263716
2021-03-15,3.52,3.52,3.32,3.34,321213
2021-03-16,3.36,3.36,3.17,3.29,210287
2021-03-17,3.24,3.43,3.19,3.39,271571
2021-03-18,3.35,3.45,3.21,3.23,241567
2021-03-19,3.25,3.39,3.17,3.21,1174089
2021-03-22,3.25,3.37,3.15,3.34,556583
2021-03-23,3.32,3.32,3.05,3.1,341847
2021-03-24,3.16,3.16,2.95,2.97,304879
2021-03-25,2.94,2.99,2.81,2.96,309887
2021-03-26,2.98,2.99,2.84,2.98,215284
2021-03-29,3.07,3.07,2.8,2.83,393125
2021-03-30,2.81,2.95,2.795,2.9,156258
2021-03-31,2.91,3.03,2.91,3.02,154575
2021-04-01,3.03,3.05,2.96,3.05,160243
2021-04-05,3.05,3.05,2.9513,3.02,109480
2021-04-06,3.0,3.02,2.95,2.99,246576
2021-04-07,2.99,3.53,2.93,3.03,2139266
2021-04-08,3.02,3.065,2.93,2.97,304811
2021-04-09,2.95,2.95,2.8,2.81,330819
2021-04-12,2.84,2.84,2.65,2.72,322583
2021-04-13,2.72,2.73,2.45,2.61,1118375
2021-04-14,2.64,2.78,2.56,2.58,462265
2021-04-15,2.63,2.655,2.51,2.6,326378
2021-04-16,2.63,2.63,2.415,2.51,409191
2021-04-19,2.52,2.52,2.33,2.4,472752
2021-04-20,2.47,2.5458,2.28,2.34,575956
2021-04-21,2.42,2.6299,2.32,2.53,971287
2021-04-22,2.5658,2.5658,2.43,2.51,500584
2021-04-23,2.4634,2.6,2.43,2.55,450753
2021-04-26,2.56,2.68,2.56,2.61,377117
2021-04-27,2.8396,3.07,2.78,2.84,2271650
2021-04-28,2.9,2.91,2.72,2.85,678822
2021-04-29,2.88,2.91,2.69,2.78,365327
2021-04-30,2.7,3.17,2.69,3.14,1223778
2021-05-03,3.17,3.2,2.99,3.09,707595
2021-05-04,3.1558,3.1558,2.9,2.91,466887
2021-05-05,2.92,2.95,2.7825,2.8,328927
2021-05-06,2.75,2.78,2.63,2.76,479481
2021-05-07,2.78,2.81,2.64,2.72,306380
2021-05-10,2.69,2.72,2.5101,2.54,433036
2021-05-11,2.8916,3.3,2.41,2.61,69195317
2021-05-12,2.4741,2.5199,2.31,2.36,3710254
2021-05-13,2.38,2.38,2.06,2.25,2217820
2021-05-14,2.25,2.27,2.09,2.2,1190025
2021-05-17,2.18,2.265,2.13,2.23,604061
2021-05-18,2.18,2.385,2.17,2.27,1005978
2021-05-19,2.38,2.59,2.355,2.59,2805345
2021-05-20,2.54,2.7,2.5,2.7,1554024
2021-05-21,2.74,2.74,2.55,2.63,1026570
2021-05-24,2.6,2.74,2.57,2.58,951784
2021-05-25,2.61,2.67,2.56,2.59,770418
2021-05-26,2.61,2.68,2.5901,2.66,467988
2021-05-27,2.67,2.7,2.6,2.62,579520
2021-05-28,2.68,2.74,2.63,2.64,618845
2021-06-01,2.65,2.89,2.63,2.78,926460
2021-06-02,2.78,2.89,2.77,2.81,619510
2021-06-03,2.83,2.86,2.72,2.73,496393
2021-06-04,2.91,2.95,2.85,2.9,818433
2021-06-07,2.93,3.35,2.91,3.25,1938814
2021-06-08,3.25,3.33,3.11,3.33,1274126
2021-06-09,3.28,3.67,3.2629,3.56,1323805
2021-06-10,3.6,3.6,3.37,3.54,1003067
2021-06-11,3.55,3.55,3.2298,3.46,1231441
2021-06-14,3.47,3.56,3.35,3.52,891917
2021-06-15,3.57,3.61,3.46,3.56,787846
2021-06-16,3.52,3.64,3.46,3.53,717767
2021-06-17,3.53,3.57,3.46,3.52,475962
2021-06-18,3.51,3.7,3.43,3.67,1366552
2021-06-21,3.66,3.66,3.45,3.57,1050698
2021-06-22,3.57,3.57,3.42,3.5,530757
2021-06-23,3.47,3.66,3.47,3.65,1186187
2021-06-24,3.63,3.63,3.52,3.54,422760
2021-06-25,3.54,3.61,3.49,3.56,1491459
2021-06-28,3.56,3.65,3.44,3.5,560609
2021-06-29,3.51,3.51,3.22,3.29,699935
2021-06-30,3.26,3.34,3.21,3.27,350816
2021-07-01,3.32,3.41,3.25,3.39,473141
2021-07-02,3.43,3.43,3.238,3.31,315142
2021-07-06,3.27,3.3,3.18,3.2,398851
2021-07-07,3.21,3.2461,3.0701,3.11,342317
2021-07-08,3.03,3.1569,2.96,3.11,493122
2021-07-09,3.12,3.3,3.095,3.26,259895
2021-07-12,3.27,3.29,3.1849,3.23,242074
2021-07-13,3.21,3.28,3.15,3.17,228846
2021-07-14,3.14,3.17,3.02,3.05,246672
2021-07-15,3.02,3.065,2.93,2.96,398814
2021-07-16,3.0,3.0697,2.86,2.86,296678
2021-07-19,2.82,2.9,2.74,2.85,425412
2021-07-20,2.87,3.03,2.86,2.91,634414
2021-07-21,2.97,3.08,2.94,3.06,405324
2021-07-22,3.09,3.09,2.9,2.9,325295
2021-07-23,2.93,2.96,2.8,2.85,199129
2021-07-26,2.85,2.875,2.71,2.78,2719688
2021-07-27,2.92,2.92,2.51,2.75,2137482
2021-07-28,2.72,2.845,2.68,2.75,385987
2021-07-29,2.75,2.805,2.69,2.69,301819
2021-07-30,2.68,2.72,2.64,2.66,351724
2021-08-02,2.66,2.7899,2.65,2.69,346279
2021-08-03,2.66,2.73,2.63,2.69,354687
2021-08-04,2.67,2.76,2.61,2.68,562528
2021-08-05,2.66,2.82,2.66,2.82,404856
2021-08-06,2.82,2.89,2.74,2.82,473817
2021-08-09,2.88,3.05,2.8302,3.02,558942
2021-08-10,2.98,3.1,2.95,2.96,339885
2021-08-11,2.96,3.06,2.88,3.06,473595
2021-08-12,3.02,3.03,2.9,2.93,407585
2021-08-13,2.92,2.9626,2.86,2.87,270557
2021-08-16,2.84,2.87,2.66,2.77,436485
2021-08-17,2.73,2.81,2.6899,2.79,273228
2021-08-18,2.79,2.87,2.72,2.78,210335
2021-08-19,2.8,2.8893,2.61,2.65,426536
2021-08-20,2.62,2.83,2.62,2.77,398040
2021-08-23,2.82,2.93,2.7711,2.89,2260463
2021-08-24,2.88,3.0,2.88,2.98,407364
2021-08-25,2.98,2.98,2.9,2.93,268049
2021-08-26,2.87,3.015,2.85,2.88,232858
2021-08-27,2.9,3.01,2.87,3.0,356356
2021-08-30,3.0,3.12,2.98,3.01,276159
2021-08-31,3.0,3.14,2.99,3.1,270620
2021-09-01,3.11,3.24,3.085,3.24,593784
2021-09-02,3.24,3.24,3.14,3.18,529585
2021-09-03,2.9,3.0823,2.8605,3.02,282624
2021-09-07,3.03,3.03,2.89,2.89,381358
2021-09-08,2.9,2.91,2.71,2.73,426868
2021-09-09,2.7,2.79,2.65,2.74,315800
2021-09-10,2.8,2.8264,2.7,2.7,288724
2021-09-13,2.71,2.725,2.605,2.67,338379
2021-09-14,2.67,2.7,2.525,2.56,582445
2021-09-15,2.21,2.49,2.18,2.31,3867904
2021-09-16,2.31,2.35,2.18,2.32,791431
2021-09-17,2.34,2.57,2.25,2.54,3297109
2021-09-20,2.44,2.52,2.36,2.39,912307
2021-09-21,2.42,2.47,2.35,2.45,593020
2021-09-22,2.48,2.5271,2.35,2.39,785802
2021-09-23,2.41,2.48,2.37,2.46,369776
2021-09-24,2.44,2.5,2.4,2.41,718002
2021-09-27,2.37,2.5,2.37,2.43,429576
2021-09-28,2.45,2.5,2.31,2.33,482874
2021-09-29,2.34,2.4246,2.23,2.25,468290
2021-09-30,2.28,2.3,2.1,2.18,1052812
2021-10-01,2.19,2.32,2.12,2.25,536647
2021-10-04,2.25,2.27,2.115,2.14,519644
2021-10-05,2.19,2.19,2.05,2.1,527031
2021-10-06,2.07,2.13,2.03,2.06,672756
2021-10-07,2.09,2.17,2.06,2.16,963055
2021-10-08,2.16,2.23,2.09,2.18,831426
2021-10-11,2.2,2.26,2.12,2.15,341080
2021-10-12,2.17,2.3,2.13,2.27,370264
2021-10-13,2.26,2.28,2.22,2.26,187175
2021-10-14,2.26,2.33,2.26,2.28,173861
2021-10-15,2.33,2.33,2.23,2.27,369552
2021-10-18,2.24,2.245,2.135,2.21,265558
2021-10-19,2.2,2.25,2.17,2.24,300699
2021-10-20,2.25,2.25,2.16,2.16,262955
2021-10-21,2.17,2.23,2.14,2.19,273242
2021-10-22,2.18,2.18,2.1,2.18,246090
2021-10-25,2.17,2.23,2.12,2.2,333932
2021-10-26,2.18,2.27,2.1,2.22,380671
2021-10-27,2.24,2.34,2.15,2.31,509982
2021-10-28,2.34,2.38,2.25,2.36,344861
2021-10-29,2.32,2.375,2.3,2.34,324524
2021-11-01,2.3,2.39,2.3,2.39,333575
2021-11-02,2.36,2.38,2.26,2.33,517051
2021-11-03,2.32,2.45,2.32,2.39,388181
2021-11-04,2.38,2.4,2.35,2.37,142006
2021-11-05,2.36,2.44,2.315,2.37,315341
2021-11-08,2.36,2.39,2.32,2.37,232778
2021-11-09,2.34,2.36,2.29,2.32,189683
2021-11-10,2.24,2.35,2.2221,2.28,270163
2021-11-11,2.28,2.33,2.21,2.31,170020
2021-11-12,2.29,2.33,2.23,2.29,244517
2021-11-15,2.29,2.31,2.19,2.25,236635
2021-11-16,2.32,2.32,2.18,2.23,219445
2021-11-17,2.22,2.2325,2.1525,2.18,221359
2021-11-18,2.18,2.18,2.09,2.15,377933
2021-11-19,2.13,2.215,2.11,2.17,245751
2021-11-22,2.2,2.25,2.15,2.22,411027
2021-11-23,2.25,2.28,2.07,2.19,620226
2021-11-24,2.16,2.2,2.11,2.17,165825
2021-11-26,2.1,2.15,2.04,2.09,234022
2021-11-29,2.1,2.125,2.0,2.02,356041
2021-11-30,2.03,2.08,1.91,2.0,311923
2021-12-01,2.04,2.09,1.86,1.87,266875
2021-12-02,1.89,1.91,1.79,1.87,342281
2021-12-03,1.9,1.95,1.7633,1.8,469714
2021-12-06,1.81,1.861,1.72,1.79,289792
2021-12-07,1.83,2.0,1.82,1.96,241828
2021-12-08,1.98,2.03,1.93,1.99,163516
2021-12-09,1.97,1.985,1.9,1.92,184540
2021-12-10,1.9,1.95,1.85,1.85,172994
2021-12-13,1.85,1.85,1.75,1.79,226835
2021-12-14,1.75,1.82,1.71,1.71,237434
2021-12-15,1.74,1.79,1.631,1.78,822343
2021-12-16,1.82,1.86,1.77,1.78,240645
2021-12-17,1.78,1.85,1.71,1.74,1147834
2021-12-20,1.72,1.8913,1.66,1.86,692973
2021-12-21,1.88,1.9,1.81,1.85,427424
2021-12-22,1.81,1.87,1.81,1.83,144944
2021-12-23,1.89,1.9,1.82,1.86,277160
2021-12-27,1.85,1.8699,1.75,1.76,247622
2021-12-28,1.76,1.8,1.67,1.69,364775
2021-12-29,1.69,1.69,1.62,1.64,267692
2021-12-30,1.63,1.715,1.6,1.67,435808
2021-12-31,1.65,1.75,1.65,1.7,353459
2022-01-03,1.7,1.86,1.67,1.81,376129
2022-01-04,1.85,1.8762,1.68,1.7,365187
2022-01-05,1.75,1.88,1.71,1.76,947019
2022-01-06,1.56,1.6,1.2,1.21,2728996
2022-01-07,1.2263,1.2263,0.98,1.04,2378959
2022-01-10,0.99,1.02,0.96,0.9755,1213732
2022-01-11,0.9755,0.9919,0.9294,0.9556,529652
2022-01-12,0.9986,1.06,0.97,1.03,1315403
2022-01-13,1.05,1.05,0.95,0.9589,962288
2022-01-14,0.9603,1.02,0.897,0.9998,601823
2022-01-18,0.99,0.99,0.86,0.9013,1131412
2022-01-19,0.91,0.924,0.813,0.84,1073633
2022-01-20,0.85,0.86,0.7812,0.8179,537929
2022-01-21,0.84,0.93,0.8121,0.8787,1132708
2022-01-24,0.89,0.9496,0.8595,0.9496,986642
2022-01-25,0.94,0.97,0.9,0.9618,449357
2022-01-26,0.9649,1.0,0.9201,0.9322,766736
2022-01-27,0.94,0.94,0.83,0.8899,419264
2022-01-28,0.8899,0.93,0.85,0.9228,398150
2022-01-31,0.9103,0.995,0.89,0.9829,284879
2022-02-01,0.9942,1.05,0.9334,1.0,250042
2022-02-02,0.9907,0.9925,0.9001,0.9098,265796
2022-02-03,0.9052,0.9418,0.8479,0.8909,292535
2022-02-04,0.9,0.9198,0.8518,0.8979,131513
2022-02-07,0.8931,0.99,0.8808,0.9168,367894
2022-02-08,0.9,0.95,0.86,0.8928,221874
2022-02-09,0.91,0.99,0.88,0.9502,394259
2022-02-10,0.9286,0.99,0.9115,0.9429,391561
2022-02-11,0.92,0.9895,0.8701,0.8782,274559
2022-02-14,0.86,0.9024,0.85,0.863,230220
2022-02-15,0.8576,0.917,0.8576,0.9,199302
2022-02-16,0.8923,0.94,0.866,0.9016,145980
2022-02-17,0.8721,0.8978,0.79,0.8253,593974
2022-02-18,0.8256,0.8392,0.8006,0.8256,202198
2022-02-22,0.8056,0.82,0.7412,0.7999,508652
2022-02-23,0.82,0.9,0.7851,0.864,446798
2022-02-24,0.72,0.8457,0.72,0.8314,513960
2022-02-25,0.85,0.85,0.78,0.785,279952
2022-02-28,0.7821,0.8,0.7031,0.7302,827808
2022-03-01,0.7679,0.84,0.76,0.8185,491389
2022-03-02,0.815,0.815,0.7698,0.7806,256842
2022-03-03,0.77,0.79,0.7,0.7157,471026
2022-03-04,0.72,0.7297,0.6811,0.7101,514244
2022-03-07,0.69,0.7044,0.61,0.6701,1250337
2022-03-08,0.7,0.73,0.686,0.7,197536
2022-03-09,0.71,0.7223,0.6855,0.7223,190591
2022-03-10,0.7223,0.7488,0.68,0.7046,179459
2022-03-11,0.7,0.7058,0.6701,0.6799,263489
2022-03-14,0.66,0.67,0.63,0.64,261634
2022-03-15,0.6654,0.6678,0.64,0.6478,183826
2022-03-16,0.67,0.74,0.650201,0.725,263950
2022-03-17,0.74,0.779899,0.6972,0.7525,193508
2022-03-18,0.7661,0.7726,0.7167,0.7167,367992
2022-03-21,0.71,0.7375,0.6619,0.6664,174201
2022-03-22,0.698,0.6993,0.67,0.6854,167043
2022-03-23,0.6804,0.699999,0.645,0.6629,201581
2022-03-24,0.66,0.69,0.64,0.6474,146162
2022-03-25,0.65,0.6731,0.6115,0.6314,327274
2022-03-28,0.635,0.68,0.6174,0.6336,276925
2022-03-29,0.6426,0.6854,0.6426,0.66,402665
2022-03-30,0.6792,0.691,0.65,0.6637,237528
2022-03-31,0.6601,0.73,0.6601,0.7247,362393
2022-04-01,0.74,0.9399,0.73,0.8712,850691
2022-04-04,0.87,0.9093,0.8211,0.8524,324966
2022-04-05,0.84,0.86,0.7815,0.7858,180170
2022-04-06,0.76,0.77,0.68,0.7431,289555
2022-04-07,0.7423,0.7423,0.68,0.7033,156651
2022-04-08,0.6963,0.705,0.6382,0.6524,225983
2022-04-11,0.6366,0.7,0.6226,0.6353,384208
2022-04-12,0.6607,0.6795,0.6141,0.6612,845886
2022-04-13,0.63,0.6572,0.6155,0.6248,295402
2022-04-14,0.63,0.6615,0.5905,0.5992,510958
2022-04-18,0.61,0.6346,0.59,0.6134,468507
2022-04-19,0.6152,0.64,0.56,0.62,503520
2022-04-20,0.62,0.62,0.57,0.572,300040
2022-04-21,0.5825,0.59,0.51,0.5701,423962
2022-04-22,0.554,0.5798,0.4805,0.5642,556213
2022-04-25,0.5553,0.5901,0.5201,0.5901,214477
2022-04-26,0.57,0.57,0.49,0.4938,361519
2022-04-27,0.5023,0.5023,0.4395,0.4415,432695
2022-04-28,0.448,0.467,0.4211,0.4448,240026
2022-04-29,0.44,0.446,0.4,0.4108,369126
2022-05-02,0.4212,0.44,0.4,0.4201,264472
2022-05-03,0.41,0.43,0.3922,0.4216,208132
2022-05-04,0.43,0.4375,0.3606,0.3939,1636861
2022-05-05,0.3799,0.4,0.311,0.3298,1175460
2022-05-06,0.3203,0.3362,0.2707,0.3308,1313622
2022-05-09,0.33,0.33,0.3,0.3136,224128
2022-05-10,0.3042,0.31,0.2605,0.2921,633238
2022-05-11,0.2917,0.2996,0.2019,0.2497,1341727
2022-05-12,0.2573,0.2759,0.2497,0.2751,552828
2022-05-13,0.2778,0.2794,0.2436,0.2499,703287
2022-05-16,0.2437,0.2734,0.24,0.2652,350437
2022-05-17,0.284,0.35,0.2837,0.3052,852139
2022-05-18,0.3,0.3324,0.3,0.326,363275
2022-05-19,0.3242,0.35,0.3023,0.32,278681
2022-05-20,0.3456,0.3456,0.3,0.3249,482716
2022-05-23,0.32,0.3433,0.3,0.3201,212059
2022-05-24,0.3057,0.335,0.3001,0.3208,179060
2022-05-25,0.32,0.3208,0.2957,0.3001,240948
2022-05-26,0.292,0.34,0.2913,0.32,182880
2022-05-27,0.32,0.3284,0.3,0.3193,194900
2022-05-31,0.3097,0.3745,0.3,0.3601,454061
2022-06-01,0.363,0.3665,0.3001,0.3201,327304
2022-06-02,0.3475,0.3475,0.31,0.311,198855
2022-06-03,0.311,0.456,0.31,0.3725,2438719
2022-06-06,0.3672,0.4351,0.3444,0.3472,744464
2022-06-07,0.3368,0.45,0.3142,0.43,757344
2022-06-08,0.415,0.47,0.4,0.4684,356420
2022-06-09,0.4811,0.5417,0.4482,0.4875,505577
2022-06-10,0.4814,0.4888,0.45,0.4604,306300
2022-06-13,0.45,0.460299,0.4,0.44,288417
2022-06-14,0.45,0.5,0.433,0.441,215773
2022-06-15,0.4704,0.48,0.4274,0.46,182977
2022-06-16,0.46,0.46,0.4025,0.4281,385175
2022-06-17,0.4281,0.52,0.4281,0.5009,491328
2022-06-21,0.5099,0.525,0.4719,0.5,523920
2022-06-22,0.495,0.52,0.470375,0.5175,373571
2022-06-23,0.52,0.5585,0.501,0.5585,432932
2022-06-24,0.5585,0.6178,0.3876,0.5259,6953703
2022-06-27,0.47,0.5259,0.4453,0.52,420202
2022-06-28,0.54,0.5601,0.5031,0.517,201306
2022-06-29,0.517,0.517,0.4773,0.4951,151406
2022-06-30,0.4865,0.5482,0.4865,0.5,70924
2022-07-01,0.5328,0.5328,0.5,0.52,49357
2022-07-05,0.4911,0.5448,0.4911,0.54,157828
2022-07-06,0.54,0.5499,0.535,0.5442,74553
2022-07-07,0.4669,0.4989,0.3901,0.4301,1550172
2022-07-08,4.76,5.5,4.5835,5.18,198316
2022-07-11,4.8,4.84,4.3951,4.75,53290
2022-07-12,4.75,4.75,4.37,4.55,40801
2022-07-13,4.6,4.77,4.55,4.6,27930
2022-07-14,4.56,4.78,4.55,4.65,37201
2022-07-15,4.57,4.6799,4.55,4.6,23759
2022-07-18,4.58,4.7063,4.55,4.58,5107
2022-07-19,4.56,4.645,4.55,4.59,10639
2022-07-20,4.64,4.6935,4.55,4.69,69568
2022-07-21,4.76,4.76,4.48,4.53,39607
2022-07-22,4.5139,4.57,4.49,4.52,14994
2022-07-25,4.5045,4.51,4.31,4.33,33712
2022-07-26,4.3,4.3,4.0389,4.2,19421
2022-07-27,4.11,4.23,3.63,3.74,14053
2022-07-28,3.73,3.77,3.52,3.6,26344
2022-07-29,3.57,3.8721,3.5,3.6,21385
2022-08-01,3.77,4.15,3.51,3.6,15917
2022-08-02,3.91,3.91,3.5,3.5,33881
2022-08-03,3.65,3.8873,3.5,3.65,140557
2022-08-04,3.79,4.38,3.69,4.05,150080
2022-08-05,4.18,4.31,3.85,3.975,40991
2022-08-08,4.15,4.2,3.89,3.92,36533
2022-08-09,3.81,5.42,3.7,5.18,296618
2022-08-10,5.44,5.5821,5.0,5.3,144541
2022-08-11,5.35,5.88,5.2162,5.45,99654
2022-08-12,5.89,7.13,5.6,5.78,177726
2022-08-15,5.66,5.66,5.12,5.36,52638
2022-08-16,5.41,5.4599,5.08,5.23,24258
2022-08-17,5.15,5.25,4.82,5.07,40374
2022-08-18,4.95,5.04,4.8156,4.92,23798
2022-08-19,4.89,4.89,4.74,4.74,17327
2022-08-22,4.7,5.05,4.66,4.87,40637
2022-08-23,4.91,4.91,4.7459,4.7686,3422
2022-08-24,4.74,4.98,4.74,4.74,27988
2022-08-25,4.79,4.86,4.79,4.86,2626
2022-08-26,4.74,4.86,4.74,4.78,13924
2022-08-29,4.77,4.9399,4.74,4.74,24433
2022-08-30,4.74,4.82,4.65,4.82,23104
2022-08-31,4.9,4.9,4.71,4.75,13205
2022-09-01,4.75,4.8001,4.7,4.7,32200
2022-09-02,4.74,4.9,4.71,4.8,14562
2022-09-06,4.91,5.98,4.82,5.87,115344
2022-09-07,6.0,6.06,4.87,4.99,51252
2022-09-08,6.0,6.14,4.85,4.86,64444
2022-09-09,4.95,4.99,4.6088,4.88,58890
2022-09-12,4.72,4.84,4.65,4.7,7259
2022-09-13,4.6,4.7,4.14,4.43,29599
2022-09-14,4.3,4.3682,4.14,4.18,15702
2022-09-15,4.195,4.195,4.1382,4.19,6885
2022-09-16,4.08,4.26,4.08,4.13,43151
2022-09-19,4.14,4.14,4.05,4.11,11988
2022-09-20,4.14,4.14,3.7786,3.93,10978
2022-09-21,4.0,4.0,3.51,3.59,10267
2022-09-22,3.52,3.56,3.4,3.4,12046
2022-09-23,3.22,3.3,3.1494,3.15,6513
2022-09-26,3.15,3.15,3.01,3.02,2880
2022-09-27,3.0001,3.055,2.95,2.96,10777
2022-09-28,3.08,3.619,3.08,3.37,4789
2022-09-29,3.39,3.5699,3.33,3.33,5221
2022-09-30,3.29,3.48,3.12,3.32,3308
2022-10-03,3.4,3.4,3.25,3.25,1090
2022-10-04,3.32,3.75,3.27,3.62,13661
2022-10-05,3.6,4.09,3.57,3.97,7496
2022-10-06,4.3543,4.3899,4.11,4.145,3161
2022-10-07,4.1819,4.2185,4.1,4.12,11532
2022-10-10,4.1,4.23,4.1,4.11,5794
2022-10-11,4.1,4.17,4.1,4.12,4947
2022-10-12,4.1,5.0,4.1,4.96,25317
2022-10-13,4.95,5.4,4.95,5.28,16347
2022-10-14,5.27,5.49,5.03,5.3,47074
2022-10-17,5.4463,5.539,5.3,5.35,14919
2022-10-18,5.43,5.43,5.35,5.36,2888
2022-10-19,5.39,5.4899,5.33,5.33,8145
2022-10-20,5.32,5.41,5.3,5.3,12456
2022-10-21,5.3,5.3714,5.28,5.29,5646
2022-10-24,5.38,5.66,5.27,5.61,38625
2022-10-25,5.61,5.78,5.6,5.65,19850
2022-10-26,5.66,6.19,5.65,6.13,35502
2022-10-27,6.14,6.2143,6.0,6.08,22255
2022-10-28,6.0236,6.13,6.0,6.1,15956
2022-10-31,6.17,6.17,6.0,6.0,4866
2022-11-01,6.0071,6.69,6.0,6.65,40077
2022-11-02,6.7,6.9001,6.7,6.9,16903
2022-11-03,6.9,6.95,6.785,6.86,19956
2022-11-04,6.81,6.9524,6.725,6.78,21979
2022-11-07,6.91,7.0,6.7,6.7,35134
2022-11-08,6.7144,6.73,6.52,6.65,24139
2022-11-09,6.6,6.6001,5.97,6.21,80246
2022-11-10,6.45,6.48,6.005,6.1,31945
2022-11-11,6.02,6.0425,5.47,5.8,32230
2022-11-14,5.7771,5.7999,5.4,5.77,6065
2022-11-15,5.99,6.0795,5.52,5.8,12054
2022-11-16,5.8,5.8,5.4475,5.71,11965
2022-11-17,5.4464,5.5999,5.025,5.41,12847
2022-11-18,5.25,5.45,5.1,5.41,8913
2022-11-21,5.41,5.425,5.3,5.33,7478
2022-11-22,5.31,5.4,5.3,5.31,3345
2022-11-23,5.3182,5.5799,5.3,5.32,8902
2022-11-25,5.35,5.46,5.35,5.46,620
