2020-09-28,1.41,1.41,1.41,1.41,2500
2020-09-29,1.41,1.41,1.41,1.41,0
2020-09-30,1.41,1.41,1.41,1.41,1123
2020-10-01,2.5,2.5,1.5,1.5,9763
2020-10-02,1.7,1.7,1.4,1.4,401
2020-10-05,1.45,1.99,1.45,1.94,1212
2020-10-06,1.79,1.79,1.79,1.79,204
2020-10-07,1.5,1.55,1.5,1.55,1306
2020-10-08,1.55,1.55,1.5,1.51,8744
2020-10-09,1.5,1.595,1.5,1.5788,900
2020-10-12,1.5788,1.5788,1.5788,1.5788,5
2020-10-13,1.51,1.51,1.5,1.5,2675
2020-10-14,1.5,1.65,1.5,1.6484,2644
2020-10-15,1.6484,1.6484,1.6484,1.6484,0
2020-10-16,1.64,1.64,1.64,1.64,300
2020-10-19,1.64,1.64,1.64,1.64,0
2020-10-20,1.65,1.65,1.65,1.65,146
2020-10-21,1.62,1.62,1.62,1.62,1072
2020-10-22,1.62,1.62,1.62,1.62,0
2020-10-23,1.65,1.65,1.61,1.65,24000
2020-10-26,1.65,1.65,1.65,1.65,200
2020-10-27,1.65,1.65,1.65,1.65,0
2020-10-28,1.65,1.65,1.65,1.65,77
2020-10-29,1.65,1.65,1.65,1.65,77
2020-10-30,1.45,1.45,1.27,1.27,2159
2020-11-02,1.27,1.27,1.27,1.27,0
2020-11-03,1.41,1.41,1.39,1.39,1171
2020-11-04,1.64,1.65,1.599,1.599,4300
2020-11-05,1.51,1.51,1.5,1.5,6000
2020-11-06,1.5,1.5,1.5,1.5,0
2020-11-09,1.5,1.5,1.5,1.5,0
2020-11-10,1.5,1.5,1.5,1.5,0
2020-11-11,1.5,1.5,1.5,1.5,0
2020-11-12,1.55,1.55,1.55,1.55,1000
2020-11-13,1.55,1.55,1.55,1.55,0
2020-11-16,1.61,1.61,1.61,1.61,300
2020-11-17,1.61,1.61,1.61,1.61,0
2020-11-18,1.61,1.61,1.61,1.61,1
2020-11-19,1.61,1.61,1.61,1.61,0
2020-11-20,1.65,1.65,1.65,1.65,3245
2020-11-23,1.65,1.65,1.65,1.65,0
2020-11-24,2.14,2.7499,1.76,1.9646,1556
2020-11-25,2.5,2.55,2.4,2.44,1700
2020-11-27,2.5,2.5,1.7,1.75,6600
2020-11-30,2.24,2.55,2.24,2.32,724
2020-12-01,2.74,2.74,1.97,1.97,1981
2020-12-02,2.7,2.89,2.6,2.6,577
2020-12-03,2.54,2.54,2.095,2.4,8561
2020-12-04,1.78,2.9999,1.78,2.27,6059
2020-12-07,2.53,2.53,2.06,2.06,328
2020-12-08,2.19,2.19,2.16,2.16,221
2020-12-09,2.2,2.2,2.2,2.2,350
2020-12-10,2.2,2.2,2.2,2.2,395
2020-12-11,2.2,2.2,2.2,2.2,0
2020-12-14,2.06,2.08,2.05,2.08,2748
2020-12-15,2.15,2.21,2.0,2.21,2385
2020-12-16,2.6,3.57,2.6,3.0975,5809
2020-12-17,3.2,3.45,2.5501,2.81,5286
2020-12-18,3.6,4.24,2.6,3.09,175200
2020-12-21,3.18,3.38,3.01,3.36,102629
2020-12-22,3.31,3.6761,3.17,3.6,23263
2020-12-23,3.6,3.6,3.6,3.6,150
2020-12-24,3.6,4.0,3.6,3.9,5300
2020-12-28,3.9,4.385,3.5,3.99,26647
2020-12-29,4.04,4.0437,3.27,3.59,11203
2020-12-30,3.99,4.25,3.68,3.6998,18522
2020-12-31,3.7,4.15,3.7,4.1,2578
2021-01-04,4.05,4.25,3.92,4.0,20089
2021-01-05,4.0,4.25,4.0,4.24,4867
2021-01-06,4.38,4.48,4.0,4.39,3965
2021-01-07,4.05,4.88,4.05,4.88,2847
2021-01-08,5.04,6.34,4.0601,4.15,4417
2021-01-11,4.07,5.75,4.07,5.59,468
2021-01-12,5.68,5.68,4.21,4.75,16913
2021-01-13,4.75,5.0,4.75,4.75,6047
2021-01-14,4.75,4.75,4.405,4.405,1752
2021-01-15,4.4101,4.52,4.15,4.32,4946
2021-01-19,4.12,4.172,4.1,4.11,65682
2021-01-20,4.2502,4.2502,4.25,4.25,638
2021-01-21,4.596,4.596,4.12,4.4,30739
2021-01-22,4.13,4.13,4.11,4.11,2343
2021-01-25,4.12,4.3,4.0,4.0,8838
2021-01-26,4.1702,4.1702,4.17,4.17,854
2021-01-27,4.0,4.0,3.17,3.17,1118
2021-01-28,3.56,3.56,3.56,3.56,190
2021-01-29,3.01,3.05,3.0,3.04,5621
2021-02-01,3.61,3.63,3.59,3.63,4978
2021-02-02,3.7,3.75,3.12,3.12,3277
2021-02-03,3.48,3.48,3.48,3.48,450
2021-02-04,4.5,4.5,3.5,3.625,1465
2021-02-05,3.62,3.77,3.62,3.66,2109
2021-02-08,3.66,3.66,3.66,3.66,4
2021-02-09,3.28,3.55,3.25,3.465,1878
2021-02-10,3.1,3.27,3.0,3.15,78355
2021-02-11,3.16,3.35,3.1,3.15,91082
2021-02-12,3.35,3.98,3.35,3.35,14863
2021-02-16,3.5,4.01,3.5,3.5,14312
2021-02-17,3.48,3.48,3.44,3.44,261
2021-02-18,3.35,3.82,3.02,3.5,12955
2021-02-19,3.5,3.5,3.4,3.4,1700
2021-02-22,3.05,3.65,3.05,3.5,1281
2021-02-23,3.5,3.55,3.1,3.5,10498
2021-02-24,3.5,3.5,3.5,3.5,4
2021-02-25,3.05,3.05,2.99,2.99,9728
2021-02-26,2.99,2.99,2.99,2.99,10
2021-03-01,2.89,2.89,2.89,2.89,180
2021-03-02,2.77,2.77,2.77,2.77,543
2021-03-03,3.0,3.0,1.35,2.99,24340
2021-03-04,2.4994,2.4994,2.1,2.25,2257
2021-03-05,2.01,2.5154,1.3813,1.98,6496
2021-03-08,2.35,3.47,2.35,2.57,36309
2021-03-09,2.9504,3.31,2.8857,3.19,20400
2021-03-10,2.79,2.79,2.75,2.75,1545
2021-03-11,2.99,3.0297,2.99,3.0297,1300
2021-03-12,3.18,3.78,3.17,3.75,18170
2021-03-15,3.31,3.35,2.771,3.13,5281
2021-03-16,3.315,3.33,3.3,3.3,9568
2021-03-17,3.3,3.3,3.3,3.3,107
2021-03-18,3.5,3.5,3.5,3.5,752
2021-03-19,3.1,3.5,3.1,3.5,549
2021-03-22,3.5,3.5,3.5,3.5,8
2021-03-23,3.1001,3.2,3.1,3.1,1901
2021-03-24,3.1,3.1,3.1,3.1,0
2021-03-25,3.1,3.1,3.1,3.1,43
2021-03-26,3.05,3.5,2.5,2.5199,6910
2021-03-29,3.1,3.15,3.1,3.15,1852
2021-03-30,3.13,3.13,3.13,3.13,316
2021-03-31,3.15,3.15,2.31,2.31,9853
2021-04-01,2.4601,3.15,2.4601,3.15,3384
2021-04-05,3.15,3.15,3.15,3.15,146
2021-04-06,3.25,3.51,3.15,3.5,45668
2021-04-07,3.55,3.55,3.35,3.35,1424
2021-04-08,3.33,3.39,3.2705,3.35,9752
2021-04-09,3.53,3.55,2.5568,3.45,28615
2021-04-12,3.58,3.91,3.38,3.91,10537
2021-04-13,3.75,3.75,3.65,3.7,51079
2021-04-14,3.65,3.71,3.65,3.7,14723
2021-04-15,3.7,3.7,3.7,3.7,153
2021-04-16,3.7,3.7,3.7,3.7,3
2021-04-19,3.3,3.45,3.3,3.45,1502
2021-04-20,3.1342,3.1342,3.1342,3.1342,100
2021-04-21,3.13,3.29,3.13,3.26,8559
2021-04-22,3.35,3.37,3.35,3.35,2069
2021-04-23,3.35,3.35,3.35,3.35,0
2021-04-26,3.35,3.41,3.13,3.41,6675
2021-04-27,3.44,4.0,3.44,3.96,1217
2021-04-28,3.5,3.5,3.5,3.5,1690
2021-04-29,3.5,3.5,3.5,3.5,4
2021-04-30,3.4,3.4,3.38,3.39,3400
2021-05-03,3.4,3.47,3.4,3.47,8543
2021-05-04,3.15,3.4128,3.0,3.4128,71460
2021-05-05,3.4128,3.4128,3.4128,3.4128,75
2021-05-06,3.11,3.6,3.11,3.6,3324
2021-05-07,3.59,3.59,3.25,3.44,27252
2021-05-10,3.3,3.3,3.3,3.3,4013
2021-05-11,3.14,3.14,3.14,3.14,301
2021-05-12,3.16,3.16,3.16,3.16,611
2021-05-13,3.13,3.13,3.13,3.13,600
2021-05-14,3.16,3.545,3.16,3.545,57888
2021-05-17,3.5,3.6,3.49,3.5997,5129
2021-05-18,3.65,3.6795,3.65,3.6795,900
2021-05-19,3.6795,3.6795,3.6795,3.6795,50
2021-05-20,3.86,3.86,3.86,3.86,2000
2021-05-21,3.525,3.86,3.525,3.64,1864
2021-05-24,3.65,3.83,3.45,3.45,38189
2021-05-25,3.9,3.9,3.8,3.81,8734
2021-05-26,3.81,3.9,3.52,3.9,30043
2021-05-27,3.95,4.0,3.95,3.9868,6300
2021-05-28,4.07,4.24,4.07,4.15,6236
2021-06-01,4.575,5.1576,4.04,4.6,45785
2021-06-02,5.06,5.1,4.42,5.1,41644
2021-06-03,4.75,5.0,4.56,4.91,56327
2021-06-04,4.99,5.06,4.64,5.01,21822
2021-06-07,5.0,7.15,4.84,5.99,24524
2021-06-08,5.01,5.26,5.01,5.03,6081
2021-06-09,5.26,5.34,4.95,5.0,13664
2021-06-10,5.25,5.3,5.05,5.1,12022
2021-06-11,5.03,5.2867,5.03,5.2867,420
2021-06-14,5.3,5.3,5.2997,5.2997,1900
2021-06-15,5.23,5.568,5.13,5.13,1000
2021-06-16,5.11,5.11,4.75,4.9,8488
2021-06-17,3.3801,5.1363,3.3801,5.0,1001
2021-06-18,4.35,5.12,4.31,5.12,25674
2021-06-21,5.055,5.06,4.89,4.9,8799
2021-06-22,4.24,4.745,4.24,4.535,1379
2021-06-23,4.7,5.0,4.7,5.0,9937
2021-06-24,5.01,5.01,4.88,4.88,6958
2021-06-25,5.075,5.1,5.0,5.1,10482
2021-06-28,4.97,4.97,4.95,4.95,5500
2021-06-29,4.95,4.95,4.95,4.95,10
2021-06-30,4.71,4.72,4.71,4.72,609
2021-07-01,4.72,4.72,4.72,4.72,26
2021-07-02,4.95,4.97,4.8976,4.8976,9093
2021-07-06,4.97,4.97,4.97,4.97,332
2021-07-07,5.39,5.39,5.08,5.08,4448
2021-07-08,5.0,5.05,5.0,5.05,3242
2021-07-09,5.13,5.26,5.03,5.03,2626
2021-07-12,5.03,5.03,5.03,5.03,434
2021-07-13,5.09,5.09,5.0,5.01,5786
2021-07-14,5.01,5.01,5.01,5.01,397
2021-07-15,4.34,4.7,4.34,4.515,1112
2021-07-16,4.515,4.515,4.515,4.515,0
2021-07-19,3.33,3.33,2.9957,3.31,48929
2021-07-20,3.48,3.48,3.14,3.14,941
2021-07-21,3.4682,3.74,3.385,3.385,9047
2021-07-22,3.5,3.5,3.09,3.3078,6180
2021-07-23,3.0,3.65,3.0,3.65,892
2021-07-26,3.4,3.4,3.3497,3.35,885
2021-07-27,3.22,3.2202,3.01,3.03,7902
2021-07-28,2.88,3.09,2.88,3.09,1068
2021-07-29,3.07,3.08,3.07,3.08,254
2021-07-30,3.1,3.1,3.06,3.07,451
2021-08-02,3.01,3.01,3.01,3.01,389
2021-08-03,3.08,3.08,3.08,3.08,200
2021-08-04,3.4501,3.4501,3.4501,3.4501,409
2021-08-05,3.2066,3.2066,3.0698,3.0698,274
2021-08-06,2.79,3.04,2.79,3.04,567
2021-08-09,3.04,3.04,3.04,3.04,178
2021-08-10,3.05,3.0572,2.08,2.15,130142
2021-08-11,2.14,2.2,1.82,2.01,19055
2021-08-12,2.0,2.33,2.0,2.15,38613
2021-08-13,2.0,2.21,2.0,2.18,2429
2021-08-16,2.0,2.1,1.92,1.92,59153
2021-08-17,1.8,1.8,1.63,1.65,20979
2021-08-18,1.66,1.9774,1.66,1.7,6555
2021-08-19,1.7992,1.89,1.7406,1.8,3580
2021-08-20,1.7899,2.045,1.7899,2.02,21287
2021-08-23,1.9,2.08,1.9,2.02,23036
2021-08-24,2.02,2.095,1.97,2.0,67081
2021-08-25,2.0014,2.0014,1.785,1.8,35194
2021-08-26,1.9501,1.9501,1.95,1.95,558
2021-08-27,2.0,2.0,1.9999,1.9999,4300
2021-08-30,2.03,2.21,1.93,2.21,8469
2021-08-31,1.9,2.445,1.9,2.22,11070
2021-09-01,2.09,2.415,2.05,2.35,15808
2021-09-02,2.35,2.35,2.35,2.35,200
2021-09-03,2.49,2.73,2.49,2.6702,5092
2021-09-07,2.61,2.61,2.61,2.61,155
2021-09-08,2.41,2.47,2.35,2.45,62118
2021-09-09,2.39,2.9946,2.39,2.45,25864
2021-09-10,2.7,2.85,2.7,2.85,4653
2021-09-13,2.9,3.12,2.9,3.1,19680
2021-09-14,3.09,3.09,3.0,3.0,6064
2021-09-15,2.66,3.0,2.63,3.0,1247
2021-09-16,3.01,3.01,2.6,2.91,10511
2021-09-17,2.65,2.65,2.65,2.65,698
2021-09-20,2.93,2.95,2.66,2.68,2600
2021-09-21,2.9,2.9,2.9,2.9,151
2021-09-22,2.59,2.59,2.59,2.59,291
2021-09-23,2.6562,2.6562,2.6562,2.6562,100
2021-09-24,2.6,2.6,2.6,2.6,140
2021-09-27,2.55,2.6,2.4101,2.6,863
2021-09-28,2.6,2.6,2.6,2.6,0
2021-09-29,3.1,3.1,2.8277,2.8277,216
2021-09-30,2.8277,2.8277,2.8277,2.8277,76
2021-10-01,2.8277,2.8277,2.8277,2.8277,40
2021-10-04,2.8277,2.8277,2.8277,2.8277,0
2021-10-05,2.8277,2.8277,2.8277,2.8277,0
2021-10-06,2.52,2.7,2.52,2.7,346
2021-10-07,2.7,2.7,2.7,2.7,0
2021-10-08,2.51,2.51,2.01,2.01,24883
2021-10-11,2.02,2.02,2.0,2.01,5734
2021-10-12,2.06,2.22,2.06,2.22,1570
2021-10-13,2.28,2.3,2.28,2.3,600
2021-10-14,2.28,2.28,2.28,2.28,540
2021-10-15,2.28,2.28,2.28,2.28,20
2021-10-18,2.28,2.28,2.28,2.28,30
2021-10-19,2.28,2.28,2.28,2.28,0
2021-10-20,2.52,2.52,2.51,2.51,811
2021-10-21,2.51,2.51,2.51,2.51,4
2021-10-22,2.34,2.34,2.34,2.34,179
2021-10-25,2.35,2.35,2.35,2.35,165
2021-10-26,2.35,2.35,2.35,2.35,0
2021-10-27,2.27,2.28,2.17,2.28,1690
2021-10-28,2.28,2.28,2.28,2.28,0
2021-10-29,2.25,2.28,2.25,2.2798,13726
2021-11-01,2.2,2.2,2.2,2.2,270
2021-11-02,2.2,2.2,2.2,2.2,150
2021-11-03,2.2,2.2,2.2,2.2,0
2021-11-04,2.57,2.58,2.57,2.58,436
2021-11-05,2.66,2.8,2.57,2.72,11409
2021-11-08,2.63,2.72,2.63,2.66,7433
2021-11-09,2.31,2.31,2.305,2.305,200
2021-11-10,2.2538,2.73,2.2538,2.73,3579
2021-11-11,2.53,2.61,2.53,2.5568,14363
2021-11-12,2.549,2.55,2.5,2.5,16300
2021-11-15,2.4,2.55,2.4,2.45,10381
2021-11-16,2.45,2.45,2.45,2.45,10
2021-11-17,2.45,2.45,2.45,2.45,0
2021-11-18,2.23,2.23,2.22,2.22,1412
2021-11-19,2.15,2.15,2.1,2.1,1849
2021-11-22,2.0426,2.0426,1.48,1.58,63358
2021-11-23,1.47,1.49,1.46,1.4698,8266
2021-11-24,1.32,1.4699,1.285,1.45,24160
2021-11-26,1.45,1.45,1.45,1.45,0
2021-11-29,1.45,1.45,1.45,1.45,60
2021-11-30,1.47,1.47,1.47,1.47,141
2021-12-01,1.2501,1.4001,1.2,1.2898,20349
2021-12-02,1.25,1.2801,1.15,1.15,38677
2021-12-03,1.35,1.35,1.1501,1.1501,545
2021-12-06,1.1999,1.1999,1.1392,1.16,2000
2021-12-07,1.29,1.31,1.12,1.22,5495
2021-12-08,1.22,1.22,1.22,1.22,0
2021-12-09,1.34,1.35,1.15,1.17,6318
2021-12-10,1.2756,1.2769,0.9601,1.01,49842
2021-12-13,1.12,1.12,1.0,1.02,2898
2021-12-14,1.01,1.2,1.01,1.2,794
2021-12-15,1.2,1.2,1.2,1.2,0
2021-12-16,1.01,1.05,1.0,1.05,14640
2021-12-17,1.14,1.27,1.01,1.11,20634
2021-12-20,1.16,1.23,1.16,1.2,2470
2021-12-21,1.22,1.32,1.21,1.24,69970
2021-12-22,1.17,1.61,1.17,1.61,39978
2021-12-23,1.63,1.64,1.45,1.45,14329
2021-12-27,1.52,1.65,1.4,1.41,15591
2021-12-28,1.33,1.42,1.33,1.42,20432
2021-12-29,1.3801,1.3801,1.35,1.35,33240
2021-12-30,1.4,1.4,1.39,1.4,34207
2021-12-31,1.4,1.4,1.4,1.4,0
2022-01-03,1.62,1.78,1.6,1.78,3300
2022-01-04,1.78,1.78,1.78,1.78,0
2022-01-05,1.7,1.7,1.69,1.69,303
2022-01-06,1.46,1.46,1.45,1.45,708
2022-01-07,1.6,1.6003,1.48,1.52,29319
2022-01-10,1.56,1.57,1.42,1.42,1400
2022-01-11,1.42,1.42,1.42,1.42,0
2022-01-12,1.42,1.42,1.42,1.42,0
2022-01-13,1.44,1.4415,1.44,1.4415,200
2022-01-14,1.4415,1.4415,1.4415,1.4415,0
2022-01-18,1.28,1.28,1.27,1.27,600
2022-01-19,1.27,1.27,1.27,1.27,0
2022-01-20,1.27,1.27,1.27,1.27,0
2022-01-21,1.27,1.27,1.27,1.27,0
2022-01-24,1.0525,1.2,1.0525,1.1897,1363
2022-01-25,1.1897,1.1897,1.1897,1.1897,0
2022-01-26,1.0,1.0,1.0,1.0,2061
2022-01-27,0.895,0.8975,0.835,0.835,2658
2022-01-28,1.19,1.19,1.19,1.19,221
2022-01-31,1.01,1.14,1.01,1.14,10030
2022-02-01,1.05,1.11,1.04,1.05,61063
2022-02-02,1.06,1.08,1.05,1.08,15338
2022-02-03,1.08,1.08,1.08,1.08,0
2022-02-04,0.9925,1.0,0.9925,1.0,2152
2022-02-07,1.0,1.0,1.0,1.0,15
2022-02-08,1.0,1.0,1.0,1.0,0
2022-02-09,1.03,1.04,1.03,1.04,234
2022-02-10,1.05,1.05,1.05,1.05,160
2022-02-11,1.02,1.02,1.01,1.01,660
2022-02-14,1.01,1.01,1.01,1.01,0
2022-02-15,1.01,1.03,0.9932,0.9976,9425
2022-02-16,0.975,1.07,0.965,1.01,38048
2022-02-17,1.0,1.02,0.9925,1.0,7160
2022-02-18,1.2755,1.2755,1.2755,1.2755,1625
2022-02-22,1.14,1.14,1.14,1.14,150
2022-02-23,1.14,1.14,1.14,1.14,0
2022-02-24,1.0033,1.0033,1.0033,1.0033,502
2022-02-25,1.0033,1.0033,1.0033,1.0033,0
2022-02-28,1.03,1.03,1.0,1.01,5057
2022-03-01,1.03,1.04,1.02,1.04,3797
2022-03-02,1.04,1.04,1.04,1.04,0
2022-03-03,1.02,1.0226,1.02,1.0226,252
2022-03-04,0.9726,0.9726,0.97,0.97,5030
2022-03-07,1.02,1.02,1.0,1.01,5315
2022-03-08,1.0,1.07,0.9395,0.9899,135494
2022-03-09,1.07,1.4,1.07,1.35,117478
2022-03-10,1.38,1.39,1.33,1.34,2593
2022-03-11,1.42,1.534,1.41,1.534,4801
2022-03-14,1.55,1.82,1.48,1.64,41628
2022-03-15,1.7854,1.82,1.77,1.79,9439
2022-03-16,1.79,1.84,1.79,1.81,1977
2022-03-17,2.06,2.0871,2.03,2.03,2478
2022-03-18,2.03,2.03,2.03,2.03,22
2022-03-21,1.84,1.84,1.84,1.84,398
2022-03-22,1.92,1.92,1.92,1.92,387
2022-03-23,1.85,1.85,1.85,1.85,650
2022-03-24,2.03,2.03,2.01,2.01,510
2022-03-25,1.92,1.92,1.76,1.76,4246
2022-03-28,1.76,1.76,1.76,1.76,0
2022-03-29,1.87,1.9,1.73,1.9,6465
2022-03-30,1.9,1.9,1.9,1.9,18
2022-03-31,1.9,1.9,1.9,1.9,0
2022-04-01,1.97,1.97,1.9035,1.9035,1205
2022-04-04,1.9035,1.9035,1.9035,1.9035,0
2022-04-05,1.9035,1.9035,1.9035,1.9035,0
2022-04-06,1.9035,1.9035,1.9035,1.9035,0
2022-04-07,1.62,1.64,1.59,1.59,5000
2022-04-08,1.61,1.62,1.58,1.58,2243
2022-04-11,1.58,1.58,1.58,1.58,0
2022-04-12,1.48,1.57,1.35,1.57,10100
2022-04-13,1.56,1.57,1.56,1.56,2000
2022-04-14,1.65,1.72,1.65,1.72,4500
2022-04-18,1.66,1.67,1.6,1.6,1875
2022-04-19,1.6,1.6,1.6,1.6,0
2022-04-20,1.7,1.91,1.7,1.9,1900
2022-04-21,1.77,1.85,1.7,1.826,2579
2022-04-22,1.6,1.62,1.6,1.62,450
2022-04-25,1.62,1.62,1.62,1.62,55
2022-04-26,1.63,1.63,1.63,1.63,400
2022-04-27,1.6,1.6,1.6,1.6,500
2022-04-28,1.53,1.53,1.53,1.53,200
2022-04-29,1.53,1.53,1.53,1.53,0
2022-05-02,1.4799,1.4799,1.3534,1.43,1215
2022-05-03,1.46,1.46,1.46,1.46,300
2022-05-04,1.34,1.34,1.3,1.31,2270
2022-05-05,1.29,1.31,1.29,1.29,2770
2022-05-06,1.2684,1.2684,1.2684,1.2684,100
2022-05-09,0.9001,0.94,0.9,0.94,3752
2022-05-10,0.8001,0.8001,0.5837,0.64,5409
2022-05-11,0.5999,0.5999,0.5999,0.5999,300
2022-05-12,0.5399,0.5895,0.5399,0.585,570
2022-05-13,0.7525,0.7525,0.750702,0.750702,250
2022-05-16,0.750702,0.750702,0.750702,0.750702,35
2022-05-17,0.813548,0.813548,0.813548,0.813548,165
2022-05-18,0.813548,0.813548,0.813548,0.813548,5
2022-05-19,0.813548,0.813548,0.813548,0.813548,0
2022-05-20,0.8899,0.8899,0.8899,0.8899,260
2022-05-23,0.774,0.774,0.774,0.774,100
2022-05-24,0.774,0.774,0.774,0.774,0
2022-05-25,0.774,0.774,0.774,0.774,0
2022-05-26,0.774,0.774,0.774,0.774,0
2022-05-27,0.93,0.93,0.93,0.93,150
2022-05-31,0.85,0.85,0.85,0.85,130
2022-06-01,1.04,1.04,1.04,1.04,270
2022-06-02,1.1557,1.225,1.1557,1.2,6235
2022-06-03,1.27,1.27,1.1,1.1004,5173
2022-06-06,1.12,1.12,0.8776,0.99,3902
2022-06-07,0.91,0.96,0.8899,0.959552,13570
2022-06-08,1.11,1.15,1.11,1.14,2569
2022-06-09,1.0,1.01,0.9977,1.0,2130
2022-06-10,0.8916,0.95,0.8916,0.95,2149
2022-06-13,0.88,0.88,0.86,0.86,730
2022-06-14,0.86,0.86,0.86,0.86,0
2022-06-15,0.86,0.86,0.86,0.86,0
2022-06-16,0.86,0.86,0.86,0.86,12
2022-06-17,0.9997,0.9997,0.9297,0.9297,500
2022-06-21,1.0698,1.105,1.05,1.105,2313
2022-06-22,1.105,1.105,1.105,1.105,0
2022-06-23,1.105,1.105,1.105,1.105,0
2022-06-24,1.09,1.09,1.09,1.09,150
2022-06-27,1.05,1.05,1.02,1.02,350
2022-06-28,0.925,0.925,0.9,0.9,250
2022-06-29,0.75,0.76,0.75,0.75,700
2022-06-30,0.72,0.72,0.72,0.72,501
2022-07-01,0.72,0.75,0.72,0.75,751
2022-07-05,0.8,0.8,0.8,0.8,100
2022-07-06,0.8,0.8,0.8,0.8,0
2022-07-07,0.96,1.05,0.96,1.05,7168
2022-07-08,1.12,1.15,1.05,1.13,9254
2022-07-11,1.13,1.13,1.13,1.13,0
2022-07-12,1.13,1.13,1.13,1.13,0
2022-07-13,1.13,1.13,1.13,1.13,0
2022-07-14,1.2371,1.24,1.23,1.24,3088
2022-07-15,1.25,1.34,1.24,1.34,6359
2022-07-18,1.34,1.34,1.34,1.34,705
2022-07-19,1.42,1.46,1.38,1.38,2227
2022-07-20,1.3772,1.38,1.33,1.33,1722
2022-07-21,1.33,1.33,1.33,1.33,0
2022-07-22,1.23,1.24,1.23,1.23,342
2022-07-25,1.23,1.23,1.23,1.23,0
2022-07-26,1.23,1.23,1.23,1.23,0
2022-07-27,1.23,1.23,1.23,1.23,0
2022-07-28,1.23,1.23,1.23,1.23,1
2022-07-29,1.23,1.23,1.23,1.23,0
2022-08-01,1.23,1.23,1.23,1.23,0
2022-08-02,1.69,1.875,1.44,1.77,3045
2022-08-03,1.77,1.77,1.77,1.77,0
2022-08-04,1.77,1.77,1.77,1.77,0
2022-08-05,1.77,1.77,1.77,1.77,0
2022-08-08,1.77,1.77,1.77,1.77,0
2022-08-09,1.77,1.77,1.77,1.77,0
2022-08-10,1.8942,1.8942,1.8,1.8,7937
2022-08-11,1.93,2.16,1.88,2.16,4606
2022-08-12,2.13,2.15,2.13,2.15,501
2022-08-15,2.02,2.02,2.02,2.02,616
2022-08-16,2.02,2.02,2.02,2.02,0
2022-08-17,1.9,1.9,1.8999,1.9,1124
2022-08-18,1.9,1.9,1.9,1.9,0
2022-08-19,1.77,1.9,1.77,1.86,2835
2022-08-22,1.86,1.89,1.86,1.89,500
2022-08-23,1.94,1.94,1.63,1.89,3137
2022-08-24,1.89,1.89,1.89,1.89,84
2022-08-25,1.89,1.89,1.89,1.89,0
2022-08-26,1.89,1.89,1.89,1.89,0
2022-08-29,1.77,1.77,1.77,1.77,1000
2022-08-30,1.77,1.77,1.77,1.77,0
2022-08-31,1.65,1.65,1.65,1.65,3908
2022-09-01,1.54,1.6,1.5352,1.6,1946
2022-09-02,1.702,1.71,1.702,1.71,1699
2022-09-06,1.6532,1.68,1.6532,1.68,4539
2022-09-07,1.53,1.59,1.53,1.58,2213
2022-09-08,1.58,1.58,1.58,1.58,0
2022-09-09,1.7,1.7,1.7,1.7,300
2022-09-12,1.7,1.7,1.7,1.7,0
2022-09-13,1.7,1.7,1.7,1.7,0
2022-09-14,1.7,1.7,1.7,1.7,0
2022-09-15,1.89,1.89,1.89,1.89,416
2022-09-16,1.5,1.75,1.5,1.75,1000
2022-09-19,1.75,1.75,1.75,1.75,0
2022-09-20,1.75,1.75,1.75,1.75,0
2022-09-21,1.56,1.56,1.56,1.56,100
2022-09-22,1.72,1.88,1.72,1.88,1887
2022-09-23,1.88,1.88,1.88,1.88,0
2022-09-26,1.88,1.88,1.88,1.88,0
2022-09-27,1.88,1.88,1.88,1.88,0
2022-09-28,1.88,1.88,1.88,1.88,0
2022-09-29,1.88,1.88,1.88,1.88,1
2022-09-30,1.88,1.88,1.88,1.88,0
2022-10-03,1.84,1.84,1.84,1.84,1100
2022-10-04,1.84,1.84,1.84,1.84,0
2022-10-05,1.84,1.84,1.84,1.84,0
2022-10-06,1.84,1.84,1.84,1.84,0
2022-10-07,1.84,1.84,1.84,1.84,0
2022-10-10,1.84,1.84,1.84,1.84,0
2022-10-11,1.5,1.5,1.5,1.5,1122
2022-10-12,1.39,1.49,1.37,1.47,11446
2022-10-13,1.47,1.47,1.47,1.47,0
2022-10-14,1.47,1.47,1.47,1.47,501
2022-10-17,1.47,1.47,1.47,1.47,45
2022-10-18,1.47,1.47,1.47,1.47,0
2022-10-19,1.47,1.47,1.47,1.47,199
2022-10-20,1.47,1.47,1.47,1.47,0
2022-10-21,1.33,1.33,1.33,1.33,222
2022-10-24,1.33,1.33,1.33,1.33,0
2022-10-25,1.33,1.33,1.33,1.33,0
2022-10-26,1.33,1.33,1.33,1.33,25
2022-10-27,1.33,1.33,1.33,1.33,0
2022-10-28,1.33,1.33,1.33,1.33,33
2022-10-31,1.33,1.33,1.33,1.33,0
2022-11-01,1.48,1.49,1.48,1.48,2557
2022-11-02,1.48,1.48,1.48,1.48,0
2022-11-03,1.48,1.48,1.48,1.48,0
2022-11-04,1.48,1.48,1.48,1.48,0
2022-11-07,1.48,1.48,1.48,1.48,0
2022-11-08,1.48,1.48,1.48,1.48,0
2022-11-09,1.48,1.48,1.48,1.48,0
2022-11-10,1.09,1.12,0.86,1.03,94676
2022-11-11,1.03,1.03,1.03,1.03,100
2022-11-14,1.04,1.04,1.04,1.04,102
2022-11-15,1.04,1.04,1.04,1.04,0
2022-11-16,1.14,1.14,1.14,1.14,500
2022-11-17,1.14,1.14,1.14,1.14,0
2022-11-18,1.1,1.1,1.07,1.07,2035
2022-11-21,1.07,1.07,1.07,1.07,0
2022-11-22,0.9,0.9,0.9,0.9,516
2022-11-23,0.9,0.9,0.9,0.9,0
2022-11-25,0.92,0.92,0.560101,0.560101,600
2022-11-28,0.560101,0.560101,0.560101,0.560101,0
2022-11-29,0.560101,0.560101,0.560101,0.560101,1
2022-11-30,0.56,0.56,0.55,0.55,2171
