2017-11-10,13.3,14.63,13.02,13.08,9881533
2017-11-13,13.43,13.68,13.09,13.15,2149487
2017-11-14,13.1,13.25,12.75,13.0,2227007
2017-11-15,13.0,13.04,12.7,12.7,917372
2017-11-16,12.78,12.96,12.61,12.93,940614
2017-11-17,12.93,13.0799,12.72,13.0,869943
2017-11-20,13.0,13.09,12.5,12.56,438120
2017-11-21,10.8,11.5,10.02,10.8,2498735
2017-11-22,10.81,10.81,8.05,8.18,4300582
2017-11-24,7.83,9.8,7.83,9.45,2689794
2017-11-27,9.09,9.9,9.0,9.43,1096398
2017-11-28,9.32,10.27,9.3,10.07,882948
2017-11-29,10.11,10.25,9.3,9.31,840830
2017-11-30,9.32,9.75,9.3,9.6,653562
2017-12-01,8.99,9.45,8.6,8.8,1531235
2017-12-04,9.02,9.1,8.08,8.34,988330
2017-12-05,8.2,8.24,7.76,7.8,916417
2017-12-06,7.42,8.11,6.88,8.06,1993403
2017-12-07,7.9,7.905,6.95,7.16,3164592
2017-12-08,7.32,7.69,7.14,7.57,1406191
2017-12-11,7.55,8.07,7.5,8.0,1690619
2017-12-12,7.96,8.18,7.4,7.5,987576
2017-12-13,7.46,8.54,7.35,8.5,2085220
2017-12-14,8.46,8.72,7.99,8.09,1402167
2017-12-15,8.01,8.08,7.5,7.51,1004225
2017-12-18,7.6,7.86,7.21,7.26,1171147
2017-12-19,7.29,7.4,7.11,7.26,544577
2017-12-20,7.32,7.399,7.05,7.09,573344
2017-12-21,7.17,7.28,7.09,7.25,462045
2017-12-22,7.24,7.299,7.05,7.23,296418
2017-12-26,7.23,7.23,6.95,7.07,587425
2017-12-27,7.12,7.18,7.0,7.09,410826
2017-12-28,7.14,7.16,7.02,7.09,355814
2017-12-29,7.09,7.19,7.03,7.11,436554
2018-01-02,7.22,7.373,7.1,7.19,426382
2018-01-03,7.25,7.36,7.11,7.19,629247
2018-01-04,7.12,7.26,7.1,7.14,574451
2018-01-05,7.2,7.396,7.11,7.13,615273
2018-01-08,7.15,7.2,7.03,7.1,336933
2018-01-09,7.18,7.25,7.05,7.09,307957
2018-01-10,7.08,7.16,7.06,7.07,141432
2018-01-11,7.06,7.08,7.0,7.0,476032
2018-01-12,7.0,7.08,6.99,7.0,238145
2018-01-16,6.96,7.01,6.85,6.87,466980
2018-01-17,6.96,6.96,6.53,6.68,322206
2018-01-18,7.52,7.55,6.87,6.95,1895889
2018-01-19,7.04,7.08,6.73,6.77,479057
2018-01-22,6.71,6.85,6.69,6.79,549781
2018-01-23,6.76,7.1,6.75,7.0,376473
2018-01-24,7.06,7.55,7.02,7.5,1107849
2018-01-25,7.62,8.68,7.62,8.46,2253961
2018-01-26,8.32,8.55,8.08,8.46,1518562
2018-01-29,8.33,8.54,8.1,8.35,345553
2018-01-30,8.23,8.23,7.8,7.87,315283
2018-01-31,7.98,8.04,7.58,7.65,282480
2018-02-01,7.6,7.61,7.11,7.11,530670
2018-02-02,7.111,7.2,7.05,7.08,353024
2018-02-05,7.11,7.27,7.05,7.1,883732
2018-02-06,7.1,7.47,6.88,7.29,516700
2018-02-07,7.22,7.28,7.1,7.1,202622
2018-02-08,7.06,7.133,6.9,6.92,365010
2018-02-09,6.91,7.11,6.9,6.9,644068
2018-02-12,7.05,7.15,7.03,7.11,145899
2018-02-13,7.15,7.15,7.0,7.01,510079
2018-02-14,7.09,7.81,7.01,7.81,600182
2018-02-15,7.96,7.96,7.6,7.73,245056
2018-02-16,7.69,7.81,7.61,7.7,150047
2018-02-20,7.64,7.96,7.57,7.58,164952
2018-02-21,7.6,7.78,7.56,7.62,231279
2018-02-22,7.67,7.8,7.59,7.59,72524
2018-02-23,7.59,7.65,7.42,7.42,239271
2018-02-26,7.42,7.581,7.05,7.07,287095
2018-02-27,7.07,7.35,6.99,7.07,382728
2018-02-28,7.11,7.25,7.05,7.08,143199
2018-03-01,7.16,7.16,6.95,7.0,216717
2018-03-02,6.98,7.2,6.95,7.09,209641
2018-03-05,7.02,7.7,7.0,7.36,336907
2018-03-06,7.47,7.48,7.22,7.35,246485
2018-03-07,7.39,7.58,7.35,7.5,224303
2018-03-08,7.59,8.09,7.5,8.02,670020
2018-03-09,8.05,8.17,7.78,7.87,531555
2018-03-12,8.0,8.5,7.92,8.43,1031579
2018-03-13,8.56,8.56,7.885,7.95,643816
2018-03-14,8.03,8.099,7.81,7.84,286385
2018-03-15,7.82,7.825,7.51,7.6,906868
2018-03-16,7.67,7.78,7.61,7.67,231682
2018-03-19,7.7,7.94,7.56,7.68,337152
2018-03-20,7.66,7.79,7.51,7.69,366612
2018-03-21,7.36,8.22,7.36,8.17,840012
2018-03-22,7.85,8.11,7.78,8.0,855229
2018-03-23,7.93,8.1,7.89,7.95,662120
2018-03-26,8.0,8.04,7.11,7.25,852848
2018-03-27,7.31,7.59,7.31,7.33,338453
2018-03-28,7.33,7.37,7.15,7.33,201042
2018-03-29,7.35,7.58,7.3,7.45,388883
2018-04-02,7.35,7.395,7.16,7.19,293413
2018-04-03,7.21,7.375,7.11,7.12,391891
2018-04-04,7.01,7.4,7.01,7.29,176627
2018-04-05,7.3,7.355,7.1,7.12,227304
2018-04-06,7.08,7.25,7.02,7.08,361082
2018-04-09,7.1,7.24,7.08,7.08,105459
2018-04-10,7.25,7.25,7.02,7.02,311096
2018-04-11,7.05,7.115,7.0,7.02,450542
2018-04-12,7.04,7.09,6.81,6.97,310601
2018-04-13,7.0,7.09,6.71,6.87,436155
2018-04-16,6.85,6.85,6.61,6.71,361817
2018-04-17,6.72,6.835,6.65,6.79,546003
2018-04-18,6.77,6.9,6.72,6.82,479380
2018-04-19,6.8,6.851,6.66,6.7,239469
2018-04-20,6.66,6.89,6.65,6.7,189458
2018-04-23,6.66,6.75,6.66,6.7,107842
2018-04-24,6.74,6.83,6.72,6.76,116426
2018-04-25,6.71,6.72,6.66,6.67,104006
2018-04-26,6.67,6.74,6.66,6.69,177683
2018-04-27,6.75,6.89,6.68,6.73,300270
2018-04-30,6.72,6.85,6.68,6.8,255199
2018-05-01,6.76,6.76,6.54,6.57,208154
2018-05-02,6.55,6.63,6.54,6.55,74965
2018-05-03,6.55,6.57,6.53,6.53,95132
2018-05-04,6.53,6.57,6.5,6.53,67811
2018-05-07,6.59,6.64,6.5,6.56,104625
2018-05-08,6.58,6.592,6.395,6.52,187956
2018-05-09,6.49,6.73,6.48,6.69,180161
2018-05-10,6.76,6.88,6.66,6.83,152393
2018-05-11,6.81,6.86,6.68,6.73,115640
2018-05-14,6.75,6.97,6.75,6.88,213388
2018-05-15,7.23,8.161,7.105,7.98,1227258
2018-05-16,7.77,8.4,7.74,8.35,1101295
2018-05-17,8.3,8.45,8.04,8.08,418109
2018-05-18,7.94,7.978,6.95,7.44,890510
2018-05-21,7.28,7.4,7.2,7.32,336130
2018-05-22,7.3,7.42,7.19,7.38,283410
2018-05-23,7.3,7.46,7.25,7.35,145420
2018-05-24,7.24,7.55,6.76,7.43,548014
2018-05-25,7.2,7.449,7.2,7.36,268504
2018-05-29,7.3,7.5,7.25,7.44,552404
2018-05-30,7.4,7.5,7.4,7.44,198884
2018-05-31,7.42,7.5,7.39,7.43,330912
2018-06-01,7.38,7.83,7.38,7.69,333826
2018-06-04,7.46,7.46,6.425,6.94,2175345
2018-06-05,6.81,7.01,6.53,6.62,1361668
2018-06-06,6.55,6.89,6.55,6.77,858170
2018-06-07,6.8,6.965,6.66,6.79,634094
2018-06-08,6.75,6.75,6.48,6.57,948465
2018-06-11,6.61,6.66,6.49,6.51,671478
2018-06-12,6.58,6.64,6.46,6.47,584045
2018-06-13,6.48,6.515,6.28,6.42,593034
2018-06-14,6.38,6.447,5.95,6.21,1125236
2018-06-15,6.15,6.78,6.135,6.62,970147
2018-06-18,6.56,6.62,6.3,6.61,873917
2018-06-19,6.45,6.5,6.24,6.27,399225
2018-06-20,6.31,6.5,6.28,6.38,711289
2018-06-21,6.35,6.43,6.23,6.33,394322
2018-06-22,6.35,6.35,6.19,6.2,491978
2018-06-25,6.17,6.17,5.81,5.99,1193198
2018-06-26,5.96,6.02,5.75,5.84,1735469
2018-06-27,5.88,6.01,5.81,5.9,1168213
2018-06-28,5.9,6.12,5.85,5.97,1081868
2018-06-29,6.0,6.11,5.88,5.95,575633
2018-07-02,5.89,6.07,5.87,5.87,351199
2018-07-03,5.83,5.92,5.7,5.7,326852
2018-07-05,5.72,5.94,5.62,5.79,729102
2018-07-06,5.75,5.94,5.66,5.8,598115
2018-07-09,5.76,5.78,5.42,5.49,1388931
2018-07-10,5.48,5.54,4.82,4.84,1571543
2018-07-11,4.91,4.91,4.51,4.52,1758673
2018-07-12,4.59,4.65,4.52,4.59,1378592
2018-07-13,4.57,4.67,4.33,4.36,1164453
2018-07-16,4.37,4.55,4.31,4.39,943478
2018-07-17,4.37,4.54,4.36,4.43,606924
2018-07-18,4.4,4.43,4.22,4.24,802024
2018-07-19,4.2,4.225,3.82,3.99,1910718
2018-07-20,4.02,4.189,3.96,4.09,515209
2018-07-23,4.1,4.45,4.06,4.22,1015091
2018-07-24,4.32,4.78,4.32,4.71,1686935
2018-07-25,4.7,5.1,4.64,4.93,1582278
2018-07-26,4.91,5.049,4.76,4.91,942886
2018-07-27,4.91,4.98,4.77,4.77,1234230
2018-07-30,4.72,4.78,4.505,4.68,984732
2018-07-31,4.64,4.728,4.54,4.54,574302
2018-08-01,4.5,4.64,3.95,4.01,1667101
2018-08-02,3.95,4.2,3.95,4.13,744616
2018-08-03,4.13,4.39,4.05,4.2,630266
2018-08-06,4.17,4.364,4.14,4.18,411557
2018-08-07,4.18,4.759,4.18,4.35,1409284
2018-08-08,4.4,4.65,4.3,4.32,1151823
2018-08-09,4.32,4.53,4.32,4.4,691832
2018-08-10,4.3,4.31,4.02,4.03,1048427
2018-08-13,4.05,4.19,4.02,4.1,700428
2018-08-14,4.05,4.42,3.95,4.31,904330
2018-08-15,4.29,4.35,4.03,4.19,929107
2018-08-16,4.29,4.37,4.17,4.27,559878
2018-08-17,4.36,4.978,4.29,4.85,1001604
2018-08-20,5.05,5.33,4.91,5.12,1289667
2018-08-21,5.13,5.48,5.1,5.19,1385821
2018-08-22,5.677,5.677,5.41,5.5,2472590
2018-08-23,5.39,5.6,5.39,5.5,857912
2018-08-24,5.54,5.99,5.54,5.95,1551132
2018-08-27,5.99,6.03,5.66,5.71,2327709
2018-08-28,5.75,5.95,5.62,5.82,672389
2018-08-29,5.78,6.22,5.75,5.99,2039164
2018-08-30,5.92,6.18,5.81,6.11,1591545
2018-08-31,6.02,6.57,6.01,6.5,1566134
2018-09-04,6.44,6.93,6.4,6.82,1722847
2018-09-05,6.81,6.955,6.51,6.75,1334053
2018-09-06,6.58,6.71,6.0,6.22,1553224
2018-09-07,6.21,6.38,6.11,6.23,1086897
2018-09-10,6.1,6.18,5.51,5.79,998110
2018-09-11,5.7,6.06,5.7,5.88,692464
2018-09-12,5.81,6.1,5.69,5.97,808594
2018-09-13,6.08,6.19,5.79,5.93,547199
2018-09-14,5.92,6.1,5.82,6.06,602951
2018-09-17,5.97,6.161,5.94,6.04,409620
2018-09-18,6.08,6.1,5.85,5.87,390543
2018-09-19,5.9,6.0,5.73,5.86,435559
2018-09-20,5.9,5.942,5.86,5.89,393764
2018-09-21,5.9,6.6,5.9,6.6,2344240
2018-09-24,6.01,6.22,5.9,5.99,1505908
2018-09-25,6.0,6.06,5.7,5.76,866377
2018-09-26,5.61,5.69,5.15,5.37,1368892
2018-09-27,5.33,5.48,5.205,5.35,682530
2018-09-28,5.33,5.685,5.31,5.38,720330
2018-10-01,5.39,5.46,5.27,5.3,638905
2018-10-02,5.22,5.34,4.99,5.26,1295517
2018-10-03,5.32,5.74,5.25,5.6,1070826
2018-10-04,5.57,5.77,5.41,5.75,1258446
2018-10-05,5.74,6.08,5.69,5.98,940569
2018-10-08,5.83,6.11,5.71,6.03,868596
2018-10-09,6.05,6.2,5.96,5.99,509020
2018-10-10,6.0,6.02,5.6,5.9,1173077
2018-10-11,5.76,6.073,5.75,5.86,671899
2018-10-12,6.0,6.315,5.83,5.9,634930
2018-10-15,5.84,6.04,5.79,5.99,456356
2018-10-16,6.0,6.06,5.87,5.99,402636
2018-10-17,5.95,6.12,5.9,6.04,406967
2018-10-18,5.96,6.1,5.83,5.9,538840
2018-10-19,5.97,6.07,5.81,5.83,323536
2018-10-22,5.97,5.992,5.7,5.72,304120
2018-10-23,5.66,5.7,5.3,5.5,913054
2018-10-24,5.51,5.75,5.41,5.43,626644
2018-10-25,5.44,5.8,5.44,5.75,463631
2018-10-26,5.68,5.77,5.62,5.63,391654
2018-10-29,5.64,5.77,5.55,5.58,263730
2018-10-30,5.6,5.63,5.38,5.46,272758
2018-10-31,5.49,5.72,5.45,5.71,198535
2018-11-01,5.8,6.27,5.75,6.22,1123071
2018-11-02,6.27,6.42,6.09,6.29,1123653
2018-11-05,6.23,6.54,5.92,5.95,670084
2018-11-06,5.96,6.15,5.35,5.66,1302591
2018-11-07,5.76,5.85,5.46,5.75,270006
2018-11-08,5.62,5.83,5.55,5.76,286643
2018-11-09,5.63,5.73,5.58,5.64,111783
2018-11-12,5.59,5.62,5.44,5.44,251333
2018-11-13,5.46,5.85,5.46,5.65,175389
2018-11-14,5.75,6.01,5.75,5.99,232635
2018-11-15,5.98,6.125,5.74,5.91,427627
2018-11-16,5.9,5.9,5.5,5.51,523036
2018-11-19,5.56,5.62,5.41,5.44,416484
2018-11-20,5.74,5.77,5.47,5.75,935242
2018-11-21,5.89,6.25,5.87,6.19,765218
2018-11-23,6.01,6.34,6.0,6.24,612910
2018-11-26,6.11,6.41,6.07,6.19,838870
2018-11-27,6.1,6.28,6.1,6.2,676989
2018-11-28,6.19,6.39,6.19,6.27,1374160
2018-11-29,6.17,6.17,5.53,5.64,762642
2018-11-30,5.77,5.8,5.45,5.55,489149
2018-12-03,5.78,6.01,5.61,5.64,732237
2018-12-04,5.71,5.8,5.04,5.05,1653601
2018-12-06,5.0,5.15,5.0,5.04,742533
2018-12-07,5.06,5.1,4.81,5.0,654227
2018-12-10,4.99,5.08,4.84,4.95,523644
2018-12-11,4.9,4.91,4.31,4.43,978175
2018-12-12,4.61,4.7,4.37,4.47,1212416
2018-12-13,4.63,4.999,4.61,4.92,1241383
2018-12-14,4.43,4.6,4.38,4.39,3193718
2018-12-17,4.48,4.5,3.98,4.01,2543934
2018-12-18,4.02,4.07,3.87,3.9,1413081
2018-12-19,3.88,3.99,3.75,3.78,950072
2018-12-20,3.78,3.89,3.73,3.76,878131
2018-12-21,3.78,3.9,3.685,3.86,887906
2018-12-24,3.8,3.94,3.77,3.82,307628
2018-12-26,3.8,3.88,3.54,3.7,930677
2018-12-27,3.65,3.78,3.55,3.6,816206
2018-12-28,3.61,3.98,3.61,3.66,814713
2018-12-31,3.7,3.77,3.58,3.6,560025
2019-01-02,3.54,3.76,3.5,3.69,356424
2019-01-03,3.61,3.72,3.53,3.63,527300
2019-01-04,3.73,3.89,3.68,3.71,976090
2019-01-07,3.74,3.92,3.57,3.89,746296
2019-01-08,3.9,3.95,3.65,3.77,656026
2019-01-09,3.75,3.995,3.73,3.78,1036902
2019-01-10,3.76,3.97,3.72,3.86,726250
2019-01-11,3.85,3.93,3.8,3.91,719965
2019-01-14,3.86,3.87,3.62,3.7,1362852
2019-01-15,3.75,3.797,3.63,3.72,948475
2019-01-16,3.74,3.92,3.68,3.79,754887
2019-01-17,3.78,3.86,3.69,3.77,619488
2019-01-18,3.72,3.8,3.65,3.68,743007
2019-01-22,3.67,3.72,2.85,3.53,2448946
2019-01-23,3.51,3.59,3.27,3.28,957149
2019-01-24,3.28,3.345,3.015,3.1,1408648
2019-01-25,3.17,3.39,3.1,3.34,743999
2019-01-28,3.27,3.34,3.19,3.27,504105
2019-01-29,3.48,3.56,3.39,3.45,1182251
2019-01-30,3.44,3.61,3.43,3.47,563148
2019-01-31,3.5,3.58,3.45,3.56,475660
2019-02-01,3.55,3.68,3.49,3.6,529894
2019-02-04,3.62,3.665,3.46,3.5,447252
2019-02-05,3.54,3.56,3.452,3.52,273786
2019-02-06,3.53,3.54,3.445,3.47,204109
2019-02-07,3.46,3.53,3.415,3.48,273276
2019-02-08,3.48,3.49,3.36,3.4,242296
2019-02-11,3.45,3.53,3.43,3.5,168541
2019-02-12,3.55,3.65,3.55,3.65,280455
2019-02-13,3.7,3.88,3.66,3.67,663290
2019-02-14,3.68,3.84,3.67,3.73,818934
2019-02-15,3.74,3.97,3.74,3.91,786672
2019-02-19,4.0,4.274,3.98,4.07,1158008
2019-02-20,4.16,4.16,3.985,4.06,479853
2019-02-21,4.04,4.33,4.0,4.31,1043275
2019-02-22,4.38,4.55,4.36,4.43,1367014
2019-02-25,4.74,5.26,4.71,5.02,3482182
2019-02-26,4.95,5.435,4.95,5.37,1801775
2019-02-27,5.38,5.55,5.02,5.17,1407912
2019-02-28,5.17,5.25,4.65,4.82,1039177
2019-03-01,4.92,5.43,4.89,5.35,1193543
2019-03-04,5.44,5.65,5.15,5.41,1667114
2019-03-05,5.46,5.55,5.19,5.29,655943
2019-03-06,5.26,5.3,5.065,5.14,497222
2019-03-07,5.11,5.11,4.7,4.92,997098
2019-03-08,4.85,4.85,4.53,4.54,488623
2019-03-11,4.6,4.9,4.6,4.77,388156
2019-03-12,4.8,4.9,4.64,4.78,569469
2019-03-13,4.79,5.02,4.68,4.94,656458
2019-03-14,5.33,5.45,4.77,4.98,2491456
2019-03-15,4.98,5.022,4.75,4.9,963717
2019-03-18,4.85,4.88,4.52,4.58,1749512
2019-03-19,4.55,4.68,4.55,4.6,728648
2019-03-20,4.54,4.55,4.26,4.29,1077920
2019-03-21,4.26,4.43,4.18,4.33,992415
2019-03-22,4.28,4.28,3.99,4.0,1360272
2019-03-25,4.0,4.08,3.83,4.03,1414868
2019-03-26,3.94,4.02,3.85,3.87,1248196
2019-03-27,3.83,3.94,3.82,3.87,1004319
2019-03-28,3.83,3.92,3.8,3.86,920773
2019-03-29,3.9,3.98,3.675,3.78,3020357
2019-04-01,3.9,4.02,3.78,3.81,2540275
2019-04-02,3.82,4.015,3.82,3.97,933824
2019-04-03,4.12,4.34,4.02,4.14,1444692
2019-04-04,4.01,4.13,3.92,4.05,815888
2019-04-05,4.07,4.42,4.03,4.41,1082994
2019-04-08,4.36,4.92,4.33,4.83,2242233
2019-04-09,4.9,5.1,4.88,4.92,1895332
2019-04-10,4.91,4.99,4.61,4.85,1905222
2019-04-11,4.81,5.1,4.72,5.0,794878
2019-04-12,5.1,5.48,5.1,5.29,1772487
2019-04-15,5.22,5.4,5.11,5.23,1082628
2019-04-16,5.38,5.69,5.31,5.46,2540957
2019-04-17,5.48,5.65,5.45,5.51,2131500
2019-04-18,5.46,5.505,5.29,5.38,819165
2019-04-22,5.3,5.51,5.22,5.42,691697
2019-04-23,5.42,5.64,5.42,5.62,2247010
2019-04-24,5.6,5.6,5.41,5.5,929909
2019-04-25,5.44,5.45,5.13,5.18,1161007
2019-04-26,5.18,5.44,5.17,5.37,800039
2019-04-29,5.38,5.51,5.29,5.37,937696
2019-04-30,5.37,5.47,5.21,5.22,349112
2019-05-01,5.22,5.36,5.02,5.02,797829
2019-05-02,5.04,5.62,5.03,5.52,2720229
2019-05-03,5.64,6.25,5.48,6.02,3525770
2019-05-06,5.69,5.87,5.5,5.87,1668970
2019-05-07,5.77,5.875,5.63,5.67,1008440
2019-05-08,5.65,5.68,5.44,5.55,931778
2019-05-09,5.44,5.46,5.17,5.3,1315778
2019-05-10,5.35,5.62,5.33,5.49,1159420
2019-05-13,5.28,5.281,4.955,5.02,1792415
2019-05-14,5.13,5.53,5.13,5.45,1504933
2019-05-15,5.66,5.88,5.25,5.3,2594302
2019-05-16,5.35,5.74,5.35,5.69,1345594
2019-05-17,5.52,5.75,5.45,5.64,1092662
2019-05-20,5.3,5.52,4.7,4.76,2719779
2019-05-21,4.96,5.38,4.9,5.35,1455884
2019-05-22,5.25,5.505,5.18,5.37,1689553
2019-05-23,5.15,5.21,5.0,5.0,1753197
2019-05-24,5.09,5.28,5.09,5.14,670524
2019-05-28,5.2,5.27,4.95,4.98,2132961
2019-05-29,4.99,4.99,4.81,4.9,760471
2019-05-30,4.89,5.0,4.76,4.85,432199
2019-05-31,4.75,4.82,4.67,4.71,896890
2019-06-03,4.74,4.93,4.74,4.85,797162
2019-06-04,4.88,4.96,4.835,4.95,848006
2019-06-05,5.0,5.04,4.66,4.71,588517
2019-06-06,4.66,4.71,4.5,4.66,675004
2019-06-07,4.68,4.68,4.58,4.63,562833
2019-06-10,4.74,4.92,4.74,4.86,424234
2019-06-11,4.97,5.09,4.935,5.0,802264
2019-06-12,4.85,4.85,4.51,4.52,2631777
2019-06-13,4.6,4.64,4.33,4.44,1972303
2019-06-14,4.35,4.39,3.93,3.99,4861820
2019-06-17,4.06,4.1,3.95,3.96,1693872
2019-06-18,4.01,4.24,3.91,4.04,2273678
2019-06-19,4.09,4.47,4.05,4.27,1963059
2019-06-20,4.41,4.66,4.4,4.62,1228793
2019-06-21,4.55,4.61,4.11,4.17,2384008
2019-06-24,4.18,4.505,4.18,4.32,1171624
2019-06-25,4.25,4.26,3.9,4.23,1866062
2019-06-26,4.3,4.3,4.06,4.24,873225
2019-06-27,4.24,4.38,4.06,4.26,1473876
2019-06-28,4.25,4.37,4.15,4.35,966815
2019-07-01,4.55,4.63,4.37,4.41,1072409
2019-07-02,4.39,4.75,4.38,4.75,2031945
2019-07-03,4.65,4.67,4.47,4.53,778023
2019-07-05,4.5,4.5,4.3,4.45,1232711
2019-07-08,4.33,4.335,4.18,4.26,1323996
2019-07-09,4.22,4.47,4.21,4.44,1433931
2019-07-10,4.5,4.5,4.3,4.35,1333006
2019-07-11,4.39,4.58,4.39,4.53,1123031
2019-07-12,4.59,4.6,4.45,4.47,860201
2019-07-15,4.54,4.54,4.39,4.49,1401790
2019-07-16,4.5,4.5,4.29,4.39,1067592
2019-07-17,4.4,4.48,4.295,4.41,854381
2019-07-18,4.38,4.44,4.185,4.23,2262807
2019-07-19,4.24,4.33,3.985,3.99,5645494
2019-07-22,3.99,4.105,3.96,3.99,1229955
2019-07-23,4.03,4.18,4.002,4.16,2144671
2019-07-24,4.19,4.22,4.085,4.19,897318
2019-07-25,4.2,4.2,3.94,3.96,1387390
2019-07-26,3.99,4.0,3.7,3.96,2541069
2019-07-29,3.88,4.01,3.83,3.94,1136047
2019-07-30,3.9,3.93,3.82,3.83,633011
2019-07-31,3.87,3.95,3.797,3.88,557941
2019-08-01,3.95,4.01,3.78,3.84,997127
2019-08-02,3.81,3.9,3.73,3.83,718893
2019-08-05,3.68,3.77,3.62,3.71,737696
2019-08-06,3.82,3.82,3.62,3.7,859081
2019-08-07,3.67,3.73,3.66,3.7,573584
2019-08-08,3.75,3.82,3.68,3.72,624393
2019-08-09,3.7,3.77,3.4,3.45,1731547
2019-08-12,3.38,3.44,3.308,3.41,958997
2019-08-13,3.38,3.5,3.23,3.26,2328584
2019-08-14,3.2,3.3,3.01,3.04,2797220
2019-08-15,3.1,3.45,3.05,3.43,2135317
2019-08-16,3.5,3.69,3.4,3.64,1803327
2019-08-19,3.8,3.87,3.61,3.69,1592922
2019-08-20,3.74,3.75,3.255,3.7,1776083
2019-08-21,3.7,3.82,3.64,3.7,903953
2019-08-22,3.69,3.74,3.48,3.53,793488
2019-08-23,3.45,3.72,3.372,3.68,1375635
2019-08-26,3.53,3.9,3.49,3.88,2147726
2019-08-27,3.9,3.94,3.77,3.77,704600
2019-08-28,3.72,3.81,3.68,3.79,657881
2019-08-29,3.82,3.88,3.65,3.85,1010224
2019-08-30,3.89,3.92,3.73,3.74,734185
2019-09-03,3.65,3.77,3.65,3.65,821949
2019-09-04,3.73,3.83,3.7,3.74,1193546
2019-09-05,3.79,4.03,3.77,3.81,1736247
2019-09-06,3.84,3.95,3.77,3.78,613468
2019-09-09,3.83,3.93,3.78,3.91,528175
2019-09-10,3.94,3.95,3.82,3.91,632168
2019-09-11,3.94,3.99,3.83,3.95,1255448
2019-09-12,3.95,3.95,3.79,3.86,926905
2019-09-13,3.94,3.96,3.83,3.92,627351
2019-09-16,3.84,3.9,3.75,3.79,1060011
2019-09-17,3.72,3.75,3.51,3.55,1754233
2019-09-18,3.53,3.62,3.39,3.42,1507425
2019-09-19,3.44,3.5,3.4,3.45,1056754
2019-09-20,3.42,3.54,3.42,3.47,4701204
2019-09-23,3.45,3.605,3.43,3.59,898978
2019-09-24,3.6,3.6,3.33,3.35,924552
2019-09-25,3.35,3.37,3.285,3.33,989034
2019-09-26,3.3,3.3,3.09,3.1,1262637
2019-09-27,3.11,3.11,2.88,2.9,2819566
2019-09-30,2.95,2.98,2.85,2.9,1347316
2019-10-01,2.96,2.96,2.79,2.81,847178
2019-10-02,2.86,2.95,2.74,2.91,945683
2019-10-03,2.95,2.98,2.785,2.87,796840
2019-10-04,2.86,2.88,2.8,2.84,457075
2019-10-07,2.8,2.85,2.76,2.78,744110
2019-10-08,2.75,2.82,2.62,2.64,1217969
2019-10-09,2.76,2.889,2.68,2.83,1616613
2019-10-10,2.8,2.88,2.73,2.81,1012753
2019-10-11,2.86,2.885,2.79,2.83,754237
2019-10-14,2.86,2.86,2.77,2.8,1119396
2019-10-15,2.78,2.85,2.77,2.79,1020723
2019-10-16,2.82,2.84,2.76,2.82,973623
2019-10-17,2.82,3.01,2.81,2.95,1391687
2019-10-18,2.95,3.04,2.9,2.91,2194001
2019-10-21,2.75,2.87,2.73,2.84,1306995
2019-10-22,2.84,2.93,2.77,2.83,1105501
2019-10-23,2.82,2.84,2.68,2.7,1841195
2019-10-24,2.76,2.79,2.7,2.79,1349178
2019-10-25,2.8,2.805,2.69,2.76,720123
2019-10-28,2.82,2.98,2.77,2.96,1506052
2019-10-29,2.95,3.11,2.88,3.03,1350231
2019-10-30,2.98,3.045,2.9,2.95,1409900
2019-10-31,2.9,3.0,2.76,2.8,2232325
2019-11-01,2.85,2.97,2.82,2.93,717088
2019-11-04,3.0,3.06,2.91,2.94,1019410
2019-11-05,3.03,3.03,2.93,2.94,2178115
2019-11-06,3.02,3.02,2.86,2.9,1076706
2019-11-07,2.94,2.99,2.88,2.99,811429
2019-11-08,2.94,2.99,2.92,2.98,788923
2019-11-11,2.94,3.06,2.91,3.06,800949
2019-11-12,3.03,3.05,2.95,3.0,1274957
2019-11-13,3.0,3.03,2.93,2.95,1647328
2019-11-14,2.96,3.0,2.96,2.98,1017193
2019-11-15,3.0,3.07,2.97,3.01,910554
2019-11-18,2.99,3.01,2.86,2.87,2778103
2019-11-19,2.86,2.89,2.18,2.2,9552536
2019-11-20,2.29,2.29,2.2,2.21,3266627
2019-11-21,2.2,2.23,2.03,2.06,4577085
2019-11-22,2.1,2.25,2.09,2.15,3290535
2019-11-25,2.2,2.37,2.16,2.34,1481890
2019-11-26,2.36,2.515,2.34,2.46,2504978
2019-11-27,2.54,2.71,2.52,2.7,3644366
2019-11-29,2.7,2.93,2.65,2.93,376712
2019-12-02,2.88,2.88,2.55,2.59,1011405
2019-12-03,2.54,2.56,2.43,2.44,572650
2019-12-04,2.45,2.55,2.36,2.36,893103
2019-12-05,2.4,2.44,2.285,2.29,489890
2019-12-06,2.3,2.48,2.3,2.43,1066572
2019-12-09,2.4,2.465,2.32,2.34,517909
2019-12-10,2.38,2.4,2.32,2.34,809764
2019-12-11,2.35,2.44,2.35,2.39,585971
2019-12-12,2.36,2.4,2.29,2.32,999919
2019-12-13,2.37,2.37,2.14,2.21,1985653
2019-12-16,2.33,2.35,2.27,2.32,1118550
2019-12-17,2.28,2.35,2.25,2.33,948935
2019-12-18,2.29,2.34,2.26,2.32,1202231
2019-12-19,2.32,2.46,2.32,2.34,1550595
2019-12-20,2.38,2.41,2.28,2.3,1694362
2019-12-23,2.3,2.305,2.2,2.22,1415113
2019-12-24,2.22,2.28,2.17,2.25,1084405
2019-12-26,2.2,2.4,2.2,2.4,1653672
2019-12-27,2.39,2.58,2.39,2.46,1984468
2019-12-30,2.46,2.5,2.41,2.5,789755
2019-12-31,2.46,2.66,2.46,2.65,1174739
2020-01-02,2.68,2.82,2.65,2.8,1150743
2020-01-03,2.68,2.85,2.66,2.82,944813
2020-01-06,2.8,2.8,2.46,2.56,1635811
2020-01-07,2.61,2.61,2.55,2.56,541144
2020-01-08,2.54,2.57,2.39,2.56,549863
2020-01-09,2.57,2.72,2.54,2.66,928945
2020-01-10,2.61,2.7,2.51,2.55,482975
2020-01-13,2.58,2.75,2.58,2.69,663243
2020-01-14,2.64,2.7,2.63,2.64,635902
2020-01-15,2.68,2.68,2.52,2.57,865503
2020-01-16,2.41,2.455,2.33,2.34,1627508
2020-01-17,2.36,2.42,2.3,2.33,1427065
2020-01-21,2.28,2.41,2.25,2.33,1186094
2020-01-22,2.39,2.46,2.36,2.4,742462
2020-01-23,2.36,2.36,2.22,2.23,1613221
2020-01-24,2.25,2.265,2.12,2.13,1200509
2020-01-27,2.06,2.19,1.964,2.11,1265061
2020-01-28,2.17,2.22,2.135,2.15,495499
2020-01-29,2.15,2.22,2.13,2.13,275514
2020-01-30,2.07,2.13,2.0,2.03,913424
2020-01-31,2.04,2.05,2.0,2.02,316086
2020-02-03,2.01,2.053,1.95,1.95,480768
2020-02-04,2.0,2.35,2.0,2.1,1405272
2020-02-05,2.12,2.18,2.0,2.02,665046
2020-02-06,2.02,2.06,2.01,2.04,627628
2020-02-07,2.01,2.03,1.99,2.0,698189
2020-02-10,2.0,2.01,1.91,1.94,866748
2020-02-11,2.0,2.02,1.9,1.92,769916
2020-02-12,1.99,2.17,1.94,2.14,894432
2020-02-13,2.1,2.12,2.01,2.02,558136
2020-02-14,2.09,2.09,1.92,1.96,949773
2020-02-18,2.0,2.03,1.9,1.9,679127
2020-02-19,1.94,1.99,1.9,1.92,697228
2020-02-20,1.92,2.0,1.92,1.99,894690
2020-02-21,2.01,2.03,1.92,1.95,467127
2020-02-24,1.92,1.97,1.9,1.91,576154
2020-02-25,1.91,1.93,1.69,1.77,1349936
2020-02-26,1.79,1.84,1.7,1.75,743866
2020-02-27,1.73,1.92,1.61,1.91,1532795
2020-02-28,1.84,1.98,1.81,1.98,694450
2020-03-02,2.0,2.03,1.92,1.98,625850
2020-03-03,1.97,2.01,1.91,1.92,622476
2020-03-04,1.97,1.97,1.85,1.89,307649
2020-03-05,1.86,1.89,1.82,1.83,545501
2020-03-06,1.8,1.83,1.66,1.67,746746
2020-03-09,1.6,1.64,1.51,1.54,967503
2020-03-10,1.63,1.74,1.57,1.68,757952
2020-03-11,1.67,1.76,1.59,1.65,1607182
2020-03-12,1.55,1.59,1.46,1.51,1358912
2020-03-13,1.6,1.67,1.51,1.67,845936
2020-03-16,1.32,1.6,1.32,1.42,1127880
2020-03-17,1.44,1.55,1.41,1.41,624590
2020-03-18,1.31,1.44,1.22,1.3,1173477
2020-03-19,1.4,1.54,1.38,1.45,935395
2020-03-20,1.5,1.53,1.38,1.42,759741
2020-03-23,1.42,1.57,1.35,1.42,1184776
2020-03-24,1.42,1.62,1.42,1.51,898371
2020-03-25,1.37,1.6,1.37,1.46,1269932
2020-03-26,1.47,1.74,1.47,1.63,1093111
2020-03-27,1.53,1.64,1.52,1.58,1005483
2020-03-30,1.53,1.58,1.49,1.49,788365
2020-03-31,1.45,1.79,1.45,1.78,828855
2020-04-01,1.66,1.94,1.61,1.92,1101282
2020-04-02,1.82,1.92,1.71,1.72,752195
2020-04-03,1.72,1.75,1.66,1.68,413042
2020-04-06,1.66,1.74,1.58,1.65,514147
2020-04-07,1.7,1.86,1.69,1.71,914032
2020-04-08,1.79,1.81,1.65,1.65,373180
2020-04-09,1.71,1.78,1.67,1.7,336986
2020-04-13,1.7,1.73,1.63,1.63,233093
2020-04-14,1.7,1.77,1.66,1.66,250124
2020-04-15,1.62,1.69,1.56,1.63,481202
2020-04-16,1.65,1.69,1.56,1.64,315912
2020-04-17,1.64,1.74,1.63,1.66,365439
2020-04-20,1.65,1.785,1.64,1.73,392635
2020-04-21,1.73,1.775,1.65,1.73,349172
2020-04-22,1.73,1.73,1.67,1.68,296170
2020-04-23,1.63,1.71,1.63,1.69,358125
2020-04-24,1.7,1.7,1.62,1.66,305156
2020-04-27,1.67,1.87,1.67,1.8,679841
2020-04-28,1.8,1.84,1.72,1.8,312562
2020-04-29,1.78,1.94,1.78,1.86,782174
2020-04-30,1.86,1.92,1.82,1.92,312456
2020-05-01,1.89,1.89,1.72,1.78,486378
2020-05-04,1.78,1.78,1.66,1.66,304564
2020-05-05,1.7,1.7,1.56,1.57,608307
2020-05-06,1.6,1.64,1.58,1.6,499530
2020-05-07,1.6,1.68,1.57,1.6,211970
2020-05-08,1.6,1.722,1.6,1.64,514444
2020-05-11,1.7,1.73,1.635,1.65,438178
2020-05-12,1.65,1.69,1.6,1.6,467151
2020-05-13,1.62,1.62,1.51,1.52,529057
2020-05-14,1.56,1.61,1.535,1.57,585931
2020-05-15,1.6,1.64,1.53,1.6,232180
2020-05-18,1.62,1.68,1.595,1.61,547855
2020-05-19,1.61,1.68,1.56,1.56,502659
2020-05-20,1.61,1.65,1.54,1.56,516125
2020-05-21,1.53,1.555,1.49,1.5,470614
2020-05-22,1.5,1.5,1.43,1.43,479827
2020-05-26,1.5,1.54,1.48,1.48,870081
2020-05-27,1.63,1.64,1.53,1.56,783857
2020-05-28,1.56,1.56,1.46,1.47,1063569
2020-05-29,1.44,1.528,1.44,1.52,912007
2020-06-01,1.49,1.52,1.48,1.5,1151752
2020-06-02,1.5,1.55,1.48,1.49,636638
2020-06-03,1.53,1.69,1.51,1.62,1608939
2020-06-04,1.62,1.74,1.62,1.67,955525
2020-06-05,1.68,1.935,1.68,1.86,1296628
2020-06-08,1.81,1.95,1.73,1.9,1054987
2020-06-09,1.87,2.03,1.8,1.96,785917
2020-06-10,1.99,2.195,1.9,2.11,1306031
2020-06-11,1.9,1.9,1.63,1.66,3579766
2020-06-12,1.75,1.75,1.45,1.47,5658633
2020-06-15,1.58,1.63,1.46,1.62,2954992
2020-06-16,1.6,1.656,1.57,1.6,1615156
2020-06-17,1.57,1.65,1.55,1.57,1403495
2020-06-18,1.57,1.63,1.56,1.62,1394519
2020-06-19,1.62,1.68,1.61,1.66,3636707
2020-06-22,1.64,1.7,1.63,1.67,1273485
2020-06-23,1.68,1.775,1.63,1.69,1572637
2020-06-24,1.69,1.75,1.65,1.71,1132589
2020-06-25,1.7,1.81,1.7,1.74,1736380
2020-06-26,1.71,1.81,1.68,1.74,1411773
2020-06-29,1.75,1.7882,1.66,1.66,1406202
2020-06-30,1.68,1.87,1.68,1.81,1585595
2020-07-01,1.77,1.93,1.77,1.9,1151617
2020-07-02,1.95,1.975,1.8,1.84,1620792
2020-07-06,1.88,1.96,1.81,1.96,2104326
2020-07-07,2.0,2.0,1.82,1.94,1807867
2020-07-08,1.92,2.11,1.92,2.09,3749701
2020-07-09,2.15,2.16,2.02,2.09,2270827
2020-07-10,2.08,2.19,2.05,2.16,2177965
2020-07-13,2.21,2.31,2.12,2.15,2023330
2020-07-14,2.1,2.17,1.925,1.96,1858407
2020-07-15,1.95,2.09,1.95,1.99,819062
2020-07-16,1.98,2.08,1.95,2.05,1144984
2020-07-17,2.03,2.07,1.95,1.96,446064
2020-07-20,2.02,2.25,1.99,2.04,1687191
2020-07-21,2.08,2.335,2.08,2.24,2431508
2020-07-22,2.2,2.3022,2.14,2.16,1439304
2020-07-23,2.15,2.15,1.995,2.0,1758562
2020-07-24,1.89,2.02,1.84,1.85,1465622
2020-07-27,1.86,2.085,1.86,2.03,832767
2020-07-28,2.01,2.03,1.94,1.95,291047
2020-07-29,1.97,2.02,1.95,1.96,325208
2020-07-30,1.96,2.0167,1.95,1.95,505784
2020-07-31,1.95,2.04,1.95,2.03,357735
2020-08-03,2.04,2.04,1.94,1.95,606822
2020-08-04,2.04,2.08,1.97,1.99,919974
2020-08-05,1.98,2.16,1.98,2.11,809877
2020-08-06,2.11,2.125,2.01,2.07,369767
2020-08-07,2.05,2.14,2.02,2.08,629569
2020-08-10,2.06,2.15,2.06,2.11,257411
2020-08-11,2.11,2.25,2.11,2.16,833440
2020-08-12,2.23,2.38,2.2273,2.29,996567
2020-08-13,2.34,2.45,2.31,2.32,1101372
2020-08-14,2.27,2.4,2.27,2.36,379093
2020-08-17,2.37,2.5,2.36,2.4,727159
2020-08-18,2.34,2.42,2.2,2.21,938130
2020-08-19,2.2,2.28,2.05,2.06,1120685
2020-08-20,2.0,2.95,1.95,2.65,14910401
2020-08-21,2.59,2.595,2.29,2.35,2113271
2020-08-24,2.36,2.56,2.28,2.56,1265596
2020-08-25,2.7,2.7,2.37,2.4,1890177
2020-08-26,2.4,2.405,2.315,2.39,609956
2020-08-27,2.29,2.3398,2.06,2.18,1512522
2020-08-28,2.12,2.175,2.08,2.08,742489
2020-08-31,2.06,2.06,1.88,1.9,1740875
2020-09-01,1.87,1.97,1.85,1.87,842486
2020-09-02,1.87,1.89,1.64,1.65,1426825
2020-09-03,1.64,1.85,1.62,1.72,1669087
2020-09-04,1.72,1.81,1.6628,1.77,986850
2020-09-08,1.78,1.82,1.655,1.66,1006147
2020-09-09,1.69,1.75,1.61,1.61,1055633
2020-09-10,1.63,1.7,1.59,1.63,564496
2020-09-11,1.57,1.68,1.57,1.65,508787
2020-09-14,1.65,1.74,1.64,1.69,722155
2020-09-15,1.66,1.75,1.66,1.69,348626
2020-09-16,1.64,1.82,1.64,1.71,594463
2020-09-17,1.71,1.7627,1.7,1.71,359962
2020-09-18,1.7,1.78,1.62,1.63,1284721
2020-09-21,1.62,1.68,1.61,1.62,511781
2020-09-22,1.62,1.7342,1.62,1.63,599959
2020-09-23,1.63,1.72,1.63,1.65,481999
2020-09-24,1.65,1.77,1.62,1.69,736333
2020-09-25,1.69,1.79,1.68,1.68,557390
2020-09-28,1.72,1.8,1.7,1.75,610487
2020-09-29,1.74,1.89,1.74,1.87,536312
2020-09-30,1.87,1.93,1.83,1.84,535376
2020-10-01,1.8,1.97,1.8,1.97,523528
2020-10-02,1.97,2.05,1.92,2.0,691984
2020-10-05,2.01,2.015,1.82,1.85,695644
2020-10-06,1.87,2.01,1.861,1.94,667350
2020-10-07,1.9,2.02,1.9,1.91,592436
2020-10-08,1.91,2.02,1.9,1.91,539847
2020-10-09,1.91,2.02,1.91,1.95,746359
2020-10-12,1.95,2.04,1.95,1.97,568610
2020-10-13,1.92,2.01,1.92,1.98,503459
2020-10-14,1.97,2.01,1.95,1.98,295160
2020-10-15,1.95,2.02,1.95,1.99,312801
2020-10-16,1.96,2.13,1.95,2.07,608674
2020-10-19,2.07,2.21,2.04,2.09,605842
2020-10-20,2.13,2.289,2.13,2.21,557668
2020-10-21,2.2,2.3,2.19,2.21,382614
2020-10-22,2.2,2.28,2.115,2.2,534224
2020-10-23,2.21,2.28,2.19,2.19,315207
2020-10-26,2.21,2.25,2.03,2.06,614555
2020-10-27,2.06,2.155,2.05,2.14,317052
2020-10-28,2.1,2.2,2.02,2.02,467809
2020-10-29,2.02,2.205,2.02,2.11,395841
2020-10-30,2.13,2.16,2.01,2.03,387279
2020-11-02,2.06,2.19,2.03,2.03,345651
2020-11-03,1.99,2.0417,1.905,2.0,494250
2020-11-04,2.01,2.1,1.99,2.02,338598
2020-11-05,2.05,2.1252,1.98,2.08,563815
2020-11-06,2.08,2.13,2.02,2.09,286830
2020-11-09,2.13,2.2,2.11,2.19,338686
2020-11-10,2.14,2.18,2.0734,2.09,360226
2020-11-11,2.06,2.1127,2.025,2.03,346385
2020-11-12,2.04,2.12,2.03,2.06,325157
2020-11-13,2.05,2.17,2.05,2.17,244059
2020-11-16,2.17,2.25,2.024,2.03,1022478
2020-11-17,2.1,2.1,2.015,2.05,642264
2020-11-18,2.05,2.08,2.025,2.04,488253
2020-11-19,2.05,2.08,2.0266,2.04,756419
2020-11-20,2.04,2.06,2.03,2.04,697356
2020-11-23,2.08,2.08,2.03,2.04,959561
2020-11-24,2.04,2.05,2.01,2.05,766869
2020-11-25,2.05,2.05,2.025,2.05,800961
2020-11-27,2.06,2.3,2.04,2.23,2132240
2020-11-30,2.3,2.375,2.16,2.18,1967517
2020-12-01,2.23,2.36,2.19,2.23,1199487
2020-12-02,2.18,2.35,2.18,2.34,1097770
2020-12-03,2.34,2.35,2.24,2.29,872837
2020-12-04,2.3,2.32,2.23,2.29,774125
2020-12-07,2.29,2.31,2.2,2.28,845671
2020-12-08,2.28,2.3,2.21,2.25,533017
2020-12-09,2.26,2.2799,2.13,2.14,830526
2020-12-10,2.14,2.19,2.07,2.1,842969
2020-12-11,2.09,2.14,2.08,2.1,662792
2020-12-14,2.08,2.18,2.04,2.13,939605
2020-12-15,2.15,2.22,2.1,2.21,627832
2020-12-16,2.21,2.3,2.19,2.25,572783
2020-12-17,2.25,2.32,2.21,2.25,731865
2020-12-18,2.22,2.33,2.105,2.18,1985252
2020-12-21,2.15,2.29,2.145,2.19,676326
2020-12-22,2.21,2.28,2.1617,2.27,668379
2020-12-23,2.24,2.48,2.22,2.38,1550103
2020-12-24,2.39,2.45,2.33,2.36,297260
2020-12-28,2.36,2.3899,2.245,2.27,651678
2020-12-29,2.28,2.4,2.2764,2.36,886266
2020-12-30,2.34,2.65,2.34,2.59,1207157
2020-12-31,2.6,2.67,2.14,2.67,1456257
2021-01-04,2.7,2.7,2.51,2.61,631295
2021-01-05,2.61,2.8,2.58,2.74,560056
2021-01-06,2.71,2.77,2.65,2.68,809144
2021-01-07,2.69,2.76,2.63,2.75,442781
2021-01-08,2.77,2.85,2.75,2.85,489618
2021-01-11,2.89,3.0,2.86,3.0,624494
2021-01-12,3.0,3.0,2.92,2.94,639790
2021-01-13,2.95,3.38,2.93,3.35,1367077
2021-01-14,3.36,3.87,3.3512,3.8,2673998
2021-01-15,3.6,3.68,3.42,3.51,904951
2021-01-19,3.61,3.71,3.46,3.5,791970
2021-01-20,3.57,3.6027,3.42,3.51,700819
2021-01-21,3.5,3.69,3.4501,3.63,859711
2021-01-22,3.64,3.71,3.52,3.59,434770
2021-01-25,3.59,3.735,3.45,3.5,882111
2021-01-26,3.51,3.59,3.36,3.4,614405
2021-01-27,3.33,3.59,3.3,3.51,623821
2021-01-28,3.5,3.5,3.36,3.49,505415
2021-01-29,3.45,3.54,3.4,3.45,487197
2021-02-01,3.6,4.01,3.58,3.87,1644282
2021-02-02,4.0,4.09,3.83,3.92,1025391
2021-02-03,4.05,4.17,3.94,4.14,1414593
2021-02-04,4.23,4.33,3.97,4.04,1605027
2021-02-05,4.11,4.13,3.86,3.99,1401249
2021-02-08,4.05,4.46,4.03,4.37,1671018
2021-02-09,4.5,4.59,4.28,4.46,990106
2021-02-10,4.65,5.545,4.6,5.28,3440112
2021-02-11,5.36,5.67,5.18,5.56,1905339
2021-02-12,5.53,6.495,5.34,6.18,2699349
2021-02-16,7.04,8.05,6.97,7.85,8537673
2021-02-17,7.69,8.16,7.08,7.72,5429487
2021-02-18,7.0,8.04,7.0,7.39,4913003
2021-02-19,7.56,7.67,6.59,6.74,4047855
2021-02-22,6.96,7.2,6.52,6.62,2639524
2021-02-23,5.92,5.98,4.67,5.76,4350151
2021-02-24,6.0,6.08,5.65,5.82,2657274
2021-02-25,5.87,5.87,5.29,5.38,1677952
2021-02-26,5.29,5.75,5.23,5.62,2048294
2021-03-01,5.8,6.09,5.665,5.85,2650640
2021-03-02,5.85,5.85,5.13,5.33,3182542
2021-03-03,5.5,5.5,5.27,5.41,1794614
2021-03-04,5.28,5.41,4.82,5.13,2025276
2021-03-05,5.14,5.17,4.1,4.98,4467219
2021-03-08,4.85,4.9,4.51,4.52,1784616
2021-03-09,4.73,4.96,4.7,4.89,3187928
2021-03-10,5.18,5.18,4.8,5.06,2229740
2021-03-11,6.04,10.61,5.78,9.77,81532139
2021-03-12,7.64,9.13,7.55,8.6,15158849
2021-03-15,8.07,8.18,7.3,7.86,7470865
2021-03-16,7.54,8.63,7.5,8.08,6776428
2021-03-17,7.69,8.44,7.67,7.92,3940603
2021-03-18,8.0,9.0,7.89,8.47,7863570
2021-03-19,8.32,8.72,7.92,8.24,4592793
2021-03-22,8.29,9.0,8.2,8.3,6871037
2021-03-23,8.3,8.61,7.82,8.0,3224884
2021-03-24,7.97,7.97,6.71,6.93,4880956
2021-03-25,6.65,7.21,6.62,6.96,1930799
2021-03-26,7.15,7.2,6.54,6.91,2330060
2021-03-29,6.84,6.89,6.24,6.59,2503752
2021-03-30,6.69,7.33,6.61,7.06,2383244
2021-03-31,7.07,7.16,6.83,7.01,1535787
2021-04-01,7.2,7.45,6.82,6.93,2218623
2021-04-05,7.0,7.07,6.8,7.01,963986
2021-04-06,6.85,7.155,6.72,6.76,1320544
2021-04-07,6.81,7.05,6.66,6.83,1086760
2021-04-08,6.84,7.11,6.726,7.01,1313019
2021-04-09,6.97,7.0,6.76,6.92,669358
2021-04-12,6.93,6.95,6.36,6.39,996974
2021-04-13,6.39,6.62,6.3,6.37,1214077
2021-04-14,6.37,6.74,6.31,6.37,862642
2021-04-15,6.47,6.52,5.87,6.07,1590456
2021-04-16,6.02,6.19,5.92,6.11,1000774
2021-04-19,6.11,6.325,6.04,6.2,934693
2021-04-20,6.11,6.24,5.85,6.1,1039318
2021-04-21,6.12,6.45,6.0,6.45,1241970
2021-04-22,6.5,6.6,6.275,6.3,1055644
2021-04-23,6.4,6.749,6.3,6.63,779514
2021-04-26,6.64,7.08,6.5,6.95,1267880
2021-04-27,7.1,7.1,6.73,6.88,756980
2021-04-28,6.73,7.26,6.73,7.1,890452
2021-04-29,7.13,7.18,6.58,6.87,861254
2021-04-30,6.79,6.93,6.685,6.71,583928
2021-05-03,6.79,6.8,6.58,6.64,534237
2021-05-04,6.65,6.65,6.25,6.51,790363
2021-05-05,6.6,6.83,6.44,6.48,674480
2021-05-06,6.4,6.43,6.13,6.35,787591
2021-05-07,6.39,6.79,6.36,6.49,812597
2021-05-10,6.38,6.48,6.0,6.32,1418834
2021-05-11,6.0,6.48,6.0,6.39,747695
2021-05-12,6.37,6.5797,6.24,6.27,931588
2021-05-13,6.22,6.43,6.19,6.32,1126810
2021-05-14,6.39,6.89,6.39,6.84,1563792
2021-05-17,6.96,7.32,6.83,7.18,2019907
2021-05-18,7.34,7.66,7.285,7.42,1910739
2021-05-19,7.13,7.57,7.0,7.54,1396933
2021-05-20,7.63,7.74,7.39,7.72,1743009
2021-05-21,7.83,7.84,7.42,7.52,2037426
2021-05-24,7.66,7.93,7.45,7.77,1491696
2021-05-25,8.0,8.75,7.12,7.92,5507192
2021-05-26,7.8,7.95,7.3,7.44,1900954
2021-05-27,7.5,7.96,7.37,7.95,3630315
2021-05-28,7.905,7.95,7.37,7.52,1821509
2021-06-01,7.6,8.4,7.58,8.3,2588842
2021-06-02,8.4,8.7,8.22,8.42,2330598
2021-06-03,8.23,8.38,7.85,8.03,1483534
2021-06-04,8.12,8.7699,8.11,8.63,2323383
2021-06-07,8.63,8.65,8.06,8.28,2734331
2021-06-08,8.4,8.42,7.77,8.34,2214270
2021-06-09,8.29,8.98,8.28,8.6,4102511
2021-06-10,8.7,9.14,8.07,8.09,3625620
2021-06-11,8.15,8.36,7.9,8.28,1621965
2021-06-14,8.4,9.36,8.39,9.22,7406785
2021-06-15,9.4,9.74,9.03,9.35,4317860
2021-06-16,9.22,9.69,8.9,9.42,3029801
2021-06-17,9.63,10.41,9.46,9.98,4805350
2021-06-18,10.1,10.15,9.75,9.9,4142028
2021-06-21,10.06,10.06,8.64,9.0,3915237
2021-06-22,9.11,9.3,8.665,9.23,2677407
2021-06-23,9.33,9.57,9.01,9.55,1348780
2021-06-24,9.6,9.618,9.27,9.47,1597369
2021-06-25,9.53,9.7,9.28,9.37,997970
2021-06-28,9.45,9.62,9.37,9.55,894150
2021-06-29,9.5,9.52,8.97,9.45,1199050
2021-06-30,9.32,9.67,9.05,9.52,1514457
2021-07-01,9.5,9.88,9.27,9.54,2173597
2021-07-02,9.37,9.37,8.602,8.68,2236966
2021-07-06,8.18,8.83,8.15,8.71,1728318
2021-07-07,8.83,9.05,8.7,8.8,1736362
2021-07-08,7.6,8.06,7.47,8.02,3994202
2021-07-09,8.3,8.32,7.581,7.93,2054600
2021-07-12,7.97,8.138,7.67,7.9,1251593
2021-07-13,7.97,8.26,7.73,7.78,1583509
2021-07-14,7.87,8.14,7.75,7.86,1270371
2021-07-15,7.81,8.09,7.76,8.01,1265238
2021-07-16,8.01,8.03,7.44,7.67,1360989
2021-07-19,7.5,7.55,7.2,7.53,1778035
2021-07-20,7.5,7.54,7.26,7.44,1673836
2021-07-21,7.48,8.03,7.45,7.88,1781805
2021-07-22,7.93,7.93,7.36,7.7,1558384
2021-07-23,7.33,7.33,6.91,7.13,1707695
2021-07-26,6.69,7.22,6.57,7.07,1900886
2021-07-27,6.89,6.98,6.45,6.79,2451775
2021-07-28,7.0,7.34,6.87,7.22,2006484
2021-07-29,7.28,7.28,6.58,6.6,2364362
2021-07-30,6.28,6.73,6.24,6.53,2614794
2021-08-02,6.62,6.68,6.43,6.47,1346083
2021-08-03,6.49,6.56,6.34,6.51,1276512
2021-08-04,6.58,6.66,6.36,6.42,1085742
2021-08-05,6.39,6.5,6.26,6.36,1158036
2021-08-06,6.43,6.48,6.145,6.27,1357843
2021-08-09,6.58,6.73,6.36,6.61,951634
2021-08-10,6.69,6.8,6.38,6.38,1296782
2021-08-11,6.525,6.525,6.24,6.38,1031705
2021-08-12,6.35,6.35,6.076,6.21,794081
2021-08-13,6.2,6.235,6.0,6.07,961295
2021-08-16,6.0,6.0,5.69,5.87,2123562
2021-08-17,5.4,5.82,5.32,5.82,1200135
2021-08-18,5.82,5.92,5.62,5.77,1401513
2021-08-19,5.63,5.77,5.465,5.76,1929935
2021-08-20,5.84,6.23,5.75,5.78,3246530
2021-08-23,6.37,6.49,5.85,6.07,2296152
2021-08-24,6.03,6.415,5.94,6.29,2551616
2021-08-25,6.32,6.335,5.9,6.02,2272745
2021-08-26,6.025,6.1199,5.83,5.88,1174948
2021-08-27,5.89,6.07,5.72,6.07,1365988
2021-08-30,6.1,6.105,5.75,5.91,1040285
2021-08-31,5.92,6.21,5.91,6.09,1199284
2021-09-01,6.13,6.38,6.12,6.21,869253
2021-09-02,6.15,6.44,6.05,6.24,1156989
2021-09-03,6.2,6.39,6.06,6.22,1300824
2021-09-07,6.39,6.805,6.22,6.23,17209708
2021-09-08,6.255,6.27,6.03,6.24,1488638
2021-09-09,6.125,6.35,6.09,6.27,2217712
2021-09-10,6.33,6.57,6.095,6.19,1262410
2021-09-13,6.1,6.17,5.82,5.96,1654464
2021-09-14,5.98,6.07,5.64,5.68,1559506
2021-09-15,5.67,5.97,5.63,5.86,1383628
2021-09-16,5.88,5.96,5.72,5.83,1020548
2021-09-17,5.83,5.92,5.73,5.8,6707623
2021-09-20,5.62,5.62,5.2417,5.54,2382943
2021-09-21,5.69,5.79,5.55,5.57,1582145
2021-09-22,5.72,5.93,5.67,5.85,859652
2021-09-23,5.92,6.0,5.85,5.94,788544
2021-09-24,5.92,5.92,5.74,5.82,979891
2021-09-27,5.84,5.86,5.58,5.77,1061820
2021-09-28,5.72,5.84,5.51,5.53,1052059
2021-09-29,5.54,5.628,5.4801,5.51,433586
2021-09-30,5.53,5.7771,5.5,5.64,806132
2021-10-01,5.6,5.78,5.5,5.71,1185698
2021-10-04,5.64,5.67,5.355,5.44,674752
2021-10-05,5.49,5.75,5.48,5.7,569863
2021-10-06,5.55,5.59,5.37,5.54,828718
2021-10-07,5.7,5.86,5.6,5.63,1905640
2021-10-08,5.65,6.06,5.65,5.87,1065950
2021-10-11,5.95,6.35,5.95,6.04,1868308
2021-10-12,6.05,6.18,5.91,6.06,1083023
2021-10-13,6.1,6.13,5.95,6.05,830268
2021-10-14,6.0,6.0,5.58,5.8,1451403
2021-10-15,5.89,5.89,5.62,5.7,751832
2021-10-18,5.7,5.86,5.6945,5.84,785976
2021-10-19,5.81,6.0395,5.78,5.93,1085996
2021-10-20,6.28,6.48,6.2,6.22,1931961
2021-10-21,6.27,6.615,6.23,6.4,1212857
2021-10-22,6.46,6.59,6.35,6.42,1183913
2021-10-25,6.43,6.6,6.36,6.46,1229383
2021-10-26,6.53,6.53,6.21,6.36,1311702
2021-10-27,6.25,6.35,6.12,6.24,1039250
2021-10-28,6.2,6.25,6.02,6.24,978018
2021-10-29,6.21,6.239,6.01,6.12,957105
2021-11-01,6.17,6.36,6.1,6.28,1180573
2021-11-02,6.25,6.25,5.9,6.09,1564465
2021-11-03,6.06,6.155,6.0,6.05,1196336
2021-11-04,6.06,6.15,5.96,6.09,805877
2021-11-05,6.07,6.31,6.07,6.16,825005
2021-11-08,6.22,6.38,6.2,6.25,947019
2021-11-09,6.26,6.58,6.186,6.51,1385337
2021-11-10,6.59,6.71,6.36,6.44,1223955
2021-11-11,6.51,6.74,6.45,6.61,1378898
2021-11-12,6.64,6.88,6.57,6.75,890782
2021-11-15,7.22,7.33,6.69,6.69,888237
2021-11-16,6.74,6.85,6.52,6.78,899241
2021-11-17,6.8,6.82,6.48,6.66,1474710
2021-11-18,6.57,6.5983,5.96,6.25,2094366
2021-11-19,6.24,6.35,6.11,6.2,1097112
2021-11-22,6.19,6.32,5.985,6.13,1259734
2021-11-23,6.2,6.265,5.96,6.15,1474640
2021-11-24,6.13,6.21,6.02,6.1,1087173
2021-11-26,5.91,6.05,5.8,5.98,1166781
2021-11-29,5.95,6.0,5.82,5.89,1029770
2021-11-30,5.88,5.97,5.61,5.87,1777517
2021-12-01,5.98,6.02,5.72,5.75,915236
2021-12-02,5.81,5.85,5.575,5.73,944259
2021-12-03,5.57,5.71,5.17,5.36,3587759
2021-12-06,5.3,5.34,5.1301,5.3,1767035
2021-12-07,5.37,5.66,5.37,5.56,1496987
2021-12-08,5.61,5.82,5.5,5.71,1015304
2021-12-09,5.75,5.9,5.67,5.67,1458016
2021-12-10,5.66,5.78,5.55,5.78,1525091
2021-12-13,5.59,5.635,5.34,5.46,1806385
2021-12-14,5.395,5.48,5.28,5.3,1370222
2021-12-15,5.19,5.25,5.05,5.21,1145169
2021-12-16,5.25,5.52,5.045,5.09,1108078
2021-12-17,4.96,5.19,4.895,5.19,2998768
2021-12-20,4.95,5.02,4.69,4.69,1353201
2021-12-21,4.69,4.935,4.69,4.9,1021104
2021-12-22,4.84,4.94,4.72,4.88,604428
2021-12-23,4.88,4.9472,4.82,4.9,1310077
2021-12-27,4.93,4.95,4.6,4.88,747178
2021-12-28,4.9,4.965,4.82,4.84,636725
2021-12-29,4.84,4.88,4.64,4.69,835657
2021-12-30,4.7,4.99,4.68,4.9,1523793
2021-12-31,4.93,5.05,4.86,4.93,657705
2022-01-03,5.01,5.12,4.93,5.03,432873
2022-01-04,5.02,5.09,4.78,4.88,1212345
2022-01-05,4.75,4.82,4.53,4.63,1235699
2022-01-06,4.67,4.86,4.58,4.76,1383492
2022-01-07,4.77,4.82,4.625,4.69,2250438
2022-01-10,4.76,4.91,4.615,4.68,1215700
2022-01-11,4.71,4.805,4.62,4.66,1143561
2022-01-12,4.67,4.91,4.65,4.84,1337378
2022-01-13,4.88,4.93,4.625,4.67,867463
2022-01-14,4.66,4.735,4.51,4.58,927651
2022-01-18,4.61,4.62,4.47,4.5,741452
2022-01-19,4.53,4.63,4.44,4.47,924065
2022-01-20,4.69,4.71,4.54,4.56,1414632
2022-01-21,4.62,4.65,4.395,4.43,788446
2022-01-24,4.3,4.3,4.02,4.16,1554715
2022-01-25,4.09,4.205,4.06,4.1,1224770
2022-01-26,4.12,4.17,3.9,3.96,1969052
2022-01-27,3.99,4.04,3.555,3.66,2526951
2022-01-28,3.67,3.72,3.5,3.63,1935617
2022-01-31,3.65,4.005,3.6,3.95,2602559
2022-02-01,4.01,4.18,4.01,4.14,1710133
2022-02-02,4.19,4.22,3.96,4.02,1073606
2022-02-03,3.95,4.03,3.9,3.93,826554
2022-02-04,3.93,4.075,3.92,4.03,663849
2022-02-07,3.99,4.04,3.9,3.92,788051
2022-02-08,3.9,4.115,3.9,4.09,793575
2022-02-09,4.16,4.35,4.13,4.31,947716
2022-02-10,4.24,4.47,4.24,4.32,422877
2022-02-11,4.35,4.5,4.3,4.33,509413
2022-02-14,4.34,4.41,4.25,4.27,387726
2022-02-15,4.37,4.5,4.35,4.47,611237
2022-02-16,4.45,4.5,4.385,4.47,296091
2022-02-17,4.45,4.62,4.45,4.52,478399
2022-02-18,4.46,4.46,4.36,4.39,601436
2022-02-22,4.35,4.368,4.24,4.28,467134
2022-02-23,4.36,4.42,4.285,4.3,531706
2022-02-24,4.0,4.3,3.98,4.3,680178
2022-02-25,4.31,4.35,4.1,4.19,646078
2022-02-28,4.15,4.18,4.01,4.07,774971
2022-03-01,4.08,4.08,3.87,3.95,685207
2022-03-02,3.94,3.965,3.83,3.9,516809
2022-03-03,3.87,3.87,3.72,3.79,908071
2022-03-04,3.73,3.76,3.45,3.45,1339183
2022-03-07,3.45,3.53,3.32,3.32,1162357
2022-03-08,3.32,3.54,3.26,3.49,760246
2022-03-09,3.6,3.76,3.565,3.7,632491
2022-03-10,3.63,3.69,3.47,3.52,1626230
2022-03-11,3.6,3.635,3.055,3.08,1218401
2022-03-14,3.05,3.08,2.68,2.94,2495293
2022-03-15,2.9,3.33,2.77,3.2,1591928
2022-03-16,3.62,4.84,3.55,4.56,4587655
2022-03-17,4.32,4.49,3.95,4.18,1698900
2022-03-18,4.2,4.37,4.15,4.21,1146285
2022-03-21,4.16,4.29,3.97,3.98,863395
2022-03-22,4.16,4.29,4.07,4.19,959886
2022-03-23,4.17,4.48,4.12,4.29,744469
2022-03-24,4.16,4.28,4.03,4.18,571075
2022-03-25,4.13,4.17,3.965,4.01,621135
2022-03-28,4.05,4.22,4.015,4.09,436185
2022-03-29,4.22,4.32,4.18,4.24,624494
2022-03-30,4.12,4.29,4.07,4.14,543406
2022-03-31,4.09,4.11,3.97,3.97,553603
2022-04-01,4.15,4.245,4.03,4.05,446845
2022-04-04,4.2,4.295,4.1208,4.26,424257
2022-04-05,4.27,4.27,3.96,3.96,456143
2022-04-06,3.95,4.0,3.74,3.89,782123
2022-04-07,3.89,3.95,3.765,3.89,522385
2022-04-08,3.9,3.97,3.84,3.9,322547
2022-04-11,3.85,3.95,3.77,3.77,737112
2022-04-12,3.8,3.85,3.72,3.84,754182
2022-04-13,3.8,3.85,3.72,3.72,533343
2022-04-14,3.7,3.73,3.62,3.71,350520
2022-04-18,3.65,3.7,3.55,3.61,287508
2022-04-19,3.59,3.78,3.56,3.77,269079
2022-04-20,3.71,3.87,3.71,3.8,352908
2022-04-21,3.78,3.87,3.6,3.62,451973
2022-04-22,3.7,3.81,3.64,3.64,365165
2022-04-25,3.53,3.62,3.52,3.52,510294
2022-04-26,3.58,3.74,3.58,3.68,451730
2022-04-27,3.79,3.81,3.59,3.64,366442
2022-04-28,3.65,3.7,3.57,3.67,459911
2022-04-29,3.88,3.971,3.74,3.76,510351
2022-05-02,3.74,3.88,3.69,3.76,502874
2022-05-03,3.77,3.87,3.65,3.79,463940
2022-05-04,3.8,4.1,3.76,4.1,764851
2022-05-05,3.94,3.96,3.75,3.8,470911
2022-05-06,3.82,3.87,3.63,3.7,416260
2022-05-09,3.6,3.68,3.53,3.56,393564
2022-05-10,3.66,3.72,3.55,3.68,650674
2022-05-11,3.69,3.76,3.6,3.7,798006
2022-05-12,3.65,3.65,3.4,3.56,745629
2022-05-13,3.63,3.75,3.55,3.61,625570
2022-05-16,3.57,3.63,3.47,3.55,579725
2022-05-17,3.57,3.69,3.5,3.59,655653
2022-05-18,3.5,3.8,3.5,3.77,466707
2022-05-19,3.77,4.0082,3.76,3.99,230419
2022-05-20,4.1,4.1,3.75,3.75,371077
2022-05-23,3.79,3.99,3.7886,3.94,469420
2022-05-24,3.87,3.93,3.69,3.73,493930
2022-05-25,3.7,3.84,3.69,3.79,533078
2022-05-26,3.84,4.28,3.81,4.24,473702
2022-05-27,4.17,4.27,4.13,4.21,321008
2022-05-31,4.3,4.3,4.13,4.21,977225
2022-06-01,4.3,4.87,4.3,4.52,1377850
2022-06-02,4.48,4.51,4.21,4.32,654627
2022-06-03,4.23,4.27,4.0,4.01,531888
2022-06-06,4.22,4.39,4.18,4.37,625130
2022-06-07,4.38,4.38,4.08,4.26,1002947
2022-06-08,4.34,4.56,4.24,4.5,608290
2022-06-09,4.38,4.54,4.37,4.52,539964
2022-06-10,4.51,4.595,4.36,4.51,650930
2022-06-13,4.37,4.45,4.12,4.18,565687
2022-06-14,4.27,4.59,4.26,4.46,528029
2022-06-15,4.53,4.6699,4.425,4.62,407734
2022-06-16,4.4,4.52,4.24,4.36,494642
2022-06-17,4.51,4.585,4.425,4.51,887329
2022-06-21,4.57,4.73,4.54,4.71,471892
2022-06-22,4.6,4.71,4.52,4.55,331065
2022-06-23,4.58,4.73,4.5,4.55,237674
2022-06-24,4.64,4.8,4.61,4.75,380847
2022-06-27,4.8,4.85,4.67,4.71,275434
2022-06-28,4.7,4.73,4.52,4.52,503553
2022-06-29,4.55,4.64,4.54,4.64,1529921
2022-06-30,4.53,4.75,4.53,4.75,392220
2022-07-01,4.72,4.95,4.63,4.91,1113621
2022-07-05,4.85,4.85,4.7,4.78,350711
2022-07-06,4.74,4.8,4.561,4.7,330294
2022-07-07,4.76,4.86,4.742,4.82,411755
2022-07-08,4.8,4.8,4.43,4.44,634922
2022-07-11,4.41,4.53,4.33,4.51,587464
2022-07-12,4.51,4.79,4.445,4.77,685605
2022-07-13,4.63,4.84,4.63,4.81,517547
2022-07-14,4.81,4.86,4.48,4.48,298134
2022-07-15,4.48,4.56,4.25,4.56,1062105
2022-07-18,4.64,4.67,4.41,4.49,925672
2022-07-19,4.54,4.76,4.37,4.66,1088798
2022-07-20,4.67,4.76,4.41,4.5,772385
2022-07-21,4.58,4.68,4.43,4.59,662576
2022-07-22,4.61,4.65,4.53,4.64,442763
2022-07-25,4.62,4.67,4.58,4.6,337804
2022-07-26,4.63,4.68,4.46,4.46,362467
2022-07-27,4.52,4.57,4.3,4.42,822188
2022-07-28,4.43,4.54,4.255,4.27,660699
2022-07-29,4.25,4.26,4.15,4.19,345015
2022-08-01,4.16,4.24,4.1,4.17,444108
2022-08-02,4.1,4.455,4.1,4.45,654403
2022-08-03,4.49,4.59,4.33,4.54,337558
2022-08-04,4.55,4.83,4.55,4.59,641781
2022-08-05,4.55,4.62,4.42,4.54,536992
2022-08-08,4.54,4.58,4.36,4.36,324796
2022-08-09,4.41,4.41,4.26,4.31,303206
2022-08-10,4.28,4.42,4.28,4.42,407518
2022-08-11,4.46,4.775,4.44,4.57,480956
2022-08-12,4.59,4.72,4.48,4.72,282392
2022-08-15,4.69,4.71,4.5,4.53,341507
2022-08-16,4.51,4.53,4.35,4.43,259386
2022-08-17,4.45,4.5,4.36,4.38,204241
2022-08-18,4.42,4.44,4.34,4.42,202245
2022-08-19,4.38,4.445,4.27,4.4,228156
2022-08-22,4.4,4.56,4.4,4.45,313928
2022-08-23,4.75,4.86,4.48,4.7,349757
2022-08-24,4.72,4.79,4.575,4.6,351912
2022-08-25,4.7,4.88,4.665,4.75,736354
2022-08-26,4.93,4.93,4.72,4.74,1138784
2022-08-29,4.68,4.9,4.68,4.82,515122
2022-08-30,4.85,4.94,4.81,4.92,372032
2022-08-31,4.96,5.01,4.73,4.92,653733
2022-09-01,4.85,4.89,4.62,4.71,377890
2022-09-02,4.64,4.715,4.4,4.65,444515
2022-09-06,4.56,4.61,4.44,4.46,354760
2022-09-07,4.48,4.55,4.39,4.45,483820
2022-09-08,4.38,4.43,4.23,4.43,570382
2022-09-09,4.49,4.585,4.45,4.54,338337
2022-09-12,4.6,4.7,4.5501,4.67,236142
2022-09-13,4.56,4.64,4.48,4.51,230461
2022-09-14,4.53,4.6,4.45,4.6,267806
2022-09-15,4.56,4.61,4.47,4.54,307533
2022-09-16,4.5,4.5,4.38,4.48,241833
2022-09-19,4.48,4.49,4.341,4.44,165215
2022-09-20,4.45,4.48,4.385,4.47,203181
2022-09-21,4.46,4.48,4.375,4.46,193918
2022-09-22,4.48,4.73,4.45,4.48,656157
2022-09-23,4.42,4.47,4.25,4.28,550580
2022-09-26,4.17,4.42,4.12,4.28,360510
2022-09-27,4.35,4.48,4.27,4.35,280233
2022-09-28,4.31,4.425,4.31,4.39,309285
2022-09-29,4.4,4.4,4.25,4.31,323229
2022-09-30,4.26,4.37,4.23,4.28,339711
2022-10-03,4.3,4.4671,4.28,4.37,442835
2022-10-04,4.51,4.86,4.5,4.7,627755
2022-10-05,4.7,4.85,4.59,4.85,293262
2022-10-06,4.81,4.89,4.73,4.8,263760
2022-10-07,4.79,4.85,4.57,4.6,284440
2022-10-10,4.64,4.79,4.57,4.61,333749
2022-10-11,4.62,4.67,4.43,4.53,429711
2022-10-12,4.57,4.63,4.48,4.6,342280
2022-10-13,4.43,4.73,4.41,4.62,334708
2022-10-14,4.76,4.81,4.655,4.69,346355
2022-10-17,4.74,4.81,4.69,4.76,269416
2022-10-18,4.84,4.93,4.71,4.8,516242
2022-10-19,4.7,4.74,4.6,4.7,303847
2022-10-20,4.73,4.97,4.67,4.86,546098
2022-10-21,4.87,5.01,4.795,4.82,611416
2022-10-24,4.5,4.51,4.16,4.26,1719983
2022-10-25,4.26,4.42,4.21,4.27,586601
2022-10-26,4.29,4.62,4.27,4.48,654662
2022-10-27,4.49,4.615,4.455,4.49,658504
2022-10-28,4.38,4.4999,4.08,4.33,919052
2022-10-31,4.28,4.486,4.28,4.34,371081
2022-11-01,4.58,4.61,4.4,4.44,543749
2022-11-02,4.51,4.58,4.37,4.37,496924
2022-11-03,4.33,4.51,4.3,4.44,297180
2022-11-04,4.62,4.845,4.58,4.74,1500912
2022-11-07,4.82,4.95,4.68,4.71,930845
2022-11-08,4.62,4.68,4.315,4.53,817995
2022-11-09,4.53,4.54,4.39,4.42,415849
2022-11-10,4.56,4.72,4.53,4.55,509863
2022-11-11,4.75,4.855,4.71,4.79,866947
2022-11-14,4.96,5.11,4.85,4.94,1645261
2022-11-15,5.1,5.39,4.83,5.24,1196355
2022-11-16,5.17,5.1951,4.795,5.09,728262
2022-11-17,4.9,4.9,4.6,4.83,1243793
2022-11-18,4.8,4.8,4.3416,4.66,1124779
2022-11-21,4.58,4.58,4.41,4.48,654071
2022-11-22,4.41,4.53,4.35,4.42,841233
2022-11-23,4.45,4.5499,4.37,4.45,843576
