2016-01-04,31.79,31.79,31.79,31.79,135
2016-01-06,31.79,31.79,31.65,31.65,600
2016-01-07,31.48,31.48,31.48,31.48,160
2016-01-08,31.5,31.5,31.5,31.5,630
2016-01-13,31.1,31.1,31.1,31.1,100
2016-01-19,31.65,32.0,31.65,32.0,1200
2016-01-20,31.1,31.1,31.1,31.1,1673
2016-01-22,31.5,31.5,31.5,31.5,100
2016-01-25,31.1,31.5,31.0,31.5,3400
2016-01-26,31.0,32.0,31.0,32.0,1590
2016-01-27,32.0,32.0,32.0,32.0,300
2016-02-01,30.75,31.99,30.75,31.99,1732
2016-02-02,31.75,31.75,31.5,31.5,1014
2016-02-03,30.51,31.0,30.51,31.0,3825
2016-02-08,31.5,31.5,31.5,31.5,2285
2016-02-10,31.25,31.5,31.25,31.5,377
2016-02-11,31.5,31.5,31.25,31.25,1567
2016-02-16,31.25,31.25,31.25,31.25,10
2016-02-18,31.25,31.25,31.25,31.25,65
2016-02-19,31.75,31.99,31.75,31.99,284
2016-02-22,31.5,31.5,31.5,31.5,900
2016-02-23,31.5,31.99,31.5,31.5,794
2016-02-24,32.0,32.5,32.0,32.4882,2210
2016-02-25,32.6,32.8905,32.0,32.1,2846
2016-02-26,31.76,31.76,31.0,31.0,3480
2016-02-29,31.75,31.75,31.75,31.75,205
2016-03-01,31.75,31.75,31.75,31.75,0
2016-03-02,31.75,31.75,31.75,31.75,0
2016-03-03,31.75,31.75,31.75,31.75,73
2016-03-04,31.393,31.4,31.393,31.4,3016
2016-03-07,31.75,31.75,31.4,31.5,8303
2016-03-08,31.5,31.9,31.47,31.9,7522
2016-03-09,31.9,31.9,31.9,31.9,0
2016-03-10,31.91,32.75,31.91,32.75,1725
2016-03-11,32.75,32.75,32.75,32.75,0
2016-03-14,33.5,33.5,33.2,33.24,2861
2016-03-15,33.39,33.5,33.2817,33.5,5233
2016-03-16,33.4925,34.38,33.4925,34.38,593
2016-03-17,34.38,35.0194,34.38,35.0,2686
2016-03-18,35.0,35.5,35.0,35.0084,3183
2016-03-21,35.0,36.0,35.0,35.0,5549
2016-03-22,35.9587,35.96,35.0,35.7,2009
2016-03-23,35.75,38.0,35.75,38.0,4085
2016-03-24,37.4452,37.4452,37.2,37.2,1460
2016-03-28,37.25,37.4091,36.9623,36.9623,17053
2016-03-29,37.88,37.9,37.14,37.9,1367
2016-03-30,38.0,38.91,38.0,38.1,3739
2016-03-31,38.4,38.9,37.95,38.85,5484
2016-04-01,37.97,38.1,37.04,38.1,4487
2016-04-04,38.98,38.98,38.0,38.3,6017
2016-04-05,37.4,37.43,37.4,37.43,2430
2016-04-06,37.89,37.89,37.0,37.19,4859
2016-04-07,37.38,37.38,36.0,36.99,1997
2016-04-08,37.29,37.29,37.0,37.28,2490
2016-04-11,37.2299,37.2299,36.0,36.0008,3057
2016-04-12,37.05,37.69,36.99,37.29,6290
2016-04-13,37.23,37.23,33.72,35.3,7226
2016-04-14,37.33,37.7,36.95,37.25,6085
2016-04-15,37.6,37.9,37.1899,37.1899,3779
2016-04-18,37.93,37.99,37.49,37.5,3510
2016-04-19,37.75,37.89,37.16,37.43,5183
2016-04-20,35.58,38.39,35.58,38.32,5332
2016-04-21,37.26,38.38,37.0201,38.0,4269
2016-04-22,37.0111,37.9,37.01,37.86,2845
2016-04-25,37.45,38.0,37.037,38.0,4060
2016-04-26,37.8,38.5,37.21,38.5,9170
2016-04-27,37.683,39.0,37.6808,39.0,30865
2016-04-28,38.36,39.3,38.36,38.85,40527
2016-04-29,38.85,41.84,38.5,38.5,38123
2016-05-02,39.5,46.9989,39.5,45.5,82652
2016-05-03,44.5,45.72,42.399,45.09,519188
2016-05-04,44.78,45.0,39.75,44.65,168684
2016-05-05,44.99,44.99,43.86,44.4,70030
2016-05-06,44.4,44.95,43.22,44.7,65934
2016-05-09,44.51,45.0,43.51,44.86,47196
2016-05-10,44.86,44.94,44.6,44.9,35134
2016-05-11,44.07,44.845,43.8801,44.03,33143
2016-05-12,43.78,44.0,42.3,43.48,27284
2016-05-13,42.99,43.46,42.27,42.55,30916
2016-05-16,42.13,42.75,42.13,42.46,30201
2016-05-17,42.423,42.49,39.02,39.15,55014
2016-05-18,40.31,40.31,39.07,39.35,35107
2016-05-19,39.25,39.26,38.15,38.8,34386
2016-05-20,38.74,39.325,38.35,38.86,20360
2016-05-23,38.21,38.86,35.76,36.16,50531
2016-05-24,36.16,37.5,36.01,36.39,26357
2016-05-25,35.8501,36.48,35.21,35.44,9878
2016-05-26,36.0,37.68,35.37,37.34,18405
2016-05-27,37.35,38.61,36.8,36.97,14013
2016-05-31,37.05,38.184,35.794,38.0,25832
2016-06-01,37.09,38.91,37.03,37.07,13042
2016-06-02,37.27,37.54,36.61,37.08,10496
2016-06-03,36.98,38.25,36.14,37.86,14332
2016-06-06,39.5,40.01,37.4801,37.67,29352
2016-06-07,37.67,37.67,36.8301,36.97,8152
2016-06-08,37.021,37.22,36.4,36.93,6699
2016-06-09,37.015,37.015,36.265,36.5,9200
2016-06-10,36.24,36.51,35.41,35.42,26554
2016-06-13,36.96,37.75,35.55,37.23,68189
2016-06-14,36.5171,37.25,35.86,37.0,28460
2016-06-15,35.9248,38.8955,35.9248,38.27,50784
2016-06-16,37.93,38.805,37.0233,38.79,30201
2016-06-17,38.02,38.905,35.5,36.2,206386
2016-06-20,36.38,37.18,35.67,35.95,57887
2016-06-21,36.0,36.5,36.0,36.22,33250
2016-06-22,36.575,36.65,36.165,36.44,19430
2016-06-23,36.69,36.72,36.0,36.71,30098
2016-06-24,35.5,36.46,34.75,36.45,166573
2016-06-27,35.77,36.32,35.45,35.59,24772
2016-06-28,35.8,36.05,35.27,35.74,33332
2016-06-29,35.87,37.025,35.66,37.0,31787
2016-06-30,37.44,38.12,36.37,38.08,32779
2016-07-01,37.68,37.68,36.5101,37.07,6701
2016-07-05,37.18,37.18,35.845,36.53,21917
2016-07-06,36.46,37.225,36.32,36.59,17433
2016-07-07,36.68,37.45,36.17,37.37,17899
2016-07-08,37.3801,38.6,37.3801,38.19,19927
2016-07-11,38.58,38.75,37.37,38.59,16550
2016-07-12,38.47,39.49,38.47,39.12,36621
2016-07-13,38.385,39.49,37.66,39.0,14993
2016-07-14,38.79,38.98,38.7424,38.97,6223
2016-07-15,39.0,39.29,38.7,39.29,12711
2016-07-18,38.98,39.7,38.98,39.25,17600
2016-07-19,39.1,39.32,38.89,39.04,13405
2016-07-20,39.0,39.845,38.87,39.81,22985
2016-07-21,39.82,39.91,38.84,38.92,8084
2016-07-22,38.6,38.98,35.625,35.83,32862
2016-07-25,35.7,37.23,35.7,36.19,12637
2016-07-26,36.41,36.51,36.12,36.5,18057
2016-07-27,36.6,36.89,36.375,36.41,12086
2016-07-28,36.27,36.5,36.27,36.47,6933
2016-07-29,36.25,36.58,36.16,36.36,12275
2016-08-01,36.08,36.64,36.08,36.41,8287
2016-08-02,36.09,36.48,36.09,36.18,6724
2016-08-03,36.25,36.485,36.14,36.48,9798
2016-08-04,36.49,36.75,36.29,36.41,6091
2016-08-05,36.47,36.77,36.42,36.61,31863
2016-08-08,36.45,36.8,36.45,36.8,6097
2016-08-09,36.65,36.905,36.65,36.75,4458
2016-08-10,36.9,36.97,36.56,36.65,13464
2016-08-11,36.79,37.14,36.79,36.91,11931
2016-08-12,36.83,37.0,36.55,36.6,10845
2016-08-15,36.92,37.15,36.8,37.1,17158
2016-08-16,37.19,37.56,37.11,37.55,28201
2016-08-17,37.32,37.62,37.225,37.39,19726
2016-08-18,37.31,37.56,36.73,37.0,14289
2016-08-19,36.9,36.95,36.62,36.66,22205
2016-08-22,36.7,36.7,36.39,36.64,7285
2016-08-23,36.0,37.27,36.0,37.14,9929
2016-08-24,36.95,37.55,36.95,37.42,13292
2016-08-25,37.39,37.58,37.32,37.51,9784
2016-08-26,37.41,37.65,37.35,37.36,8797
2016-08-29,37.44,37.63,37.33,37.46,4892
2016-08-30,37.3,37.62,37.26,37.29,6151
2016-08-31,37.22,37.43,36.976,37.43,9348
2016-09-01,37.23,37.41,36.68,36.87,11683
2016-09-02,36.92,37.34,36.875,37.21,9111
2016-09-06,37.42,37.97,37.1647,37.97,20231
2016-09-07,37.74,37.87,37.57,37.74,13988
2016-09-08,37.56,37.75,37.29,37.3,11455
2016-09-09,37.06,37.17,36.65,36.75,20072
2016-09-12,37.218,37.218,36.595,37.07,10485
2016-09-13,36.699,36.75,36.42,36.43,12224
2016-09-14,36.35,36.64,36.1,36.26,9133
2016-09-15,36.26,37.24,36.26,37.08,9376
2016-09-16,37.18,37.41,36.765,37.21,78566
2016-09-19,37.11,37.21,36.82,37.15,10696
2016-09-20,37.24,37.47,36.82,37.18,11230
2016-09-21,37.2,37.95,37.19,37.92,16986
2016-09-22,37.95,38.0,37.675,37.94,18316
2016-09-23,37.98,38.94,37.8,38.8,22802
2016-09-26,38.61,38.7,38.08,38.15,11445
2016-09-27,37.565,38.24,37.565,37.91,11923
2016-09-28,37.9,38.465,37.825,38.22,12454
2016-09-29,37.6999,38.32,37.49,37.76,10975
2016-09-30,37.9,38.49,37.76,38.35,10882
2016-10-03,38.22,38.88,37.21,38.69,12353
2016-10-04,38.68,38.89,37.45,38.59,11671
2016-10-05,38.4801,39.12,38.4801,38.99,11105
2016-10-06,38.75,39.12,38.72,38.94,7912
2016-10-07,39.07,39.07,38.76,38.76,7592
2016-10-10,38.895,39.06,38.79,38.91,11832
2016-10-11,38.89,38.93,38.0,38.35,15950
2016-10-12,38.51,38.97,38.51,38.87,7022
2016-10-13,38.85,38.85,38.5,38.68,12440
2016-10-14,38.5,38.68,38.5,38.68,3382
2016-10-17,38.73,38.83,38.63,38.77,16138
2016-10-18,38.85,38.87,38.34,38.55,10161
2016-10-19,38.99,39.2385,38.43,38.72,62302
2016-10-20,38.52,38.75,38.52,38.63,8999
2016-10-21,38.5,38.62,38.4,38.43,7215
2016-10-24,38.8,38.8902,38.6944,38.83,10475
2016-10-25,38.73,38.91,38.67,38.68,11056
2016-10-26,38.5,38.8,38.49,38.54,14933
2016-10-27,38.45,38.91,38.45,38.76,11914
2016-10-28,38.75,38.96,38.75,38.94,15471
2016-10-31,38.84,38.95,38.7,38.76,7161
2016-11-01,38.745,38.78,38.15,38.37,9217
2016-11-02,38.33,38.33,38.04,38.04,5305
2016-11-03,38.01,38.459,38.01,38.09,7285
2016-11-04,38.12,38.47,38.12,38.28,5892
2016-11-07,38.5,38.5,38.3001,38.43,19506
2016-11-08,38.15,38.31,37.86,37.86,6114
2016-11-09,37.91,38.72,37.91,38.66,15702
2016-11-10,38.8,40.0,38.719,40.0,28155
2016-11-11,39.82,43.95,39.27,43.71,41019
2016-11-14,44.04,44.04,42.85,43.25,15847
2016-11-15,43.0,43.2,42.3377,43.13,20978
2016-11-16,43.0,43.24,42.89,43.22,26691
2016-11-17,43.22,43.22,42.75,43.19,27486
2016-11-18,43.09,43.5,43.0631,43.49,29160
2016-11-21,43.38,43.5,43.005,43.28,7078
2016-11-22,43.3,43.65,43.0,43.64,16081
2016-11-23,43.45,44.0,43.0,43.89,13691
2016-11-25,43.56,43.88,43.29,43.69,8170
2016-11-28,43.51,43.8,42.66,42.98,54553
2016-11-29,43.09,43.79,43.055,43.63,9292
2016-11-30,43.79,44.35,43.5,44.17,9665
2016-12-01,44.06,44.325,43.0001,43.62,10975
2016-12-02,43.72,44.12,43.25,43.72,14364
2016-12-05,44.01,44.14,43.361,44.14,13749
2016-12-06,44.07,44.35,43.252,44.24,15849
2016-12-07,44.11,44.34,43.3,43.75,8925
2016-12-08,43.7,44.35,43.3,44.23,30832
2016-12-09,44.35,44.49,44.24,44.46,26030
2016-12-12,44.1688,44.25,43.8,44.01,30131
2016-12-13,44.1,44.14,43.6315,43.73,23776
2016-12-14,43.69,44.49,43.635,44.01,34029
2016-12-15,44.0,44.49,44.0,44.36,26446
2016-12-16,44.08,44.98,44.08,44.79,70672
2016-12-19,44.95,45.66,44.5,44.94,26731
2016-12-20,44.95,46.9,44.7,46.55,20973
2016-12-21,46.05,47.61,45.8,47.18,18076
2016-12-22,47.38,47.6,46.76,47.45,32397
2016-12-23,47.349,47.6,47.349,47.55,8163
2016-12-27,47.6,47.94,46.9,47.31,20590
2016-12-28,47.25,47.5,47.16,47.45,11317
2016-12-29,47.5,47.98,47.47,47.69,9922
2016-12-30,47.7,48.0,47.3,47.69,13399
2017-01-03,47.73,48.12,46.75,48.08,36718
2017-01-04,48.39,48.48,47.75,48.47,13246
2017-01-05,48.36,48.445,47.36,47.94,12107
2017-01-06,48.0,48.16,47.05,47.67,12648
2017-01-09,47.36,47.74,47.08,47.57,8496
2017-01-10,47.6,47.75,47.6,47.74,12826
2017-01-11,47.75,48.44,47.61,48.24,19959
2017-01-12,47.96,48.2096,47.63,47.64,8402
2017-01-13,47.74,47.95,47.6412,47.66,13391
2017-01-17,47.53,47.935,46.85,47.43,10893
2017-01-18,47.94,47.94,47.315,47.9,10153
2017-01-19,47.87,47.95,47.6,47.82,9293
2017-01-20,47.94,48.0,47.805,47.95,31051
2017-01-23,48.0,48.32,47.76,48.09,11698
2017-01-24,48.2,48.4,48.2,48.4,10663
2017-01-25,48.4,48.5,48.3,48.48,20456
2017-01-26,47.85,48.52,47.85,48.34,22417
2017-01-27,48.45,48.55,47.88,48.37,13043
2017-01-30,48.29,48.5,47.85,48.14,30022
2017-01-31,48.2,48.5,48.18,48.47,31504
2017-02-01,48.57,48.7,48.19,48.3,8253
2017-02-02,48.59,48.59,48.25,48.31,5360
2017-02-03,48.37,48.5,48.11,48.5,24949
2017-02-06,48.27,48.49,47.82,48.45,12893
2017-02-07,48.42,48.54,48.25,48.47,6678
2017-02-08,48.44,48.7,48.15,48.41,21153
2017-02-09,48.26,48.33,48.25,48.32,5797
2017-02-10,48.57,48.6,48.26,48.43,11186
2017-02-13,48.58,49.0,48.28,48.83,33603
2017-02-14,48.68,48.68,48.24,48.34,6477
2017-02-15,48.2,48.75,47.38,48.54,16501
2017-02-16,48.4,48.98,48.4,48.79,9557
2017-02-17,48.88,49.18,48.03,49.18,13411
2017-02-21,49.13,49.64,49.0,49.5,7715
2017-02-22,49.26,49.75,49.25,49.73,6988
2017-02-23,49.65,49.75,49.07,49.75,10212
2017-02-24,49.43,49.6,49.13,49.13,6271
2017-02-27,49.01,49.38,48.75,49.07,9231
2017-02-28,49.0,49.25,48.5891,48.74,17279
2017-03-01,49.08,49.2,48.75,48.94,8795
2017-03-02,48.52,48.6,47.96,48.36,3640
2017-03-03,48.51,48.93,47.48,48.84,13803
2017-03-06,48.81,48.81,47.75,48.27,11044
2017-03-07,48.1,48.5,48.01,48.24,10497
2017-03-08,48.27,48.3,47.32,47.45,9667
2017-03-09,47.64,48.76,47.64,48.37,11598
2017-03-10,48.65,48.95,48.255,48.42,14272
2017-03-13,48.27,48.79,47.66,47.97,11223
2017-03-14,47.99,48.55,47.7501,47.9,9224
2017-03-15,48.0,49.13,47.7,48.21,39299
2017-03-16,48.3,49.03,48.3,48.94,15676
2017-03-17,48.87,49.4,48.87,49.09,45487
2017-03-20,49.18,49.39,48.8,49.15,7268
2017-03-21,49.14,49.14,45.95,46.15,22571
2017-03-22,46.6634,47.4198,45.6,46.0,15493
2017-03-23,46.0368,47.36,46.0368,47.26,12121
2017-03-24,47.28,48.36,47.23,47.28,4445
2017-03-27,46.77,46.77,45.69,46.05,10628
2017-03-28,45.88,47.42,45.5,46.93,25681
2017-03-29,46.5,47.5,46.5,47.01,9891
2017-03-30,46.99,47.3639,46.3,47.03,18389
2017-03-31,47.24,47.56,47.0,47.34,20073
2017-04-03,47.07,47.38,45.001,47.25,7547
2017-04-04,47.25,47.51,46.33,47.01,28806
2017-04-05,47.4,47.69,46.63,46.9,30878
2017-04-06,47.26,47.95,46.056,47.66,31623
2017-04-07,47.65,47.9,47.3,47.75,10305
2017-04-10,47.75,47.98,47.475,47.76,15890
2017-04-11,47.52,47.97,47.52,47.82,7869
2017-04-12,47.7323,47.75,47.19,47.19,10287
2017-04-13,47.2,47.47,46.12,46.71,15359
2017-04-17,46.53,47.28,46.53,47.04,7839
2017-04-18,47.04,47.6,47.0,47.56,8328
2017-04-19,47.75,47.86,47.392,47.69,11264
2017-04-20,47.81,48.0,47.6,47.84,13185
2017-04-21,47.94,48.28,47.74,48.11,27465
2017-04-24,48.34,49.0,48.34,48.93,16481
2017-04-25,48.93,49.24,48.6301,48.71,23885
2017-04-26,49.2,49.5,49.0,49.38,15110
2017-04-27,49.16,49.75,49.16,49.38,18590
2017-04-28,49.455,49.96,48.9425,49.3,18349
2017-05-01,49.45,51.69,49.45,50.99,22241
2017-05-02,51.24,51.59,50.6901,51.14,15604
2017-05-03,50.94,51.24,50.75,50.88,15358
2017-05-04,51.09,51.23,50.91,51.23,7776
2017-05-05,51.22,51.25,50.894,51.11,8313
2017-05-08,51.36,51.54,50.24,50.58,14871
2017-05-09,50.27,50.3,49.15,49.8,13928
2017-05-10,49.74,49.81,48.8,48.99,33342
2017-05-11,49.4,49.4,48.8,48.85,9116
2017-05-12,48.99,48.99,48.3,48.71,8803
2017-05-15,48.65,49.0,48.65,48.98,6172
2017-05-16,48.9,49.0,48.3843,48.85,14374
2017-05-17,48.27,48.44,47.7,47.95,20055
2017-05-18,48.43,48.45,48.0,48.06,8272
2017-05-19,47.99,48.33,47.9,48.11,17391
2017-05-22,47.7559,48.47,47.7559,48.47,18143
2017-05-23,48.44,48.93,48.41,48.75,11966
2017-05-24,48.05,48.95,48.02,48.9,173526
2017-05-25,49.1,49.5,48.96,49.33,17274
2017-05-26,49.45,49.75,49.27,49.57,20406
2017-05-30,49.26,49.5,49.26,49.36,14342
2017-05-31,48.5997,49.85,48.58,49.78,37390
2017-06-01,49.66,50.99,49.14,50.58,32030
2017-06-02,50.4,50.64,49.9,49.91,40483
2017-06-05,50.0,50.44,49.62,49.71,16854
2017-06-06,49.35,50.0,49.35,49.9,10373
2017-06-07,49.87,50.24,49.8,49.92,11504
2017-06-08,49.64,51.4262,49.64,51.14,39297
2017-06-09,51.58,53.86,50.015,53.66,43490
2017-06-12,54.52,55.5,53.22,53.97,26117
2017-06-13,54.0,55.195,53.8301,55.04,22218
2017-06-14,54.7,55.83,54.13,55.64,34472
2017-06-15,55.11,55.65,53.761,55.61,18243
2017-06-16,55.58,55.79,55.4927,55.64,53515
2017-06-19,55.4899,55.4899,54.095,54.48,12099
2017-06-20,54.4,54.4,53.77,53.82,24050
2017-06-21,53.9636,54.59,53.02,53.42,10671
2017-06-22,53.35,53.35,52.28,52.8,10534
2017-06-23,52.53,54.1,51.47,53.4,149204
2017-06-26,53.15,54.48,53.14,53.31,14931
2017-06-27,53.48,54.6,53.4,53.97,29562
2017-06-28,54.825,55.75,54.23,54.79,32787
2017-06-29,55.33,55.6,54.1401,55.51,19980
2017-06-30,55.25,55.29,53.68,54.71,32506
2017-07-03,54.0366,55.8,54.0047,55.65,14315
2017-07-05,55.49,55.49,54.44,54.98,16295
2017-07-06,54.77,54.98,54.31,54.54,13205
2017-07-07,54.46,55.25,53.9953,55.08,15247
2017-07-10,54.68,54.7,53.83,54.34,12378
2017-07-11,54.58,54.74,53.03,54.13,34413
2017-07-12,54.29,55.1,54.29,55.08,16936
2017-07-13,54.98,55.0999,54.34,54.69,9446
2017-07-14,54.24,54.7,53.86,54.5,8994
2017-07-17,54.11,54.48,53.95,54.48,9481
2017-07-18,54.11,54.6,53.71,54.0,31114
2017-07-19,54.7,54.8,53.28,54.17,27760
2017-07-20,54.5,55.1,54.37,55.1,17774
2017-07-21,55.1,55.1,54.51,54.82,19130
2017-07-24,54.82,54.82,54.11,54.28,10187
2017-07-25,54.73,54.9,54.37,54.68,17597
2017-07-26,54.89,54.89,54.17,54.17,6406
2017-07-27,54.39,54.51,53.66,54.04,15195
2017-07-28,54.16,54.26,53.3,53.87,7777
2017-07-31,53.66,54.39,53.65,54.17,15624
2017-08-01,54.08,54.61,53.88,54.43,18491
2017-08-02,54.2,54.29,53.51,53.52,7508
2017-08-03,53.4,54.15,53.2,53.29,39282
2017-08-04,53.71,54.2,52.54,52.62,14029
2017-08-07,52.37,53.68,51.84,53.22,22474
2017-08-08,52.7351,54.3,52.7,53.56,16495
2017-08-09,52.85,53.84,52.85,53.12,10605
2017-08-10,52.84,53.08,52.48,52.52,16207
2017-08-11,52.58,52.95,51.21,52.01,39251
2017-08-14,52.48,53.46,52.34,53.3,29860
2017-08-15,53.3,54.75,53.25,53.67,24217
2017-08-16,53.87,54.2003,53.04,53.36,9934
2017-08-17,52.79,53.31,52.53,52.68,21504
2017-08-18,52.05,53.7,51.9897,53.0,33151
2017-08-21,52.69,53.73,51.926,53.48,18214
2017-08-22,53.575,53.65,53.49,53.55,11130
2017-08-23,53.26,53.65,53.21,53.48,16894
2017-08-24,53.54,53.65,53.4,53.61,8311
2017-08-25,53.12,54.53,53.01,54.13,15334
2017-08-28,54.47,54.58,53.31,54.22,15046
2017-08-29,53.78,54.89,53.3,54.02,19880
2017-08-30,54.31,54.66,53.36,53.46,14839
2017-08-31,54.16,54.89,53.61,54.65,45812
2017-09-01,54.25,56.72,53.37,56.09,56252
2017-09-05,55.63,56.16,54.07,54.1,24804
2017-09-06,54.25,54.25,53.42,53.44,20494
2017-09-07,53.7,53.78,52.52,52.89,20450
2017-09-08,53.6,54.34,53.44,53.77,18432
2017-09-11,54.28,54.96,54.28,54.74,15563
2017-09-12,54.57,56.63,54.57,55.38,17146
2017-09-13,56.47,56.47,55.09,55.23,17337
2017-09-14,55.37,55.95,54.48,54.77,15485
2017-09-15,54.93,56.5,53.4,56.44,68366
2017-09-18,56.6,57.55,56.465,56.93,32884
2017-09-19,56.6947,57.7,56.6947,57.38,14662
2017-09-20,57.05,57.85,57.05,57.61,12607
2017-09-21,57.74,57.75,57.24,57.53,15809
2017-09-22,57.38,58.0,56.98,57.67,13821
2017-09-25,57.55,57.55,57.01,57.43,9103
2017-09-26,57.2,58.8,56.874,58.55,23854
2017-09-27,58.6,61.98,58.6,60.32,51609
2017-09-28,59.46,61.57,58.0,60.75,32658
2017-09-29,59.82,60.8105,57.08,57.53,41866
2017-10-02,57.8,59.17,57.76,59.13,33361
2017-10-03,59.23,60.33,58.25,60.29,18918
2017-10-04,60.05,60.83,59.285,60.18,17586
2017-10-05,60.6,61.89,58.7605,61.16,28209
2017-10-06,61.35,61.35,60.075,60.79,17606
2017-10-09,60.4,61.333,59.275,60.84,14959
2017-10-10,60.43,61.045,60.045,60.98,34400
2017-10-11,60.74,61.02,59.8791,60.61,25992
2017-10-12,60.21,61.0,59.955,60.88,15267
2017-10-13,60.75,60.75,59.84,60.03,19567
2017-10-16,60.0,60.093,59.03,59.7,21524
2017-10-17,59.14,59.53,58.27,58.49,6478
2017-10-18,58.38,59.0,58.05,58.8,17226
2017-10-19,58.94,58.94,58.2,58.58,15401
2017-10-20,59.31,59.38,57.9035,58.79,19892
2017-10-23,59.0,59.0,57.62,58.06,10303
2017-10-24,56.14,58.6,56.14,58.39,12578
2017-10-25,57.82,59.17,57.82,58.49,22662
2017-10-26,58.87,59.33,57.61,57.76,16857
2017-10-27,57.27,59.0,56.87,58.39,18797
2017-10-30,58.15,58.22,56.55,56.69,26467
2017-10-31,56.52,57.25,56.52,56.94,15709
2017-11-01,57.44,57.69,56.25,56.43,27051
2017-11-02,56.63,57.77,56.45,57.71,10852
2017-11-03,57.26,57.26,56.26,56.63,15428
2017-11-06,56.71,56.91,56.25,56.37,6649
2017-11-07,56.22,56.35,54.7,54.96,31104
2017-11-08,54.74,54.9,53.3081,54.37,23130
2017-11-09,53.77,55.81,53.6281,55.58,23004
2017-11-10,55.32,56.67,55.245,55.51,13116
2017-11-13,55.33,55.57,54.785,55.305,9726
2017-11-14,55.56,57.87,55.56,57.58,18527
2017-11-15,57.12,57.77,56.12,56.35,27339
2017-11-16,56.45,57.99,56.45,57.12,21467
2017-11-17,56.69,57.466,56.39,57.15,15895
2017-11-20,57.36,58.0,56.7104,57.75,25932
2017-11-21,57.75,59.13,57.5,58.6,25326
2017-11-22,57.875,58.8,57.875,58.37,12783
2017-11-24,58.39,58.39,57.25,57.59,10173
2017-11-27,57.64,58.79,57.2,57.32,14125
2017-11-28,57.47,59.0,56.82,58.82,20431
2017-11-29,58.92,59.35,58.16,58.99,46425
2017-11-30,59.07,59.07,57.91,57.95,91595
2017-12-01,57.94,59.47,55.91,58.5,22702
2017-12-04,58.99,59.05,57.94,58.73,36508
2017-12-05,58.7,58.8,57.4206,57.56,22293
2017-12-06,57.91,57.91,56.56,56.57,10125
2017-12-07,56.58,57.83,56.21,56.76,21935
2017-12-08,57.03,58.7,56.78,57.75,19624
2017-12-11,57.76,58.54,56.97,57.32,14661
2017-12-12,57.37,57.96,56.95,57.75,25904
2017-12-13,57.78,58.95,57.04,57.64,38075
2017-12-14,57.76,57.76,55.78,56.52,18357
2017-12-15,56.42,57.82,55.66,56.24,62874
2017-12-18,56.61,57.29,56.12,57.0,22964
2017-12-19,57.11,57.11,55.71,56.1,14529
2017-12-20,56.39,56.69,55.69,56.1,24319
2017-12-21,56.21,57.31,55.74,55.96,15209
2017-12-22,55.98,56.0,55.0,55.29,16025
2017-12-26,55.4,55.5,53.55,55.25,13027
2017-12-27,55.15,56.15,54.88,55.05,18924
2017-12-28,55.32,55.4,54.87,55.4,18456
2017-12-29,55.6,56.57,54.6,54.74,16403
2018-01-02,54.98,55.0,52.08,53.5,45966
2018-01-03,53.49,53.77,53.0,53.31,14742
2018-01-04,53.57,54.21,53.31,53.48,10869
2018-01-05,53.8,55.24,52.35,53.18,21953
2018-01-08,53.01,54.68,53.01,54.34,19389
2018-01-09,54.46,55.25,53.15,53.4,17524
2018-01-10,53.23,55.69,53.23,54.69,22759
2018-01-11,54.64,56.2,54.38,56.09,13652
2018-01-12,56.1,56.98,55.5,55.88,7248
2018-01-16,56.02,56.71,54.06,54.06,20602
2018-01-17,54.03,54.5,53.86,54.25,27482
2018-01-18,53.98,54.66,53.98,54.16,9718
2018-01-19,54.0,55.89,53.76,55.72,19770
2018-01-22,55.51,55.87,54.8,55.79,17513
2018-01-23,55.68,55.95,55.25,55.7,16765
2018-01-24,55.93,55.94,54.83,55.62,19327
2018-01-25,55.24,56.0,55.0,55.8,30196
2018-01-26,55.5,55.77,54.09,54.4,29961
2018-01-29,54.38,54.91,54.08,54.08,17924
2018-01-30,53.81,55.91,53.81,54.52,17753
2018-01-31,54.7,55.73,54.01,54.29,18048
2018-02-01,54.01,55.4,53.9,55.38,16938
2018-02-02,55.07,55.35,54.7,55.07,18551
2018-02-05,54.7,55.39,53.84,54.2,30441
2018-02-06,53.51,54.06,52.35,53.4,34265
2018-02-07,53.12,54.67,52.75,54.36,25644
2018-02-08,54.44,54.84,53.46,53.61,20466
2018-02-09,54.14,55.12,53.45,54.31,30791
2018-02-12,54.5,54.55,53.09,53.61,18591
2018-02-13,53.48,54.55,52.9,54.31,20789
2018-02-14,53.91,55.94,53.32,55.59,23695
2018-02-15,55.29,55.44,53.46,54.6,24978
2018-02-16,54.32,55.19,54.0,54.49,14813
2018-02-20,54.4,55.21,53.57,53.79,21035
2018-02-21,54.01,55.7,53.73,54.96,41678
2018-02-22,54.9,55.0,54.31,54.69,11192
2018-02-23,54.82,54.82,54.41,54.67,18546
2018-02-26,54.67,55.0,54.42,54.7,19057
2018-02-27,54.56,54.85,53.88,54.36,23972
2018-02-28,54.45,54.67,54.07,54.07,31457
2018-03-01,53.8,54.21,52.91,53.05,13928
2018-03-02,52.82,54.5,52.82,54.1,6514
2018-03-05,53.9,54.67,53.39,53.92,22926
2018-03-06,53.98,54.61,53.44,54.4,30129
2018-03-07,54.12,55.0,54.04,54.52,29008
2018-03-08,54.72,55.25,54.31,55.12,39533
2018-03-09,55.26,55.9,54.13,55.76,48053
2018-03-12,55.76,57.25,53.52,56.71,57579
2018-03-13,56.6,56.84,55.07,56.79,28443
2018-03-14,56.83,56.83,55.88,56.2,21361
2018-03-15,56.19,56.6,55.28,55.79,22619
2018-03-16,55.63,56.6,55.6,55.93,47579
2018-03-19,55.95,56.5,54.41,56.12,30324
2018-03-20,56.0,56.87,55.96,56.01,29805
2018-03-21,56.0,56.5,56.0,56.18,29362
2018-03-22,55.85,56.2,55.5,55.65,24473
2018-03-23,55.66,56.1,54.14,54.17,27884
2018-03-26,54.64,56.0,54.64,55.78,20458
2018-03-27,55.74,55.76,54.6,55.15,14401
2018-03-28,55.17,55.17,53.51,54.5,16484
2018-03-29,54.79,55.75,53.74,55.07,47230
2018-04-02,55.0,55.0,53.69,54.2,22317
2018-04-03,54.34,54.82,53.15,54.63,13154
2018-04-04,54.05,55.3,54.03,55.18,26499
2018-04-05,54.62,55.75,54.62,55.63,25783
2018-04-06,55.09,55.5,53.7,53.91,26270
2018-04-09,53.99,54.6,53.4,54.02,19556
2018-04-10,54.36,55.0,54.01,54.81,19853
2018-04-11,54.63,54.68,53.96,54.44,21950
2018-04-12,54.53,55.5,54.05,55.29,30097
2018-04-13,55.38,55.94,53.93,55.75,21317
2018-04-16,55.54,56.87,55.0,56.56,14506
2018-04-17,56.78,57.14,56.33,56.41,28201
2018-04-18,56.5,56.5,54.58,54.81,30372
2018-04-19,55.15,56.48,54.99,56.18,40804
2018-04-20,55.92,56.88,55.89,56.74,36633
2018-04-23,56.9,57.28,53.62,56.88,33459
2018-04-24,56.92,57.0,56.34,56.82,23631
2018-04-25,56.99,57.38,56.51,56.64,20241
2018-04-26,56.92,57.19,55.87,56.17,24671
2018-04-27,56.28,56.5,55.33,55.91,23924
2018-04-30,56.01,56.24,54.52,55.57,24237
2018-05-01,55.51,56.22,55.2,55.99,9937
2018-05-02,55.65,56.89,55.65,56.37,21990
2018-05-03,56.39,56.5,55.6,56.05,13433
2018-05-04,55.69,56.99,54.64,56.5,21347
2018-05-07,56.51,56.51,55.26,55.45,18817
2018-05-08,55.07,55.46,54.6,54.85,16391
2018-05-09,54.86,55.95,54.85,55.51,25181
2018-05-10,55.51,55.9,55.5,55.85,17677
2018-05-11,55.78,56.0,55.32,55.54,21014
2018-05-14,55.56,55.7,55.01,55.08,18543
2018-05-15,55.02,55.7,55.02,55.4,8065
2018-05-16,55.4,56.0,55.4,55.65,18151
2018-05-17,55.75,56.97,55.66,56.65,21116
2018-05-18,56.95,56.95,55.7,55.93,19631
2018-05-21,56.06,57.48,56.06,57.12,17368
2018-05-22,57.04,57.8,57.04,57.33,15540
2018-05-23,56.97,57.47,56.85,57.06,11300
2018-05-24,57.11,57.25,56.26,57.21,9467
2018-05-25,57.2,57.51,57.01,57.39,10281
2018-05-29,57.04,57.14,56.08,56.46,8101
2018-05-30,56.58,57.64,56.58,57.48,15705
2018-05-31,57.13,57.5,56.63,56.83,18431
2018-06-01,57.03,57.57,56.61,57.49,17420
2018-06-04,57.65,57.65,57.33,57.42,12257
2018-06-05,56.59,57.6,56.59,57.37,19968
2018-06-06,57.4,57.7,57.22,57.55,18139
2018-06-07,57.74,58.0,57.17,57.98,26341
2018-06-08,57.87,58.03,57.0,57.15,16509
2018-06-11,57.25,57.35,56.02,56.38,16052
2018-06-12,56.38,56.65,55.51,55.9,10923
2018-06-13,56.05,56.65,55.72,56.41,12121
2018-06-14,56.67,56.67,56.01,56.32,13170
2018-06-15,56.0,56.6,55.65,56.56,29379
2018-06-18,56.22,57.12,56.07,56.55,13088
2018-06-19,56.24,57.78,56.24,57.29,14087
2018-06-20,57.42,58.4,57.02,57.98,14041
2018-06-21,57.85,57.99,56.56,57.51,11470
2018-06-22,57.62,58.34,56.92,58.34,78262
2018-06-25,58.25,58.32,57.24,57.76,12389
2018-06-26,57.85,57.86,57.26,57.75,14006
2018-06-27,57.45,57.6,56.08,56.2,8534
2018-06-28,56.12,56.12,55.65,55.79,5804
2018-06-29,56.11,56.11,55.11,55.11,16104
2018-07-02,55.18,55.7,54.84,55.7,5574
2018-07-03,55.61,56.09,55.56,55.8,2067
2018-07-05,55.93,56.3,54.9759,56.11,7937
2018-07-06,56.23,56.45,55.63,56.43,11786
2018-07-09,56.61,58.6,56.4,58.3,25703
2018-07-10,57.33,57.38,56.16,56.2,7559
2018-07-11,56.22,56.76,55.89,56.27,22166
2018-07-12,56.65,56.65,55.48,55.59,7547
2018-07-13,55.7,55.7,54.57,54.58,6293
2018-07-16,54.55,55.8,54.02,55.6,34468
2018-07-17,55.51,55.89,55.11,55.47,8713
2018-07-18,55.57,56.0,55.57,55.81,16415
2018-07-19,55.85,56.4,55.58,55.66,24988
2018-07-20,55.65,56.34,55.65,56.25,21866
2018-07-23,56.1,57.75,56.05,57.49,16659
2018-07-24,57.76,57.76,56.25,56.54,10038
2018-07-25,56.73,56.73,55.75,56.05,8984
2018-07-26,56.21,57.28,55.82,57.28,4242
2018-07-27,57.32,57.32,55.66,55.66,8546
2018-07-30,55.85,56.81,55.74,56.05,8820
2018-07-31,55.59,55.85,55.04,55.35,12141
2018-08-01,55.38,55.4,54.56,55.13,7731
2018-08-02,54.91,55.61,54.91,55.6,5522
2018-08-03,55.53,56.53,54.63,54.69,10943
2018-08-06,54.6,55.53,54.6,54.93,3653
2018-08-07,54.96,55.65,54.96,55.65,4248
2018-08-08,55.4,55.53,55.16,55.37,9443
2018-08-09,55.35,55.53,54.97,55.36,3300
2018-08-10,54.97,55.19,54.8,54.92,2591
2018-08-13,55.11,55.27,54.52,54.52,4377
2018-08-14,54.97,55.51,54.5,55.51,6400
2018-08-15,55.37,55.37,54.61,54.99,4715
2018-08-16,55.02,55.97,54.75,54.92,18205
2018-08-17,54.61,55.74,54.61,55.62,9929
2018-08-20,55.77,55.77,54.9,55.25,4685
2018-08-21,55.44,55.82,54.61,55.8,8985
2018-08-22,55.7,55.7,54.81,55.37,6606
2018-08-23,55.3,55.79,54.71,55.48,5460
2018-08-24,55.41,55.75,54.87,55.75,7000
2018-08-27,56.0,56.0,55.25,55.25,9150
2018-08-28,55.34,55.95,55.06,55.27,10100
2018-08-29,55.53,55.53,55.0,55.16,3489
2018-08-30,55.02,55.39,55.01,55.32,5858
2018-08-31,55.33,55.53,55.22,55.36,4670
2018-09-04,55.2,55.62,55.02,55.13,6812
2018-09-05,55.08,55.12,54.71,54.99,10874
2018-09-06,55.2,55.36,54.74,55.15,8170
2018-09-07,55.31,55.31,54.76,55.25,29839
2018-09-10,55.47,55.5,55.04,55.22,8824
2018-09-11,54.75,55.35,54.75,55.0,16490
2018-09-12,54.99,55.15,54.5,54.5,11068
2018-09-13,54.97,54.97,53.54,53.85,16373
2018-09-14,53.76,55.0,51.22,53.58,70470
2018-09-17,53.62,55.23,52.29,53.06,26100
2018-09-18,53.04,55.36,53.04,55.11,10839
2018-09-19,55.06,55.5,54.65,54.88,18034
2018-09-20,55.15,55.73,55.06,55.45,17559
2018-09-21,55.42,55.5,54.61,54.78,38625
2018-09-24,54.45,55.4,53.55,54.11,26532
2018-09-25,54.2,55.46,53.36,54.14,8162
2018-09-26,54.0,54.5,53.24,53.73,14706
2018-09-27,53.9,54.85,53.18,54.13,16611
2018-09-28,54.0,54.59,53.83,54.51,54745
2018-10-01,54.16,54.56,53.48,53.88,23242
2018-10-02,53.8,54.84,53.22,54.1,11754
2018-10-03,54.33,54.9,54.08,54.8,16736
2018-10-04,54.81,54.81,54.44,54.52,10044
2018-10-05,54.8,54.8,54.16,54.16,8711
2018-10-08,54.21,54.64,53.82,54.23,19085
2018-10-09,54.2,54.68,53.41,53.56,17147
2018-10-10,53.56,54.71,53.56,54.41,14007
2018-10-11,54.23,54.5,52.63,52.63,14530
2018-10-12,53.19,53.87,51.51,51.75,19662
2018-10-15,51.85,51.85,49.02,50.1,27583
2018-10-16,50.21,53.56,50.21,53.47,30171
2018-10-17,53.95,55.75,53.92,54.88,47821
2018-10-18,54.97,55.0,53.86,54.38,8645
2018-10-19,54.26,54.26,51.52,51.59,8224
2018-10-22,51.9,52.59,51.68,51.89,11224
2018-10-23,51.48,52.56,49.88,52.56,4033
2018-10-24,52.5,54.42,50.55,51.19,15015
2018-10-25,51.49,53.2,51.0,53.2,15901
2018-10-26,53.0,53.85,52.79,53.44,13071
2018-10-29,53.92,53.92,52.5,52.9,11973
2018-10-30,52.87,53.42,52.5,53.01,10644
2018-10-31,53.45,54.22,52.8,53.4,13043
2018-11-01,53.47,54.0,53.0,53.4,5236
2018-11-02,53.39,54.12,52.3,53.78,11523
2018-11-05,53.86,53.93,52.97,53.72,4117
2018-11-06,53.4,53.4,53.39,53.39,1641
2018-11-07,52.51,53.89,52.44,53.89,7501
2018-11-08,53.62,53.62,52.4,53.33,6212
2018-11-09,53.24,53.26,52.75,52.75,5867
2018-11-12,52.81,52.81,51.55,52.47,3294
2018-11-13,52.56,52.98,52.35,52.98,1635
2018-11-14,53.23,53.49,51.53,51.8,9241
2018-11-15,51.51,53.36,51.03,53.36,7609
2018-11-16,52.84,53.65,52.75,52.83,7007
2018-11-19,52.67,53.0,51.78,52.69,8337
2018-11-20,52.5,53.3,52.5,52.76,5446
2018-11-21,53.08,53.08,51.78,52.61,6980
2018-11-23,52.6223,53.25,52.6223,53.25,2575
2018-11-26,53.56,53.56,52.56,52.56,6452
2018-11-27,52.44,52.51,51.06,51.26,9255
2018-11-28,50.81,52.3,50.71,52.15,11433
2018-11-29,51.55,51.86,50.56,51.27,11967
2018-11-30,51.7,52.34,51.36,51.95,15815
2018-12-03,52.0,52.0,51.51,51.79,5019
2018-12-04,51.73,51.73,49.88,50.39,12808
2018-12-06,49.76,50.2,48.441,50.17,16250
2018-12-07,50.02,51.97,50.02,51.49,21884
2018-12-10,50.99,51.73,50.31,51.49,8057
2018-12-11,51.67,51.67,50.4,50.45,4516
2018-12-12,50.81,52.0,49.0,51.55,12253
2018-12-13,51.63,52.0,50.22,51.06,13246
2018-12-14,50.31,50.92,49.61,50.21,10216
2018-12-17,51.1,51.1,46.545,47.1,20327
2018-12-18,47.27,49.23,46.02,48.24,20762
2018-12-19,48.58,49.72,46.35,46.35,13269
2018-12-20,46.42,48.74,46.31,47.85,16643
2018-12-21,47.89,48.64,46.45,48.46,42917
2018-12-24,48.21,48.47,47.08,47.08,6876
2018-12-26,47.64,49.37,47.64,48.61,16599
2018-12-27,48.07,48.36,46.93,47.57,7811
2018-12-28,47.21,49.4,47.11,47.65,15071
2018-12-31,47.8,49.406,47.8,48.8,7039
2019-01-02,48.3,49.93,48.3,49.69,15173
2019-01-03,49.33,51.63,49.33,50.62,13910
2019-01-04,51.19,51.5,49.99,50.95,23299
2019-01-07,50.6,51.93,50.07,51.7,22188
2019-01-08,51.99,53.0,50.96,52.9,19068
2019-01-09,52.15,52.9,51.11,52.02,10871
2019-01-10,51.12,52.48,51.12,51.4,9376
2019-01-11,51.0,52.39,50.28,51.96,12183
2019-01-14,51.71,52.35,49.32,49.5,10321
2019-01-15,49.76,51.4,49.76,51.4,8804
2019-01-16,51.6,52.97,50.5,52.01,10052
2019-01-17,51.92,54.98,51.92,54.98,16731
2019-01-18,55.01,55.35,53.98,54.49,13672
2019-01-22,54.36,54.97,53.39,53.83,8520
2019-01-23,54.06,54.06,52.8,53.28,7186
2019-01-24,53.02,53.79,52.5,53.71,25470
2019-01-25,54.05,54.93,53.85,54.76,15384
2019-01-28,54.61,54.98,54.12,54.63,12057
2019-01-29,54.74,54.88,54.2,54.25,15264
2019-01-30,54.26,55.39,54.2,55.0,17643
2019-01-31,54.98,54.98,54.4,54.69,13833
2019-02-01,54.54,55.83,54.54,55.6,22998
2019-02-04,55.0,55.53,53.77,55.3,18530
2019-02-05,55.58,56.0,54.61,55.18,14418
2019-02-06,55.55,55.8,54.71,54.91,19792
2019-02-07,54.75,56.0,54.75,55.58,18481
2019-02-08,55.55,57.42,55.55,57.18,16795
2019-02-11,57.35,58.0,56.66,57.45,18840
2019-02-12,57.53,57.53,57.22,57.4,4149
2019-02-13,57.45,57.45,56.71,57.07,6814
2019-02-14,56.66,57.0,55.97,56.17,10073
2019-02-15,56.42,57.95,56.35,56.87,29042
2019-02-19,56.58,57.17,56.533,56.98,16627
2019-02-20,57.0,57.35,56.62,56.81,17195
2019-02-21,56.85,57.265,56.56,57.18,10385
2019-02-22,57.28,57.28,56.7725,57.0,11416
2019-02-25,56.71,57.02,56.49,56.57,18108
2019-02-26,56.57,57.16,55.38,57.06,12051
2019-02-27,56.81,57.01,56.66,56.73,6877
2019-02-28,56.6,57.46,56.6,57.42,17682
2019-03-01,57.5,57.94,56.53,57.84,19272
2019-03-04,57.61,57.61,57.14,57.43,13090
2019-03-05,57.11,57.69,56.66,57.24,11608
2019-03-06,56.76,57.08,56.54,56.61,26997
2019-03-07,56.61,57.03,56.6,56.7,13276
2019-03-08,56.43,57.12,56.0,56.68,14600
2019-03-11,57.61,58.25,56.81,57.89,21652
2019-03-12,57.89,58.07,56.85,57.6,12693
2019-03-13,57.33,58.25,57.18,58.19,23132
2019-03-14,58.07,58.34,57.84,57.86,17671
2019-03-15,58.03,58.5,57.6,57.8,75968
2019-03-18,58.03,58.37,57.51,58.18,13509
2019-03-19,58.11,58.18,57.6224,58.01,16869
2019-03-20,58.0,58.14,57.17,57.17,14581
2019-03-21,56.79,57.21,56.45,56.69,11405
2019-03-22,56.33,56.5,55.35,55.55,39373
2019-03-25,55.26,56.67,54.51,56.67,17907
2019-03-26,56.9,59.8,56.9,59.21,23177
2019-03-27,59.56,59.99,57.59,58.79,25431
2019-03-28,58.97,58.97,58.03,58.85,13468
2019-03-29,58.37,60.35,57.84,59.6,67338
2019-04-01,59.55,60.72,58.87,60.27,37632
2019-04-02,60.25,61.52,59.83,60.0,60929
2019-04-03,60.29,60.5,59.1,59.71,18985
2019-04-04,59.72,60.24,59.57,60.09,10683
2019-04-05,59.98,60.5,59.69,60.5,10745
2019-04-08,60.48,60.48,59.24,59.7,29329
2019-04-09,58.44,59.79,58.44,58.83,15234
2019-04-10,58.7,59.52,58.23,59.52,25189
2019-04-11,59.5,59.9,58.82,58.92,22830
2019-04-12,59.27,59.61,58.52,58.92,10695
2019-04-15,58.87,59.53,57.85,59.31,21873
2019-04-16,59.49,59.7,57.26,57.26,24440
2019-04-17,57.25,59.98,56.99,59.28,15980
2019-04-18,59.05,60.94,57.71,60.46,36141
2019-04-22,60.47,60.74,59.07,59.3,17134
2019-04-23,59.59,62.0,59.35,60.74,33686
2019-04-24,60.91,60.91,59.48,60.28,28700
2019-04-25,60.5,61.0,59.91,61.0,18661
2019-04-26,61.23,61.49,60.72,61.49,10383
2019-04-29,62.24,63.37,61.64,62.06,56111
2019-04-30,62.0,62.0,60.69,61.05,24753
2019-05-01,61.3,61.88,60.43,61.0,18759
2019-05-02,60.9,61.77,60.38,60.7,18670
2019-05-03,61.07,61.77,60.5,61.4,36587
2019-05-06,59.57,60.78,56.92,60.32,43770
2019-05-07,59.87,62.19,59.8,61.55,32220
2019-05-08,61.44,61.61,60.03,60.07,26253
2019-05-09,59.84,61.74,59.84,61.66,14549
2019-05-10,61.55,61.55,59.67,60.11,12798
2019-05-13,59.5,60.06,59.19,59.4,16385
2019-05-14,59.08,61.63,58.04,60.8,32879
2019-05-15,60.44,60.77,60.21,60.33,9511
2019-05-16,60.56,61.65,60.5,60.95,16189
2019-05-17,60.57,61.94,60.56,61.0,22241
2019-05-20,60.67,61.43,60.51,61.32,15043
2019-05-21,61.0,61.08,60.52,60.7,12099
2019-05-22,61.1,61.1,60.29,60.85,20755
2019-05-23,60.43,60.43,58.93,58.94,29425
2019-05-24,59.1,60.28,58.87,59.95,15892
2019-05-28,59.71,60.36,59.49,60.01,19628
2019-05-29,59.56,60.53,59.25,59.25,16623
2019-05-30,59.35,59.81,59.0,59.81,16761
2019-05-31,59.31,59.68,58.4,58.49,19886
2019-06-03,58.58,58.93,57.74,58.66,22052
2019-06-04,58.82,60.675,58.82,60.66,29299
2019-06-05,60.5,60.8,59.9,59.91,25612
2019-06-06,60.05,61.0,59.59,59.89,26126
2019-06-07,59.77,60.14,59.57,59.64,18152
2019-06-10,59.84,60.88,58.58,60.69,15087
2019-06-11,60.83,61.5,60.05,61.13,25266
2019-06-12,61.05,61.44,60.34,61.07,21165
2019-06-13,61.38,62.39,61.35,61.6,25573
2019-06-14,61.6,62.5,61.27,61.81,22301
2019-06-17,61.75,62.05,61.01,61.4,23498
2019-06-18,61.45,62.25,61.29,61.96,23024
2019-06-19,62.0,62.0,61.57,61.76,17050
2019-06-20,62.0,62.01,61.38,61.62,25742
2019-06-21,61.45,62.03,60.64,60.93,62479
2019-06-24,61.07,61.77,60.6,61.37,24239
2019-06-25,61.49,62.25,61.39,61.84,36475
2019-06-26,61.89,62.0,60.37,61.13,25985
2019-06-27,61.37,62.4,60.0,62.4,76869
2019-06-28,62.5,63.19,62.06,62.06,116686
2019-07-01,62.31,63.7,62.0,63.27,30032
2019-07-02,63.25,63.25,61.75,62.6,40980
2019-07-03,62.64,63.44,62.64,63.17,15113
2019-07-05,63.02,63.61,62.85,63.56,22599
2019-07-08,63.02,63.51,62.5,63.07,41893
2019-07-09,62.95,63.51,62.72,63.25,37139
2019-07-10,63.2,63.8,62.45,62.85,44705
2019-07-11,62.69,63.23,62.4,62.9,86922
2019-07-12,62.78,63.33,62.78,63.33,39220
2019-07-15,63.17,63.2,62.33,62.81,33256
2019-07-16,62.48,62.84,62.48,62.84,19838
2019-07-17,63.83,63.94,57.15,63.48,66030
2019-07-18,63.35,63.75,63.26,63.64,24622
2019-07-19,63.51,63.99,63.25,63.25,39807
2019-07-22,63.25,63.78,63.0,63.29,45949
2019-07-23,63.68,63.8,63.18,63.52,18444
2019-07-24,63.25,65.1,63.25,65.09,34432
2019-07-25,64.74,65.15,64.23,64.49,12938
2019-07-26,64.55,65.9,64.55,65.48,23018
2019-07-29,65.55,65.93,64.45,64.52,20842
2019-07-30,64.49,66.16,64.44,66.02,28141
2019-07-31,66.09,67.06,65.7,65.71,27595
2019-08-01,65.79,66.46,64.33,64.61,33599
2019-08-02,64.21,64.4,63.23,63.91,19199
2019-08-05,62.62,63.12,61.93,62.83,28778
2019-08-06,62.71,64.31,62.2,63.32,18045
2019-08-07,62.51,63.1638,61.22,62.51,15838
2019-08-08,63.04,63.91,62.91,63.14,16782
2019-08-09,63.25,63.92,62.93,63.1,10916
2019-08-12,62.86,63.01,61.62,62.92,10568
2019-08-13,62.9,63.6,62.16,63.15,14273
2019-08-14,62.45,63.19,61.46,61.95,29714
2019-08-15,62.31,62.74,62.18,62.64,21586
2019-08-16,62.98,63.9,62.98,63.9,32864
2019-08-19,63.86,64.19,63.77,64.02,29191
2019-08-20,63.82,64.22,63.4,63.5,14535
2019-08-21,63.89,63.89,63.3,63.41,18189
2019-08-22,63.59,63.93,63.25,63.41,10419
2019-08-23,62.74,64.0,61.51,61.97,22146
2019-08-26,62.29,63.91,61.51,62.98,31698
2019-08-27,63.25,63.45,61.9,62.66,30191
2019-08-28,62.7,64.23,62.01,63.0,24788
2019-08-29,63.39,64.93,62.51,63.8,45273
2019-08-30,63.94,63.94,62.76,63.38,18760
2019-09-03,63.04,63.21,62.55,62.9,27873
2019-09-04,63.12,64.0,62.72,63.12,22228
2019-09-05,63.31,64.89,63.22,64.23,21194
2019-09-06,64.58,64.61,63.33,63.37,15466
2019-09-09,63.78,66.38,63.5,66.36,43724
2019-09-10,66.37,67.83,66.25,66.75,40987
2019-09-11,66.87,68.23,66.11,68.22,27973
2019-09-12,67.91,69.11,67.43,68.14,36555
2019-09-13,68.16,68.97,67.65,67.99,25109
2019-09-16,67.72,69.82,67.61,68.86,17739
2019-09-17,68.6,68.78,67.85,68.16,20008
2019-09-18,68.24,69.36,67.29,68.36,27736
2019-09-19,68.5,69.64,67.41,68.02,17592
2019-09-20,68.0,69.48,67.88,68.41,66203
2019-09-23,67.93,68.62,67.54,68.56,21452
2019-09-24,68.59,69.13,65.5,66.55,28181
2019-09-25,66.31,68.96,66.31,68.77,18766
2019-09-26,68.56,68.56,66.65,66.96,18324
2019-09-27,67.01,67.41,66.54,66.71,8740
2019-09-30,66.86,67.55,66.53,66.57,18022
2019-10-01,66.99,66.99,65.11,65.27,22696
2019-10-02,65.11,65.32,64.35,65.25,16630
2019-10-03,64.92,65.15,64.04,64.62,19872
2019-10-04,64.79,66.65,64.79,65.78,40659
2019-10-07,65.43,66.49,65.43,66.33,16567
2019-10-08,65.85,65.85,63.98,65.68,19342
2019-10-09,65.7,66.48,64.57,65.5,44391
2019-10-10,65.21,66.24,64.78,65.17,23714
2019-10-11,65.66,66.52,65.05,65.94,25570
2019-10-14,65.84,65.84,65.07,65.74,13034
2019-10-15,65.7,67.23,65.25,66.71,21738
2019-10-16,67.75,69.15,67.75,68.56,26070
2019-10-17,68.65,69.04,68.09,68.75,15956
2019-10-18,68.17,68.89,68.08,68.53,34013
2019-10-21,68.75,70.19,68.75,69.66,19153
2019-10-22,69.84,70.0,68.98,69.54,21064
2019-10-23,69.58,69.67,69.24,69.6,7263
2019-10-24,69.79,69.8,68.93,69.47,18006
2019-10-25,69.45,69.8,68.67,69.47,5879
2019-10-28,69.27,69.8,68.28,68.95,19100
2019-10-29,69.02,69.76,68.46,69.21,17895
2019-10-30,69.3,69.53,67.01,69.11,13539
2019-10-31,68.73,69.15,67.63,68.98,20836
2019-11-01,69.1,69.75,69.06,69.33,10754
2019-11-04,69.72,69.99,69.21,69.69,18999
2019-11-05,69.72,70.39,69.45,70.16,14402
2019-11-06,69.93,70.14,69.11,69.75,13382
2019-11-07,70.19,70.51,69.94,70.19,20674
2019-11-08,69.9,70.5,69.6,70.19,17886
2019-11-11,69.71,70.49,69.48,69.89,18211
2019-11-12,69.96,70.13,68.91,70.03,18340
2019-11-13,69.72,70.26,69.18,69.8,17978
2019-11-14,69.78,70.04,69.23,69.6,24522
2019-11-15,69.79,70.69,69.6,70.45,31370
2019-11-18,70.26,71.41,70.08,70.5,26202
2019-11-19,70.77,71.91,70.4,70.96,22821
2019-11-20,70.62,71.2,70.35,70.37,29094
2019-11-21,70.48,70.96,70.0,70.39,28164
2019-11-22,70.5,70.94,70.08,70.76,17435
2019-11-25,70.94,72.49,70.39,72.25,38188
2019-11-26,72.01,73.5,71.96,72.84,42948
2019-11-27,73.06,73.62,72.11,72.61,24221
2019-11-29,72.55,73.38,71.91,72.46,74315
2019-12-02,72.09,72.79,70.37,71.2,30910
2019-12-03,70.74,71.15,70.17,70.7,30635
2019-12-04,70.98,70.98,70.13,70.61,31050
2019-12-05,70.77,73.7,70.77,73.22,72273
2019-12-06,73.7,74.67,73.55,74.37,44862
2019-12-09,74.2,75.0,73.25,73.92,34303
2019-12-10,73.66,74.32,73.08,73.44,26745
2019-12-11,73.63,73.63,72.45,73.26,30416
2019-12-12,73.26,74.87,72.65,74.2,27502
2019-12-13,74.22,74.62,72.96,74.1,26094
2019-12-16,74.28,74.88,73.74,74.4,54634
2019-12-17,74.22,74.97,73.95,74.44,53085
2019-12-18,74.49,74.91,74.2,74.75,37062
2019-12-19,74.6,75.0,74.17,74.94,50588
2019-12-20,75.0,75.81,74.22,75.09,218302
2019-12-23,75.13,75.99,73.56,74.3,32591
2019-12-24,74.05,74.43,73.36,73.61,30127
2019-12-26,73.61,74.34,73.36,73.74,13430
2019-12-27,73.84,74.97,73.36,74.64,57782
2019-12-30,74.8,75.0,73.78,74.29,31832
2019-12-31,74.14,74.61,73.67,73.85,30841
2020-01-02,74.1,74.1,72.48,73.52,31918
2020-01-03,72.77,73.19,71.11,71.88,47319
2020-01-06,71.98,73.36,71.16,73.2,40527
2020-01-07,73.05,73.05,72.0,72.0,28586
2020-01-08,72.03,72.72,71.51,72.23,14300
2020-01-09,72.23,72.83,71.76,71.94,21021
2020-01-10,71.98,72.25,71.26,71.94,24826
2020-01-13,71.86,72.66,71.27,72.46,22709
2020-01-14,72.45,72.62,71.0,71.16,40162
2020-01-15,71.09,71.75,71.0,71.5,10927
2020-01-16,71.53,72.71,71.53,72.56,18602
2020-01-17,73.17,73.17,71.46,71.48,26093
2020-01-21,71.32,72.45,71.14,71.57,23112
2020-01-22,71.29,72.19,70.9,71.98,35520
2020-01-23,71.81,73.02,71.5,72.6,37678
2020-01-24,72.46,72.46,71.03,71.45,27005
2020-01-27,70.52,71.75,70.31,70.99,44601
2020-01-28,71.38,71.38,70.77,71.08,20174
2020-01-29,71.11,71.5,70.44,70.65,24374
2020-01-30,70.57,72.2,70.57,72.08,30633
2020-01-31,71.61,71.61,70.49,70.65,27801
2020-02-03,70.89,71.94,70.89,71.01,21269
2020-02-04,71.79,72.1,71.59,71.84,20609
2020-02-05,72.5,73.28,72.5,73.09,40340
2020-02-06,73.45,73.52,71.71,71.88,33236
2020-02-07,71.65,71.65,71.28,71.28,12198
2020-02-10,71.09,72.74,71.02,71.38,22093
2020-02-11,71.74,72.16,71.42,71.77,22819
2020-02-12,72.27,72.65,72.18,72.3,24597
2020-02-13,72.29,72.94,71.85,72.91,25120
2020-02-14,72.69,73.0,72.21,72.32,18147
2020-02-18,72.36,72.66,71.81,72.66,21518
2020-02-19,72.7,72.7,72.03,72.51,14997
2020-02-20,72.31,73.19,72.25,73.19,21190
2020-02-21,73.27,73.51,72.15,73.14,33736
2020-02-24,71.9,72.94,71.9,72.32,19242
2020-02-25,72.17,72.52,70.76,70.97,31553
2020-02-26,71.2,72.0,70.29,70.49,24697
2020-02-27,69.74,70.51,68.03,68.68,47324
2020-02-28,67.47,67.97,65.61,66.45,54775
2020-03-02,67.3,68.44,65.82,68.35,74484
2020-03-03,68.33,69.41,66.98,67.53,37193
2020-03-04,68.41,68.65,67.0,68.29,46441
2020-03-05,67.18,67.91,64.71,65.92,32923
2020-03-06,64.51,65.84,63.64,65.29,51879
2020-03-09,61.37,64.43,58.38,59.27,53873
2020-03-10,59.47,62.5,59.47,62.44,47705
2020-03-11,60.4,61.14,56.44,57.4,69931
2020-03-12,54.28,57.39,52.8,54.52,88030
2020-03-13,56.77,58.85,56.24,58.71,75343
2020-03-16,52.97,57.13,52.65,52.98,52355
2020-03-17,53.94,61.79,53.94,61.52,88471
2020-03-18,57.89,60.0,56.38,59.13,49854
2020-03-19,57.35,62.02,56.25,61.44,76634
2020-03-20,60.86,60.91,54.65,56.65,100248
2020-03-23,56.32,56.32,47.34,51.85,60463
2020-03-24,55.03,55.11,52.79,54.99,35197
2020-03-25,54.62,55.58,52.6,53.51,36195
2020-03-26,55.03,57.44,55.03,57.44,30724
2020-03-27,55.68,56.0,53.08,53.08,32104
2020-03-30,54.93,55.9,52.32,55.63,33377
2020-03-31,54.66,55.94,52.09,54.58,49276
2020-04-01,52.09,52.24,50.02,50.06,48455
2020-04-02,50.0,53.36,49.78,51.41,37286
2020-04-03,50.72,52.68,48.81,50.35,26251
2020-04-06,52.17,55.75,52.17,55.24,49635
2020-04-07,55.93,56.73,52.17,52.57,32005
2020-04-08,54.06,55.85,52.66,55.42,38072
2020-04-09,56.83,59.23,54.71,58.96,37002
2020-04-13,58.24,58.24,55.11,55.66,17844
2020-04-14,57.12,57.63,55.18,55.73,29793
2020-04-15,54.02,55.32,51.5,52.27,37987
2020-04-16,51.96,52.96,49.65,51.1,41032
2020-04-17,52.43,53.49,52.0,53.05,35395
2020-04-20,51.61,53.48,51.33,52.88,22255
2020-04-21,50.61,51.83,50.15,51.19,13392
2020-04-22,50.12,51.15,49.14,50.9,27618
2020-04-23,51.4,52.06,50.68,51.53,28665
2020-04-24,51.44,51.65,50.5,51.13,16809
2020-04-27,51.89,55.37,51.4,53.98,34334
2020-04-28,55.17,55.53,53.41,54.92,41901
2020-04-29,56.39,59.42,56.05,57.96,40163
2020-04-30,56.19,57.12,54.86,55.02,26510
2020-05-01,54.19,54.86,52.19,54.13,39506
2020-05-04,53.04,53.54,51.41,53.54,23042
2020-05-05,54.56,54.56,51.72,51.72,28022
2020-05-06,52.15,52.15,50.9,51.12,22822
2020-05-07,51.98,52.23,50.98,51.52,27540
2020-05-08,52.73,53.98,52.73,53.48,24257
2020-05-11,52.45,53.02,50.86,51.05,33627
2020-05-12,51.39,51.39,48.99,48.99,46244
2020-05-13,48.5,48.5,45.33,47.27,42892
2020-05-14,46.25,49.57,45.87,48.62,43538
2020-05-15,48.41,49.94,48.41,49.47,26598
2020-05-18,50.0,53.98,50.0,53.89,51150
2020-05-19,53.13,53.3,50.15,50.34,31876
2020-05-20,51.78,53.98,51.78,53.98,31523
2020-05-21,53.5,53.7,53.25,53.55,20361
2020-05-22,53.62,53.62,52.21,52.97,12132
2020-05-26,54.0,56.27,53.99,55.64,43862
2020-05-27,57.21,60.74,56.2,59.6,53802
2020-05-28,60.5,60.5,56.36,56.55,22857
2020-05-29,56.18,56.9,54.76,55.91,36604
2020-06-01,55.64,56.69,50.01,55.6,20805
2020-06-02,56.06,56.06,53.27,54.8,14975
2020-06-03,56.03,58.05,54.06,56.53,20506
2020-06-04,56.34,57.67,55.36,56.74,20297
2020-06-05,60.01,61.48,58.46,60.43,45151
2020-06-08,60.26,60.95,59.04,59.93,23850
2020-06-09,59.24,59.91,57.99,59.11,19173
2020-06-10,58.68,60.26,56.92,57.13,21680
2020-06-11,55.9,56.91,53.93,54.06,40867
2020-06-12,56.42,56.42,52.21,54.89,29745
2020-06-15,52.9,54.99,52.34,54.59,23311
2020-06-16,57.0,57.43,55.0,56.92,27644
2020-06-17,56.58,56.58,53.65,53.8,12228
2020-06-18,53.31,55.23,52.06,54.78,18938
2020-06-19,55.43,55.43,53.18,55.01,77982
2020-06-22,53.87,55.59,53.52,55.35,17149
2020-06-23,56.3,56.3,54.17,54.17,9249
2020-06-24,53.39,53.63,52.23,52.56,19137
2020-06-25,52.09,54.44,52.09,54.44,26919
2020-06-26,53.65,53.65,51.24,51.76,59114
2020-06-29,52.71,54.9,52.52,54.9,25713
2020-06-30,54.08,55.46,54.08,54.8,36313
2020-07-01,54.96,55.0,53.4,53.92,35415
2020-07-02,54.79,54.93,53.05,53.5,18081
2020-07-06,54.49,54.75,53.74,54.15,25166
2020-07-07,53.48,53.7,51.8,51.99,18494
2020-07-08,51.62,52.05,50.11,51.29,24401
2020-07-09,51.22,51.59,48.81,49.45,40349
2020-07-10,49.5,50.74,49.5,50.42,37963
2020-07-13,51.22,52.7,50.53,51.6,20873
2020-07-14,51.57,52.32,50.9,51.32,18333
2020-07-15,52.01,54.2,51.96,53.16,31794
2020-07-16,53.0,53.59,51.25,52.68,20513
2020-07-17,52.3,53.26,52.12,52.4,25872
2020-07-20,51.88,52.27,51.6,51.77,15468
2020-07-21,52.48,54.02,52.48,54.0,18609
2020-07-22,54.0,56.41,53.44,55.18,52527
2020-07-23,54.86,57.08,54.81,56.6,28025
2020-07-24,57.01,57.41,56.6,57.01,27903
2020-07-27,56.53,56.7,55.31,55.64,30707
2020-07-28,55.28,57.29,55.28,56.98,24784
2020-07-29,57.01,58.801,56.75,58.26,13122
2020-07-30,57.43,58.38,56.4,56.4,28960
2020-07-31,56.57,56.61,55.35,56.02,28878
2020-08-03,56.49,57.09,56.05,56.73,17809
2020-08-04,56.36,57.15,56.06,56.48,23948
2020-08-05,57.07,57.98,56.16,57.66,27686
2020-08-06,57.71,58.5,57.5,57.87,14863
2020-08-07,57.68,60.55,57.68,60.26,18038
2020-08-10,59.82,61.6,59.81,60.51,24728
2020-08-11,61.29,61.51,60.1,60.38,22184
2020-08-12,61.38,61.49,59.98,60.36,13649
2020-08-13,60.05,60.69,59.75,60.01,21588
2020-08-14,59.58,60.87,59.4,60.31,11629
2020-08-17,60.16,60.16,59.65,60.07,11570
2020-08-18,59.8,59.8,58.34,59.32,18581
2020-08-19,59.12,60.17,58.42,60.05,23615
2020-08-20,59.16,59.26,58.75,58.77,20220
2020-08-21,58.42,58.695,57.65,58.3,54270
2020-08-24,58.9,60.5,57.6,60.39,32381
2020-08-25,60.75,60.91,59.89,60.68,24284
2020-08-26,60.25,60.65,59.35,59.52,27107
2020-08-27,59.61,60.69,58.935,60.48,28275
2020-08-28,61.12,61.12,60.02,60.89,16916
2020-08-31,60.56,60.735,59.88,60.02,26711
2020-09-01,60.03,60.71,59.95,60.58,16651
2020-09-02,60.27,60.95,59.39,60.46,27823
2020-09-03,60.73,61.0,59.83,60.35,31338
2020-09-04,61.08,61.08,59.12,59.96,20478
2020-09-08,59.25,59.4,57.46,58.81,30541
2020-09-09,59.295,59.7999,58.5,59.27,27664
2020-09-10,59.6,60.15,58.16,58.44,28087
2020-09-11,58.44,58.79,57.8,57.92,18639
2020-09-14,58.01,59.439,57.795,59.11,27258
2020-09-15,59.21,59.47,58.43,58.69,24309
2020-09-16,58.46,59.55,58.35,59.16,26541
2020-09-17,58.76,59.62,57.965,59.41,23766
2020-09-18,60.08,60.09,59.21,59.53,80392
2020-09-21,58.43,58.68,56.1,56.46,40171
2020-09-22,56.87,56.87,54.75,54.86,34085
2020-09-23,55.1,55.54,53.4,53.72,35785
2020-09-24,53.76,55.4,53.64,53.98,40001
2020-09-25,53.39,55.24,53.23,54.77,40334
2020-09-28,55.51,56.435,55.27,55.9,21638
2020-09-29,55.56,55.7,54.56,55.38,13434
2020-09-30,55.4,55.54,54.48,54.61,23512
2020-10-01,54.75,55.93,54.34,55.66,52577
2020-10-02,54.68,57.61,54.005,57.3,18667
2020-10-05,58.08,59.34,57.95,59.11,15450
2020-10-06,59.94,60.92,58.1,58.18,32885
2020-10-07,59.22,60.2,59.15,59.42,30341
2020-10-08,59.37,61.23,59.37,60.32,42884
2020-10-09,60.33,60.74,59.154,60.36,32210
2020-10-12,59.98,61.0,59.7524,61.0,32416
2020-10-13,60.49,60.8327,57.06,59.48,30537
2020-10-14,59.94,60.2,59.01,59.01,18941
2020-10-15,58.0,60.54,58.0,59.94,24826
2020-10-16,59.43,60.405,58.39,59.41,40000
2020-10-19,59.41,60.81,59.34,59.65,28856
2020-10-20,59.91,60.5,59.7775,60.47,28061
2020-10-21,60.89,63.53,60.84,62.7,52954
2020-10-22,62.6,64.42,62.49,64.06,28379
2020-10-23,64.8,66.756,63.58,64.01,51847
2020-10-26,63.16,63.59,62.15,63.43,28133
2020-10-27,63.23,63.23,61.57,61.66,25480
2020-10-28,61.72,61.835,60.25,60.68,23838
2020-10-29,60.36,62.39,60.05,61.74,19156
2020-10-30,61.14,62.59,61.02,61.7,29527
2020-11-02,62.49,63.2,61.8,62.4,27459
2020-11-03,63.22,64.58,62.2912,64.12,32156
2020-11-04,63.26,63.26,60.25,60.63,37593
2020-11-05,60.61,63.57,60.61,62.14,30251
2020-11-06,62.94,62.94,59.93,60.3,31598
2020-11-09,63.24,66.79,63.15,64.23,67457
2020-11-10,64.82,67.95,64.82,67.95,50134
2020-11-11,67.46,67.62,65.27,66.29,29077
2020-11-12,65.14,65.965,64.07,65.7,21083
2020-11-13,65.91,66.2,64.75,65.41,23714
2020-11-16,67.04,67.99,66.77,67.99,21963
2020-11-17,67.16,68.99,66.2119,67.57,30886
2020-11-18,67.2,68.79,66.59,68.01,31219
2020-11-19,67.78,68.85,66.2446,68.85,28084
2020-11-20,67.96,68.52,66.575,68.44,28456
2020-11-23,68.75,69.24,68.2,68.75,28026
2020-11-24,69.46,70.52,68.68,70.35,57151
2020-11-25,69.68,70.52,69.05,69.71,25824
2020-11-27,69.54,69.78,67.51,68.84,22117
2020-11-30,68.17,68.72,66.34,66.51,60964
2020-12-01,67.87,69.15,67.01,67.91,32751
2020-12-02,67.91,69.29,67.91,68.9,15700
2020-12-03,68.88,69.9599,68.35,68.54,17650
2020-12-04,69.0,69.99,69.0,69.96,13057
2020-12-07,69.35,70.77,69.26,70.24,21090
2020-12-08,70.23,71.6,69.75,71.41,17742
2020-12-09,71.4,71.4,70.15,70.36,31341
2020-12-10,69.73,70.47,69.29,70.0,17269
2020-12-11,68.98,70.525,68.8028,69.07,24814
2020-12-14,69.44,70.085,68.85,69.26,21181
2020-12-15,69.2745,70.45,69.25,70.19,29786
2020-12-16,70.42,70.43,69.05,69.24,18620
2020-12-17,69.74,69.94,69.05,69.67,26342
2020-12-18,69.91,70.37,68.01,68.42,113133
2020-12-21,68.81,69.0,67.115,68.36,28024
2020-12-22,68.01,68.54,67.58,67.72,24856
2020-12-23,67.39,68.9,67.38,68.87,25176
2020-12-24,68.39,68.39,67.91,67.98,18697
2020-12-28,68.2,69.14,67.81,68.35,23594
2020-12-29,67.9394,68.03,66.78,67.23,13659
2020-12-30,67.21,67.71,66.92,67.63,20362
2020-12-31,67.0,67.12,66.16,66.35,16588
2021-01-04,66.9,67.67,66.26,67.47,21844
2021-01-05,67.53,69.0,67.5,67.81,18798
2021-01-06,68.9,72.32,68.9,71.21,54423
2021-01-07,71.75,72.385,69.81,72.2,42642
2021-01-08,71.75,71.76,69.63,70.01,28046
2021-01-11,70.3,71.53,69.1913,71.53,19549
2021-01-12,70.99,72.8,70.99,72.8,24452
2021-01-13,72.38,72.98,71.475,71.55,16946
2021-01-14,71.92,72.69,71.92,72.56,17955
2021-01-15,71.52,72.94,70.83,72.26,24826
2021-01-19,71.7,73.0,71.52,72.24,28237
2021-01-20,72.5,73.28,71.9,72.82,16499
2021-01-21,72.64,72.65,71.26,72.6,13064
2021-01-22,71.69,73.71,71.4059,73.23,21388
2021-01-25,72.56,72.7,71.16,72.7,15766
2021-01-26,72.25,72.51,71.29,71.29,15580
2021-01-27,69.79,70.655,67.51,68.21,40132
2021-01-28,69.46,69.6925,67.4725,68.7,23532
2021-01-29,68.77,69.1879,67.76,67.79,32658
2021-02-01,68.34,69.61,67.54,68.63,16233
2021-02-02,68.7395,71.18,68.3882,70.29,33876
2021-02-03,70.13,70.41,68.3501,70.3,23761
2021-02-04,71.025,71.64,69.99,70.81,18593
2021-02-05,70.835,71.96,70.75,71.5,13412
2021-02-08,71.94,73.76,69.973,73.76,37105
2021-02-09,72.93,73.75,72.1198,73.49,30934
2021-02-10,73.65,73.65,71.82,72.12,28089
2021-02-11,72.9,73.75,72.76,73.21,23431
2021-02-12,72.75,73.77,72.11,73.7,59993
2021-02-16,73.61,74.65,73.16,74.23,27213
2021-02-17,73.69,74.5661,73.69,74.27,20397
2021-02-18,73.7,74.19,73.0,73.0,16192
2021-02-19,73.15,74.75,73.02,74.75,25701
2021-02-22,74.07,75.0,74.07,75.0,67889
2021-02-23,74.99,76.14,74.62,76.14,34862
2021-02-24,76.77,79.24,76.58,77.84,38724
2021-02-25,78.63,78.63,73.91,74.57,43190
2021-02-26,74.4,74.77,73.06,74.05,52076
2021-03-01,75.53,76.77,74.76,76.63,21112
2021-03-02,75.1,77.81,75.1,77.05,24704
2021-03-03,77.45,79.94,76.85,77.88,31162
2021-03-04,77.88,79.44,77.735,78.65,32203
2021-03-05,78.53,79.95,78.425,79.95,44221
2021-03-08,79.95,83.82,79.2,83.16,56425
2021-03-09,82.35,83.95,80.48,82.5,29186
2021-03-10,83.265,86.073,82.45,84.53,24327
2021-03-11,84.99,85.75,82.7,85.0,29875
2021-03-12,85.37,85.57,84.0,85.27,17421
2021-03-15,85.16,85.24,82.03,84.1,22631
2021-03-16,83.45,84.0,82.25,83.04,14622
2021-03-17,83.25,83.795,82.21,83.71,18120
2021-03-18,83.74,86.07,83.67,84.65,34359
2021-03-19,84.21,85.935,82.95,85.49,127070
2021-03-22,84.69,85.14,82.99,84.35,26805
2021-03-23,83.42,85.28,82.04,82.14,27217
2021-03-24,83.34,86.25,82.0725,82.61,27229
2021-03-25,82.25,85.24,81.675,84.1,27234
2021-03-26,85.15,86.0,84.695,85.99,15885
2021-03-29,85.45,86.07,82.794,83.9,32101
2021-03-30,84.49,85.66,84.49,85.38,13258
2021-03-31,84.8,85.98,82.74,83.46,44950
2021-04-01,83.49,85.2,81.99,84.73,26484
2021-04-05,84.9,85.72,83.15,84.7,21647
2021-04-06,84.13,85.5,84.13,84.67,13472
2021-04-07,82.67,85.65,82.67,83.27,21228
2021-04-08,82.13,84.31,82.1135,84.07,28964
2021-04-09,83.89,84.63,83.206,84.4,16820
2021-04-12,84.85,85.35,84.6,84.6,9277
2021-04-13,75.5,79.2,72.75,77.86,344436
2021-04-14,77.66,79.18,76.3519,78.77,45571
2021-04-15,78.48,78.48,76.91,78.38,54360
2021-04-16,79.48,79.48,77.57,77.93,36461
2021-04-19,77.93,78.015,76.8337,77.27,28973
2021-04-20,77.46,77.7762,76.64,76.64,45254
2021-04-21,77.45,78.06,77.13,77.98,52259
2021-04-22,78.63,78.63,77.61,78.12,47782
2021-04-23,78.56,80.02,78.56,79.5,32329
2021-04-26,79.88,80.75,79.52,79.62,36905
2021-04-27,79.62,79.64,78.0,79.58,31793
2021-04-28,79.69,79.955,78.52,79.0,21303
2021-04-29,80.97,80.97,79.38,79.5,35858
2021-04-30,79.31,80.6,78.74,79.76,51817
2021-05-03,80.25,81.06,79.76,80.88,51269
2021-05-04,80.28,81.22,80.12,80.69,76625
2021-05-05,80.42,80.85,79.88,80.64,34187
2021-05-06,80.1,81.64,79.14,81.3,43040
2021-05-07,80.39,81.0,80.29,81.0,28307
2021-05-10,81.1,81.37,79.39,79.52,46342
2021-05-11,80.67,80.67,78.0,79.31,36184
2021-05-12,79.39,79.42,77.02,77.07,44016
2021-05-13,76.3,78.9,75.905,78.67,35969
2021-05-14,78.7,79.83,78.7,79.76,26263
2021-05-17,79.2,80.03,78.0,79.48,34555
2021-05-18,79.4,79.57,77.82,77.82,27664
2021-05-19,78.035,78.035,76.18,77.32,30495
2021-05-20,77.0,77.89,76.32,77.73,39360
2021-05-21,78.36,79.07,77.8,78.48,34094
2021-05-24,78.4,79.01,77.29,78.6,30558
2021-05-25,78.77,79.13,76.36,76.56,31863
2021-05-26,77.11,77.255,76.37,77.06,56197
2021-05-27,77.6,78.99,77.6,78.99,42179
2021-05-28,79.09,79.45,78.41,79.3,22877
2021-06-01,79.33,80.0,79.125,79.78,27502
2021-06-02,80.0,80.0,78.63,78.98,39774
2021-06-03,78.9,79.4,78.65,79.13,21678
2021-06-04,79.6,79.6,78.17,78.29,26380
2021-06-07,78.33,79.44,77.84,78.84,33047
2021-06-08,78.53,79.51,78.22,78.53,32033
2021-06-09,78.23,78.3,76.35,76.59,38770
2021-06-10,77.0,77.0,75.53,75.54,36666
2021-06-11,76.1,77.74,74.905,75.27,31359
2021-06-14,75.35,75.35,73.935,74.53,37937
2021-06-15,75.75,76.26,74.76,75.85,38061
2021-06-16,75.71,76.5,73.92,76.41,49997
2021-06-17,76.61,76.61,74.005,74.18,36600
2021-06-18,73.21,74.12,69.73,70.02,116590
2021-06-21,70.78,72.31,70.08,71.75,53616
2021-06-22,71.77,71.84,69.76,71.02,89260
2021-06-23,72.99,72.99,71.07,71.34,68379
2021-06-24,71.7,71.7,70.44,71.35,42964
2021-06-25,71.86,72.6,71.26,71.48,168791
2021-06-28,72.39,72.39,70.83,71.95,61405
2021-06-29,73.015,73.015,71.04,71.05,48256
2021-06-30,70.86,71.8,70.14,70.34,56673
2021-07-01,70.98,72.32,70.71,71.52,60801
2021-07-02,71.5,72.13,70.37,71.39,51596
2021-07-06,72.06,72.06,69.46,70.56,48164
2021-07-07,70.45,71.3,69.9,70.2,61929
2021-07-08,69.45,70.245,68.07,68.55,53303
2021-07-09,69.65,70.47,69.4,70.39,58315
2021-07-12,70.25,71.11,69.78,70.89,68888
2021-07-13,70.64,71.255,69.4767,70.27,36994
2021-07-14,70.55,70.55,69.395,69.65,34137
2021-07-15,69.365,70.67,69.365,70.54,56959
2021-07-16,71.18,72.11,70.64,71.22,67725
2021-07-19,69.95,70.96,68.445,68.79,53954
2021-07-20,68.85,71.4,68.85,69.4,63281
2021-07-21,70.42,71.87,69.86,70.83,40226
2021-07-22,70.54,70.81,69.17,69.52,39982
2021-07-23,69.87,69.87,68.3,69.61,56758
2021-07-26,69.8,70.555,69.55,70.44,27419
2021-07-27,70.24,71.78,70.0,70.98,48117
2021-07-28,71.4,72.21,70.62,71.64,39907
2021-07-29,72.08,72.87,72.08,72.77,49603
2021-07-30,72.03,73.55,72.03,72.39,47474
2021-08-02,73.0,73.98,72.33,72.33,36985
2021-08-03,73.0,73.6499,71.79,73.0,59463
2021-08-04,72.48,72.58,71.35,71.55,81951
2021-08-05,72.1,73.0,71.76,72.83,49426
2021-08-06,73.73,74.985,73.73,74.75,55144
2021-08-09,75.305,75.305,73.68,73.86,35467
2021-08-10,74.32,75.1,73.77,75.03,35478
2021-08-11,75.44,75.5,74.28,75.16,30330
2021-08-12,75.67,75.87,74.79,75.18,41501
2021-08-13,75.405,75.57,75.02,75.13,27978
2021-08-16,74.04,75.55,71.82,75.15,37779
2021-08-17,74.04,75.28,73.65,74.3,35690
2021-08-18,74.7,75.21,73.97,74.21,37611
2021-08-19,74.475,74.475,73.14,74.08,37254
2021-08-20,73.79,75.5,73.79,75.5,49219
2021-08-23,75.85,75.85,74.879,75.58,21292
2021-08-24,75.58,75.85,74.6648,75.54,31696
2021-08-25,75.55,76.6,74.63,76.18,45365
2021-08-26,76.46,76.69,75.62,75.7,44115
2021-08-27,76.0,78.34,76.0,78.15,71601
2021-08-30,78.66,78.66,76.65,76.72,36270
2021-08-31,76.88,77.37,76.265,76.41,28789
2021-09-01,76.38,76.38,75.51,75.8,39582
2021-09-02,76.25,77.24,76.25,76.74,33385
2021-09-03,76.665,78.255,76.35,76.94,197508
2021-09-07,76.9,77.54,75.68,75.95,99786
2021-09-08,77.37,77.44,75.88,76.5,94329
2021-09-09,76.73,77.02,75.3701,75.6,31364
2021-09-10,75.6,75.75,72.86,73.15,52507
2021-09-13,73.37,73.565,72.09,72.88,61667
2021-09-14,73.48,73.48,70.5,71.21,52756
2021-09-15,71.68,72.63,70.6,70.92,56688
2021-09-16,71.845,72.05,69.77,69.83,34349
2021-09-17,70.23,72.14,69.625,72.06,220976
2021-09-20,71.02,71.02,69.34,70.28,49892
2021-09-21,70.3,70.38,69.67,70.12,21282
2021-09-22,70.79,72.0425,70.01,71.85,78236
2021-09-23,72.56,73.96,72.17,73.31,43277
2021-09-24,72.97,74.21,72.97,73.43,33627
2021-09-27,74.07,75.925,74.07,75.72,70986
2021-09-28,75.9,76.0,74.21,74.29,27423
2021-09-29,75.22,75.22,74.15,75.19,31736
2021-09-30,75.51,75.98,74.16,74.18,26572
2021-10-01,74.77,76.0,74.16,75.71,62654
2021-10-04,75.79,76.13,75.2,75.69,31390
2021-10-05,76.08,76.36,75.43,76.18,33812
2021-10-06,75.63,76.38,75.0,76.28,24974
2021-10-07,76.93,77.3,75.775,77.1,59283
2021-10-08,76.98,78.0,76.5,77.73,49955
2021-10-11,77.73,77.93,75.42,75.42,35717
2021-10-12,75.39,76.63,75.3,76.48,26192
2021-10-13,76.98,76.98,75.17,75.47,25966
2021-10-14,76.43,76.6118,75.56,75.96,30383
2021-10-15,76.88,77.15,75.32,75.43,41293
2021-10-18,75.37,76.74,75.255,75.52,28538
2021-10-19,76.2,76.2,74.65,75.19,22365
2021-10-20,74.56,74.56,70.53,71.82,66759
2021-10-21,71.43,72.8449,71.43,72.29,37476
2021-10-22,72.09,73.23,71.1,71.85,42898
2021-10-25,72.05,72.05,70.95,71.13,27842
2021-10-26,71.74,71.83,70.6877,71.03,33965
2021-10-27,70.405,71.2366,69.77,69.96,34787
2021-10-28,70.56,71.73,70.56,71.71,31693
2021-10-29,71.91,72.22,71.01,71.89,50497
2021-11-01,72.43,73.91,71.135,73.91,30374
2021-11-02,74.06,74.15,73.44,73.99,20650
2021-11-03,73.74,75.92,73.74,75.29,25224
2021-11-04,75.11,75.82,74.24,74.96,36384
2021-11-05,75.79,76.69,74.89,75.99,45343
2021-11-08,75.82,76.41,74.4363,75.87,19953
2021-11-09,75.64,75.98,75.093,75.82,23087
2021-11-10,75.63,76.54,75.3,75.75,32269
2021-11-11,75.53,76.32,75.42,75.91,17208
2021-11-12,75.7,75.88,74.4,74.88,23820
2021-11-15,75.39,75.39,74.1303,74.66,16749
2021-11-16,74.82,74.82,74.24,74.58,25684
2021-11-17,74.15,74.19,73.455,73.71,26737
2021-11-18,73.46,73.88,73.1406,73.85,27533
2021-11-19,73.07,73.35,71.278,73.25,16630
2021-11-22,73.68,74.48,72.54,73.21,48450
2021-11-23,73.69,74.5,73.065,74.49,26172
2021-11-24,74.33,74.51,73.63,73.74,15801
2021-11-26,71.41,72.56,70.65,71.13,58383
2021-11-29,71.64,72.845,70.25,71.05,44839
2021-11-30,71.71,71.95,70.14,71.31,43087
2021-12-01,72.4,73.845,71.09,71.09,57197
2021-12-02,71.44,74.2,71.44,73.03,85266
2021-12-03,73.57,75.61,73.35,74.19,388872
2021-12-06,75.53,77.589,75.53,77.14,164906
2021-12-07,76.44,78.0,75.43,75.69,78647
2021-12-08,75.64,77.38,75.12,76.28,49477
2021-12-09,75.82,78.085,75.82,77.88,113646
2021-12-10,78.705,78.705,76.52,77.14,83747
2021-12-13,76.095,77.73,75.96,77.2,79023
2021-12-14,77.795,78.15,76.145,77.83,154132
2021-12-15,78.14,79.8,76.0455,79.45,131740
2021-12-16,80.47,80.76,79.07,79.9,103633
2021-12-17,80.98,81.29,78.72,80.71,228148
2021-12-20,79.48,80.88,79.0,80.44,167546
2021-12-21,80.02,81.52,79.13,80.83,127400
2021-12-22,80.93,83.0,78.91,83.0,131538
2021-12-23,83.17,87.35,81.275,86.95,162985
2021-12-27,86.98,87.645,85.15,86.79,70627
2021-12-28,87.265,88.27,85.85,87.52,63811
2021-12-29,87.49,88.67,85.88,86.05,53090
2021-12-30,85.92,86.435,84.42,84.61,26700
2021-12-31,84.33,86.03,84.33,85.75,46897
2022-01-03,86.34,88.14,86.06,87.42,77601
2022-01-04,87.0,88.31,86.2,87.25,96888
2022-01-05,87.65,88.41,86.93,86.93,73597
2022-01-06,87.34,88.4699,87.2,88.05,63148
2022-01-07,88.05,88.54,87.4,87.8,72646
2022-01-10,87.97,88.35,86.59,87.08,94964
2022-01-11,86.87,87.47,86.81,87.31,61519
2022-01-12,86.35,87.91,86.35,87.59,79663
2022-01-13,87.51,88.27,87.38,87.88,44297
2022-01-14,87.36,88.19,87.1,88.12,56350
2022-01-18,87.84,88.47,86.67,87.12,60049
2022-01-19,88.99,90.0,87.29,89.82,93888
2022-01-20,90.0,91.85,89.65,90.72,116533
2022-01-21,90.25,92.67,89.01,92.19,178040
2022-01-24,91.18,93.37,91.18,93.28,158587
2022-01-25,92.5,94.33,91.31,93.68,115477
2022-01-26,93.58,94.22,90.6,91.95,108000
2022-01-27,91.91,93.375,90.9,91.24,63320
2022-01-28,90.58,91.71,89.83,91.71,89994
2022-01-31,90.82,93.185,90.73,93.09,94826
2022-02-01,92.56,93.9283,91.57,93.51,74638
2022-02-02,93.3,94.95,92.59,94.63,78392
2022-02-03,94.25,95.4,93.77,94.25,54821
2022-02-04,94.35,95.39,93.7453,94.84,51954
2022-02-07,94.62,95.09,94.29,94.85,43909
2022-02-08,94.92,96.615,94.14,96.28,31649
2022-02-09,96.34,96.65,94.71,94.77,48616
2022-02-10,94.37,95.43,93.47,94.2,76580
2022-02-11,94.16,95.42,94.16,95.13,48310
2022-02-14,95.11,95.805,94.415,94.9,37267
2022-02-15,95.0,96.68,94.9,95.75,44573
2022-02-16,95.7,96.02,94.95,95.61,38891
2022-02-17,95.0,95.66,94.2,94.9,61094
2022-02-18,94.84,96.0,94.7,94.9,37734
2022-02-22,94.21,95.55,94.07,94.73,48523
2022-02-23,95.34,95.5,93.88,94.02,57646
2022-02-24,92.16,93.87,91.2,93.42,63628
2022-02-25,93.42,95.555,93.41,95.4,37012
2022-02-28,94.31,95.59,93.78,95.26,59369
2022-03-01,95.36,95.36,92.12,92.69,65633
2022-03-02,93.33,96.1,93.33,95.35,41671
2022-03-03,95.67,96.38,94.945,96.03,55744
2022-03-04,95.1,96.22,94.6,95.81,42898
2022-03-07,95.29,95.925,94.41,94.45,64053
2022-03-08,94.62,95.81,94.08,94.94,43503
2022-03-09,96.24,96.5,94.62,95.75,36252
2022-03-10,95.155,96.38,93.77,95.48,30650
2022-03-11,95.79,97.61,95.59,96.08,49932
2022-03-14,96.88,98.2,96.47,96.73,49973
2022-03-15,97.05,98.08,94.97,95.35,41717
2022-03-16,95.84,96.77,95.5,96.21,44947
2022-03-17,95.89,95.89,94.52,94.65,40326
2022-03-18,94.65,95.68,93.301,95.17,196420
2022-03-21,95.13,95.77,94.45,95.26,48649
2022-03-22,95.45,96.5,94.88,94.88,25913
2022-03-23,94.75,94.75,93.21,93.38,44366
2022-03-24,93.64,94.04,93.26,93.52,27594
2022-03-25,93.845,95.47,93.42,95.4,28202
2022-03-28,94.88,95.23,94.31,95.18,27616
2022-03-29,95.84,96.92,94.24,94.4,37232
2022-03-30,95.0,95.67,94.1,94.91,41518
2022-03-31,95.33,96.32,93.398,93.57,47808
2022-04-01,94.32,94.55,92.4401,93.44,52009
2022-04-04,93.75,93.75,91.86,93.29,37585
2022-04-05,93.73,93.75,92.23,92.25,37415
2022-04-06,92.69,92.87,91.3,91.5,65265
2022-04-07,91.99,91.99,89.5693,91.21,52279
2022-04-08,91.13,92.25,91.13,91.46,47268
2022-04-11,91.2,92.75,91.2,92.17,45162
2022-04-12,92.46,92.93,91.24,91.37,42644
2022-04-13,91.41,92.51,91.12,92.43,23436
2022-04-14,92.46,93.01,91.235,91.52,34108
2022-04-18,91.67,91.7275,90.27,90.69,27054
2022-04-19,91.0,92.72,91.0,92.34,57744
2022-04-20,93.78,93.78,88.14,88.61,76156
2022-04-21,89.22,89.8352,86.69,86.71,67007
2022-04-22,86.8,86.8,84.71,85.43,48995
2022-04-25,84.82,85.26,82.69,84.92,73123
2022-04-26,84.26,85.85,82.34,82.74,55265
2022-04-27,82.99,84.3,82.45,83.06,68986
2022-04-28,84.14,84.8699,83.0,83.77,58593
2022-04-29,83.56,83.91,81.01,81.38,65984
2022-05-02,81.37,82.41,79.61,80.85,42593
2022-05-03,80.48,82.175,78.1064,81.46,50432
2022-05-04,81.57,82.92,80.875,82.69,46217
2022-05-05,82.01,82.01,80.48,81.14,39664
2022-05-06,80.88,80.88,78.75,79.63,35379
2022-05-09,79.57,79.85,77.59,79.12,53583
2022-05-24,78.05,79.53,76.75,78.94,34762
2022-05-25,79.4,80.23,77.54,78.05,50324
2022-05-26,78.75,80.7,78.535,79.72,42738
2022-05-27,80.15,80.65,78.84,80.44,29567
2022-05-31,79.26,81.65,78.22,79.86,63875
2022-06-01,79.82,80.29,78.11,79.66,27507
2022-06-02,79.15,81.02,79.01,81.02,24607
2022-06-03,80.44,81.1407,78.9,79.98,26203
2022-06-06,80.24,80.9724,80.07,80.64,26255
2022-06-07,79.99,81.58,79.21,80.78,28254
2022-06-08,80.0,80.0,78.475,79.01,26864
2022-06-09,79.15,79.15,75.45,75.81,47262
2022-06-10,75.3,75.3,73.43,74.35,38206
2022-06-13,72.95,73.595,72.14,72.77,56854
2022-06-14,72.55,73.02,71.69,72.38,32863
2022-06-15,72.99,73.63,71.81,73.0,40191
2022-06-16,71.85,72.28,70.69,71.33,43813
2022-06-17,71.92,74.17,71.92,73.86,146831
2022-06-21,74.11,75.25,73.02,74.52,32027
2022-06-22,74.46,74.79,73.915,74.29,30889
2022-06-23,74.0,74.15,72.85,73.25,19574
2022-06-24,73.86,75.275,73.86,74.25,66334
2022-06-27,74.75,74.75,73.84,74.11,19277
2022-06-28,74.69,75.43,73.13,73.46,22020
2022-06-29,73.92,73.92,72.37,72.62,19644
2022-06-30,71.54,72.875,70.6,72.34,25536
2022-07-01,71.71,72.89,70.17,72.87,36650
2022-07-05,71.75,73.21,71.23,73.14,25836
2022-07-06,73.18,74.04,71.8502,73.01,23033
2022-07-07,73.75,74.11,72.82,72.97,28149
2022-07-08,72.96,73.51,72.38,72.58,42957
2022-07-11,72.11,72.97,71.64,72.97,26314
2022-07-12,72.5,74.01,72.5,72.56,28821
2022-07-13,72.5,72.63,70.1,71.19,38847
2022-07-14,70.25,71.21,69.46,71.11,26241
2022-07-15,72.55,73.04,71.575,72.68,27921
2022-07-18,73.28,73.41,71.64,72.46,22793
2022-07-19,73.33,75.92,73.0088,75.32,35427
2022-07-20,74.37,76.33,73.81,75.84,52611
2022-07-21,74.98,78.46,74.98,78.24,36875
2022-07-22,77.99,80.389,77.99,78.7,32477
2022-07-25,78.7,79.84,77.99,79.63,35189
2022-07-26,79.76,81.21,79.74,81.09,32204
2022-07-27,80.78,82.17,79.53,81.7,31192
2022-07-28,81.65,81.65,78.8,79.48,29292
2022-07-29,78.96,80.27,78.06,79.98,32161
2022-08-01,79.21,82.64,78.72,81.95,177840
2022-08-02,82.52,82.52,78.65,78.88,33720
2022-08-03,79.58,81.03,79.2153,80.3,21898
2022-08-04,79.243,80.59,78.9,79.26,23003
2022-08-05,79.54,80.26,78.03,80.07,18181
2022-08-08,80.45,80.84,79.64,80.11,28300
2022-08-09,80.54,80.89,79.65,80.89,23545
2022-08-10,81.32,82.91,80.93,82.3,32171
2022-08-11,82.91,83.75,82.4,83.62,28615
2022-08-12,83.75,84.41,83.1584,84.23,26485
2022-08-15,83.43,85.49,83.43,85.32,24199
2022-08-16,84.9,86.48,84.9,85.97,21365
2022-08-17,85.18,85.82,83.93,85.36,25445
2022-08-18,85.66,85.79,83.61,85.45,22008
2022-08-19,84.51,85.05,83.0067,84.45,56991
2022-08-22,83.54,83.54,81.3701,81.71,20900
2022-08-23,80.97,82.147,80.2,80.57,29400
2022-08-24,79.98,80.48,78.76,79.0,26944
2022-08-25,78.5,79.62,77.74,79.23,43379
2022-08-26,79.27,79.91,77.55,77.75,31639
2022-08-29,77.72,78.5,75.06,75.41,32619
2022-08-30,76.5,77.06,75.23,76.93,17357
2022-08-31,77.02,77.77,75.65,76.58,39011
2022-09-01,76.18,76.805,74.725,76.4,32075
2022-09-02,76.15,77.4,75.02,75.45,18699
2022-09-06,76.3,76.3,73.85,74.67,23154
2022-09-07,73.88,76.08,73.77,75.55,27885
2022-09-08,74.89,76.91,73.58,75.48,19531
2022-09-09,76.28,77.37,76.28,76.51,18703
2022-09-12,76.53,76.7,76.0,76.34,16903
2022-09-13,75.69,75.69,73.78,74.31,27193
2022-09-14,74.67,74.67,73.81,74.31,20408
2022-09-15,74.3,76.44,73.87,75.47,20021
2022-09-16,75.06,75.18,73.48,74.57,73388
2022-09-19,74.29,76.66,74.29,76.66,21257
2022-09-20,75.52,76.45,74.9301,75.8,26501
2022-09-21,76.03,76.91,75.27,75.37,21375
2022-09-22,75.76,75.76,73.5,74.31,18657
2022-09-23,73.34,75.2299,72.3001,73.09,23492
2022-09-26,72.56,74.01,72.56,72.98,22215
2022-09-27,73.83,75.2244,72.01,72.49,19121
2022-09-28,72.85,73.97,72.29,73.45,21883
2022-09-29,72.14,72.995,72.14,72.56,21275
2022-09-30,72.78,73.54,70.44,70.44,25928
2022-10-03,71.22,72.09,71.18,71.63,28277
2022-10-04,72.13,74.58,72.13,73.65,26830
2022-10-05,72.88,73.6,72.0332,73.28,15282
2022-10-06,72.81,73.08,72.31,72.37,14500
2022-10-07,72.62,72.62,70.905,71.23,18894
2022-10-10,71.14,72.06,71.04,71.91,14120
2022-10-11,72.43,72.85,71.42,72.25,18093
2022-10-12,71.59,72.59,70.75,70.83,17493
2022-10-13,70.46,73.97,69.51,73.29,32121
2022-10-14,73.83,74.01,73.2,73.84,19824
2022-10-17,74.98,76.56,73.51,75.61,32697
2022-10-18,76.06,77.53,75.21,76.1,41746
2022-10-19,75.83,76.37,74.77,75.5,21333
2022-10-20,75.01,75.28,73.265,74.46,20582
2022-10-21,75.0,75.66,74.23,75.27,25138
2022-10-24,75.515,76.22,75.37,75.86,20657
2022-10-25,75.21,76.83,75.21,76.28,21754
2022-10-26,76.93,76.93,74.16,74.33,25985
2022-10-27,75.25,76.36,74.46,75.46,29293
2022-10-28,75.15,77.31,75.09,76.6,29797
2022-10-31,75.98,77.045,75.77,76.29,53098
2022-11-01,76.12,76.35,74.94,75.48,35250
2022-11-02,74.88,76.915,74.47,75.33,32210
2022-11-03,74.62,76.26,73.825,75.68,18635
2022-11-04,76.51,78.42,76.38,78.27,20440
2022-11-07,79.09,79.33,78.255,78.65,23134
2022-11-08,78.5,79.93,78.38,78.7,30469
2022-11-09,78.62,79.65,78.25,78.55,38406
2022-11-10,80.0,83.11,79.93,82.52,34648
2022-11-11,82.1,83.2281,80.44,80.68,24934
2022-11-14,81.02,81.955,80.23,80.95,20835
2022-11-15,80.75,82.76,80.75,81.41,20243
2022-11-16,81.53,81.53,79.28,79.51,23669
2022-11-17,79.0,79.03,78.055,78.63,17188
2022-11-18,80.75,80.75,78.095,79.09,23436
2022-11-21,78.39,79.6,78.39,79.27,13964
2022-11-22,79.33,81.22,78.4818,80.77,24216
2022-11-23,80.45,80.95,79.75,80.59,16659
2022-11-25,80.77,82.0,80.38,81.17,6551
