2014-03-27,6.76,8.02,6.6,7.7,224100
2014-03-28,8.0,8.0,7.2,7.65,68900
2014-03-31,7.9,7.9,7.4,7.5,26200
2014-04-01,7.4,7.89,7.4,7.5,16400
2014-04-02,7.51,7.75,7.45,7.47,15800
2014-04-03,7.45,7.7,7.45,7.69,25800
2014-04-04,7.7,7.7,7.5,7.5,23700
2014-04-07,7.88,7.88,7.37,7.51,44400
2014-04-08,7.52,7.8,7.4,7.41,37200
2014-04-09,7.59,7.6,7.4,7.4,40600
2014-04-10,7.44,7.53,7.0,7.21,64900
2014-04-11,7.4,7.73,7.3,7.73,11500
2014-04-14,7.5,7.73,7.02,7.58,12600
2014-04-15,7.05,7.32,7.05,7.29,17100
2014-04-16,7.29,7.35,7.26,7.28,14500
2014-04-17,7.25,7.39,7.07,7.17,110400
2014-04-21,7.21,7.5,7.01,7.14,18300
2014-04-22,7.1,7.3,6.8,7.1,99800
2014-04-23,7.0,7.15,7.0,7.02,8700
2014-04-24,7.69,7.69,6.8,7.15,10700
2014-04-25,6.93,7.2,6.8,6.86,10300
2014-04-28,7.6,7.64,6.83,6.84,7600
2014-04-29,6.99,7.18,6.72,7.15,19400
2014-04-30,7.64,7.64,7.0,7.0,28800
2014-05-01,7.38,7.8,7.02,7.09,21400
2014-05-02,7.2,7.3,7.15,7.24,25700
2014-05-05,7.55,7.55,7.2,7.21,12100
2014-05-06,7.2,7.2,6.99,7.04,20000
2014-05-07,7.14,7.39,7.14,7.39,22100
2014-05-08,7.25,7.38,7.01,7.11,17900
2014-05-09,6.8,6.8,5.63,5.82,14375
2014-05-12,6.5,6.5,6.03,6.4964,51420
2014-05-13,6.12,6.23,6.02,6.1499,33150
2014-05-14,6.12,6.12,5.95,5.9899,19565
2014-05-15,5.7,6.0,5.7,5.94,2468
2014-05-16,6.0,6.0,5.11,5.958,12802
2014-05-19,5.77,5.979,5.61,5.85,19165
2014-05-20,5.9,5.9,5.6999,5.8,9322
2014-05-21,5.65,5.77,5.4401,5.7,7525
2014-05-22,5.8,5.8,5.6,5.6,1900
2014-05-23,5.79,6.0,5.76,6.0,10000
2014-05-27,5.851,5.851,5.71,5.8,9600
2014-05-28,5.84,5.85,5.79,5.84,3620
2014-05-29,5.8,5.8,5.78,5.79,1613
2014-05-30,5.79,5.79,5.63,5.79,3535
2014-06-02,5.8,5.8,5.65,5.6501,3600
2014-06-03,5.65,5.79,5.5,5.73,8090
2014-06-04,5.53,5.78,5.53,5.78,2150
2014-06-05,5.7899,5.79,5.789,5.79,1800
2014-06-06,5.53,5.7308,5.52,5.73,5100
2014-06-09,5.51,5.8,5.47,5.79,9338
2014-06-10,5.5699,5.5699,5.3218,5.5,6165
2014-06-11,5.57,5.57,5.35,5.56,5380
2014-06-12,5.57,5.57,5.57,5.57,1400
2014-06-13,5.5,5.5,5.45,5.45,2050
2014-06-16,5.48,5.49,5.03,5.49,4924
2014-06-17,5.5,5.5,5.2801,5.3501,4550
2014-06-18,5.49,5.49,5.14,5.14,4649
2014-06-19,5.25,5.39,5.183,5.39,16387
2014-06-20,5.49,5.5001,5.45,5.46,16827
2014-06-23,5.54,5.57,5.48,5.48,9820
2014-06-24,5.48,5.48,5.4,5.45,12035
2014-06-25,5.44,5.4401,5.4,5.4,2500
2014-06-26,5.49,5.49,5.325,5.47,5223
2014-06-27,5.2701,5.56,5.2701,5.28,6469
2014-06-30,5.57,5.57,5.1,5.37,15426
2014-07-01,5.57,5.57,5.38,5.38,8360
2014-07-02,5.3,5.3,5.3,5.3,1415
2014-07-03,5.3,5.3,5.3,5.3,0
2014-07-07,5.32,5.49,5.11,5.3,6572
2014-07-08,5.2664,5.53,5.06,5.35,29848
2014-07-09,5.37,5.51,5.37,5.4,33075
2014-07-10,5.5,5.56,5.35,5.48,21495
2014-07-11,5.51,5.57,5.41,5.4735,26473
2014-07-14,5.5599,5.79,5.5,5.78,17830
2014-07-15,5.8,6.0,5.7001,6.0,27628
2014-07-16,5.99,6.17,5.7129,6.05,45416
2014-07-17,6.0,6.12,5.95,6.05,9310
2014-07-18,6.05,6.4,6.05,6.21,26390
2014-07-21,6.2,6.2,5.96,6.05,18515
2014-07-22,6.19,6.19,6.1001,6.1784,13700
2014-07-23,6.3,7.03,6.1601,6.78,45367
2014-07-24,7.0,7.23,6.8,7.2,83518
2014-07-25,7.12,7.15,6.84,7.07,21966
2014-07-28,7.11,7.9999,7.11,7.8,88643
2014-07-29,7.5,7.79,7.5,7.653,12810
2014-07-30,7.86,8.8622,7.6,7.76,59615
2014-07-31,7.7,7.7,7.5,7.52,13121
2014-08-01,7.6,7.6,6.5,7.58,11300
2014-08-04,7.6,7.76,7.4,7.76,28135
2014-08-05,7.76,7.76,7.5,7.7,4076
2014-08-06,7.76,7.76,7.0,7.669,21368
2014-08-07,7.71,7.76,6.55,7.1,14475
2014-08-08,6.823,7.2,6.823,7.022,13521
2014-08-11,7.05,7.12,6.878,7.08,17772
2014-08-12,7.0101,7.04,7.0,7.01,10460
2014-08-13,7.04,7.069,6.69,6.7,19319
2014-08-14,6.64,6.69,5.92,6.54,8981
2014-08-15,6.6,6.6,6.28,6.399,5200
2014-08-18,6.44,6.62,6.4,6.4501,5890
2014-08-19,6.45,6.68,6.45,6.5,15030
2014-08-20,6.5,6.81,6.2801,6.68,19192
2014-08-21,6.56,6.68,6.4101,6.51,4608
2014-08-22,6.54,6.67,6.54,6.55,10388
2014-08-25,6.55,6.69,6.5,6.5352,12210
2014-08-26,6.54,6.58,5.92,5.92,38059
2014-08-27,6.339,6.3572,6.05,6.24,30945
2014-08-28,6.2,6.46,6.2,6.357,4715
2014-08-29,6.3,6.487,6.135,6.38,36886
2014-09-02,6.7,7.49,6.67,7.49,7855
2014-09-03,7.08,7.19,6.95,7.19,7705
2014-09-04,7.17,7.5,6.9601,7.15,3812
2014-09-05,6.97,7.35,6.76,7.03,8251
2014-09-08,7.35,7.35,6.98,7.0,15750
2014-09-09,7.1,7.14,7.0,7.0,8231
2014-09-10,7.15,7.15,7.0,7.0,8014
2014-09-11,7.0,7.0,6.98,7.0,4000
2014-09-12,7.0,7.0,7.0,7.0,0
2014-09-15,6.99,6.99,6.99,6.99,100
2014-09-16,6.8,6.82,6.39,6.56,28803
2014-09-17,6.979,6.99,6.9499,6.95,3890
2014-09-18,6.5309,6.9299,6.5309,6.75,2310
2014-09-19,6.95,6.97,6.95,6.97,1145
2014-09-22,6.949,6.95,6.56,6.89,7058
2014-09-23,6.75,6.75,6.75,6.75,650
2014-09-24,6.85,6.88,6.56,6.75,11590
2014-09-25,6.5235,6.8599,6.27,6.57,16893
2014-09-26,6.799,6.799,6.16,6.16,15410
2014-09-29,6.25,6.514,6.16,6.3,7416
2014-09-30,6.689,6.69,6.3,6.55,4731
2014-10-01,6.55,6.55,6.28,6.28,9026
2014-10-02,6.28,6.449,6.28,6.449,4784
2014-10-03,6.45,6.7,6.35,6.65,15126
2014-10-06,6.55,6.699,6.41,6.43,4946
2014-10-07,6.445,6.5,6.37,6.37,12568
2014-10-08,6.499,6.55,6.49,6.5,3162
2014-10-09,6.6499,6.65,6.35,6.6499,4600
2014-10-10,6.352,6.55,6.29,6.55,9875
2014-10-13,6.31,6.5,6.2873,6.47,6600
2014-10-14,6.45,6.55,6.45,6.545,5000
2014-10-15,6.44,6.7966,6.4,6.62,9400
2014-10-16,6.4007,6.7744,6.4007,6.5201,6155
2014-10-17,6.4001,6.748,6.4001,6.73,6430
2014-10-20,6.73,6.8,6.44,6.79,14302
2014-10-21,6.5961,7.0,6.5961,7.0,19394
2014-10-22,7.0,7.09,6.75,7.09,6920
2014-10-23,7.05,7.189,6.99,7.01,10606
2014-10-24,7.009,7.2,6.8,7.2,15538
2014-10-27,7.2,7.3001,7.18,7.3,8135
2014-10-28,6.9331,7.3,6.93,7.1,23993
2014-10-29,7.299,7.4499,7.2501,7.4499,13147
2014-10-30,7.4059,7.7,7.405,7.56,31110
2014-10-31,7.52,7.56,7.36,7.49,15549
2014-11-03,7.35,7.7499,7.35,7.36,23357
2014-11-04,7.58,7.76,7.44,7.46,6202
2014-11-05,7.45,7.76,7.45,7.62,17266
2014-11-06,7.74,7.76,7.68,7.76,11403
2014-11-07,7.76,7.85,7.69,7.85,6409
2014-11-10,7.85,7.85,7.61,7.61,4131
2014-11-11,7.64,7.8,7.64,7.77,4186
2014-11-12,7.71,7.71,7.44,7.44,9170
2014-11-13,7.4,7.4,7.05,7.05,2202
2014-11-14,7.166,7.166,7.05,7.05,1105
2014-11-17,7.35,7.35,7.35,7.35,300
2014-11-18,7.094,7.3999,7.094,7.3999,3750
2014-11-19,7.0201,7.33,6.784,7.33,18500
2014-11-20,7.01,7.04,6.75,6.79,16100
2014-11-21,6.98,6.98,6.7505,6.97,6700
2014-11-24,7.01,7.01,6.8999,6.8999,612
2014-11-25,6.8,6.8,6.45,6.5,13330
2014-11-26,6.5001,6.5001,6.37,6.5,18975
2014-11-28,6.49,6.49,6.49,6.49,540
2014-12-01,6.5001,6.69,6.06,6.578,41545
2014-12-02,6.05,6.79,5.82,6.39,83171
2014-12-03,6.35,6.6,6.1001,6.19,39750
2014-12-04,6.25,6.52,5.96,6.06,21543
2014-12-05,6.21,6.22,5.68,6.0,50967
2014-12-08,6.0,6.2,5.99,6.0,6907
2014-12-09,6.189,6.189,6.01,6.0679,3200
2014-12-10,6.18,6.26,6.01,6.22,19735
2014-12-11,6.2,6.489,5.76,5.76,10907
2014-12-12,5.858,5.8795,5.79,5.87,3350
2014-12-15,5.85,6.0,5.7,5.7,18402
2014-12-16,5.76,5.99,5.6901,5.6901,16981
2014-12-17,5.76,5.85,5.76,5.85,1500
2014-12-18,5.81,5.94,5.69,5.91,7952
2014-12-19,5.82,6.08,5.75,5.77,9850
2014-12-22,6.15,6.15,5.49,5.771,15983
2014-12-23,5.78,5.88,5.5301,5.57,6968
2014-12-24,5.57,5.57,5.57,5.57,170
2014-12-26,5.9042,5.9042,5.6,5.654,6565
2014-12-29,5.75,5.99,5.65,5.99,935
2014-12-30,6.0,6.0,5.72,5.76,3512
2014-12-31,5.6884,5.9,5.6701,5.87,11525
2015-01-02,5.7,6.74,5.32,6.33,91888
2015-01-05,6.3,6.789,6.06,6.23,25773
2015-01-06,6.47,6.62,5.83,5.97,19900
2015-01-07,5.85,5.9,5.85,5.86,1161
2015-01-08,5.75,6.05,5.75,5.8001,12676
2015-01-09,5.75,5.82,5.75,5.82,1100
2015-01-12,5.75,5.8,5.75,5.8,800
2015-01-13,5.79,5.8799,5.71,5.71,5471
2015-01-14,5.71,5.71,5.3,5.491,19401
2015-01-15,5.4999,5.762,5.31,5.31,6323
2015-01-16,5.4699,5.68,5.4699,5.6799,5700
2015-01-20,5.6,5.76,5.36,5.66,48487
2015-01-21,5.74,5.99,5.45,5.99,6650
2015-01-22,5.56,5.75,5.4,5.4101,46877
2015-01-23,5.59,5.97,5.41,5.86,76179
2015-01-26,5.99,6.2,5.68,5.68,70848
2015-01-27,5.8,5.96,5.57,5.57,59945
2015-01-28,5.949,5.949,5.36,5.45,19178
2015-01-29,5.45,5.48,5.2401,5.47,28381
2015-01-30,5.43,6.0,5.31,5.87,89069
2015-02-02,5.9999,6.03,5.95,6.0,47534
2015-02-03,6.07,6.07,5.9101,6.0235,21301
2015-02-04,6.08,6.3,6.08,6.1,10080
2015-02-05,6.16,6.39,6.1,6.26,7140
2015-02-06,6.32,6.32,6.25,6.27,3702
2015-02-09,6.33,6.469,6.25,6.26,15313
2015-02-10,6.36,6.4,6.267,6.27,2002
2015-02-11,6.29,6.4395,6.22,6.28,61659
2015-02-12,6.2499,6.28,6.04,6.26,45036
2015-02-13,6.26,6.49,6.25,6.29,42309
2015-02-17,6.479,6.479,5.96,6.25,9729
2015-02-18,6.17,6.24,6.1,6.1001,2191
2015-02-19,6.02,6.04,5.955,6.02,11130
2015-02-20,6.0,6.12,5.91,6.12,2683
2015-02-23,6.48,6.65,5.9,5.95,43197
2015-02-24,6.3,6.475,5.9505,5.96,5374
2015-02-25,6.16,6.21,5.91,6.019,3200
2015-02-26,6.01,6.0699,5.9,5.98,1924
2015-02-27,6.0445,6.3,5.95,5.9999,5433
2015-03-02,6.06,6.12,6.01,6.05,6230
2015-03-03,6.05,6.05,6.05,6.05,0
2015-03-04,6.21,6.21,5.96,5.98,4130
2015-03-05,6.2599,6.2599,5.98,6.04,2265
2015-03-06,5.9,5.93,5.9,5.93,2299
2015-03-09,5.912,5.912,5.9,5.907,6000
2015-03-10,5.9,5.9,5.81,5.9,5941
2015-03-11,5.85,5.892,5.8,5.8,6400
2015-03-12,5.89,5.89,5.89,5.89,1580
2015-03-13,5.979,5.979,5.8,5.8,1840
2015-03-16,5.8,5.9001,5.8,5.9,1105
2015-03-17,5.8793,5.97,5.8793,5.9,6372
2015-03-18,5.96,6.26,5.93,6.0,6654
2015-03-19,6.18,6.18,5.82,5.84,11200
2015-03-20,6.09,6.1,6.09,6.1,272
2015-03-23,6.07,6.28,5.95,5.96,11741
2015-03-24,6.02,6.2,5.97,5.97,4925
2015-03-25,5.951,6.0,5.95,5.96,12901
2015-03-26,6.0,6.04,5.76,5.76,40397
2015-03-27,6.079,6.079,5.5,5.5,11283
2015-03-30,5.86,5.9099,5.7682,5.86,5573
2015-03-31,5.81,5.91,5.7725,5.91,5450
2015-04-01,5.81,5.81,5.81,5.81,1000
2015-04-02,5.851,6.0299,5.8,5.87,24571
2015-04-06,5.79,6.1,5.79,5.95,8700
2015-04-07,6.01,6.2,5.95,5.95,8829
2015-04-08,6.011,6.011,5.9601,5.97,16398
2015-04-09,5.96,5.96,5.95,5.95,3918
2015-04-10,5.95,5.95,5.9,5.9,1782
2015-04-13,5.9,5.901,5.89,5.9,2950
2015-04-14,5.8,6.1,5.799,5.84,8600
2015-04-15,5.876,5.876,5.75,5.75,12574
2015-04-16,5.82,5.82,5.66,5.71,1548
2015-04-17,5.74,5.96,5.74,5.96,5250
2015-04-20,5.6144,5.9699,5.6144,5.9699,2340
2015-04-21,5.826,5.826,5.82,5.82,2002
2015-04-22,5.76,6.0,5.76,5.9,4100
2015-04-23,5.78,5.98,5.78,5.82,3212
2015-04-24,5.61,5.9899,5.61,5.88,2850
2015-04-27,5.9899,6.0,5.63,5.7753,7408
2015-04-28,5.71,5.99,5.54,5.56,17702
2015-04-29,5.64,5.7,5.59,5.7,4519
2015-04-30,5.56,5.8538,5.55,5.62,1356
2015-05-01,5.75,5.8399,5.54,5.8399,1597
2015-05-04,5.8727,5.8727,5.67,5.67,3267
2015-05-05,5.67,5.736,5.67,5.736,1300
2015-05-06,5.74,6.0001,5.74,6.0,23835
2015-05-07,6.0101,6.0101,5.75,5.76,6952
2015-05-08,5.57,5.8528,5.57,5.7901,6256
2015-05-11,5.81,5.81,5.8,5.8,3625
2015-05-12,5.82,5.8529,5.82,5.85,6375
2015-05-13,5.9,5.97,5.87,5.97,6388
2015-05-14,6.05,6.05,5.9999,6.028,3435
2015-05-15,6.0,6.36,5.86,6.2775,35638
2015-05-18,6.24,6.27,6.14,6.2604,16728
2015-05-19,6.2001,6.28,6.0,6.1,17940
2015-05-20,6.05,6.24,6.0,6.2023,2100
2015-05-21,6.23,6.23,6.1824,6.1824,200
2015-05-22,6.23,6.23,5.92,6.14,4015
2015-05-26,6.03,6.24,6.0,6.18,7840
2015-05-27,6.01,6.01,6.01,6.01,200
2015-05-28,6.0736,6.1,6.0,6.02,3500
2015-05-29,6.06,6.18,6.04,6.18,20040
2015-06-01,6.28,6.28,6.0101,6.03,8600
2015-06-02,6.2699,6.2699,6.04,6.1,10832
2015-06-03,6.279,6.28,6.14,6.16,9693
2015-06-04,6.15,6.25,6.15,6.2,18259
2015-06-05,6.06,6.25,6.06,6.1276,11714
2015-06-08,6.04,6.249,6.0301,6.0601,4572
2015-06-09,6.0601,6.2,6.06,6.2,13978
2015-06-10,5.9101,6.23,5.91,6.05,18531
2015-06-11,6.199,6.199,5.97,6.03,16822
2015-06-12,5.96,6.1,5.96,6.04,15832
2015-06-15,5.98,6.07,5.98,6.01,7850
2015-06-16,6.06,6.1462,5.94,5.95,14942
2015-06-17,6.05,6.05,5.96,5.96,1934
2015-06-18,6.0,6.0501,5.86,5.91,11168
2015-06-19,6.0,6.08,5.86,5.98,12334
2015-06-22,6.1,6.17,6.02,6.02,25975
2015-06-23,6.1492,6.24,6.13,6.19,8691
2015-06-24,6.2399,6.56,6.13,6.13,27602
2015-06-25,6.14,6.35,6.12,6.18,22787
2015-06-26,6.19,6.21,6.1459,6.18,2328
2015-06-29,6.16,6.16,6.1,6.1,1417
2015-06-30,6.23,6.23,6.05,6.05,5305
2015-07-01,6.2299,6.4,6.18,6.36,31907
2015-07-02,6.234,6.234,6.13,6.1301,2517
2015-07-06,6.05,6.07,5.77,5.95,23053
2015-07-07,5.9861,6.03,5.84,6.03,4752
2015-07-08,6.03,6.03,6.03,6.03,9
2015-07-09,6.0001,6.0001,6.0,6.0,1741
2015-07-10,6.0001,6.01,5.88,5.89,19049
2015-07-13,5.988,6.05,5.987,6.03,15261
2015-07-14,6.0304,6.04,6.0,6.0,1987
2015-07-15,6.0001,6.01,6.0,6.0,2231
2015-07-16,6.14,6.39,6.01,6.39,5507
2015-07-17,6.47,6.6,6.07,6.48,19240
2015-07-20,6.51,6.57,6.176,6.57,5060
2015-07-21,6.57,6.57,6.25,6.25,1950
2015-07-22,6.6099,6.6099,6.5,6.5,1135
2015-07-23,6.5,6.5,6.3075,6.3075,2838
2015-07-24,6.4,6.4,6.25,6.25,4700
2015-07-27,6.25,6.25,6.25,6.25,0
2015-07-28,6.29,6.4,6.27,6.37,8270
2015-07-29,6.23,6.4,6.21,6.28,6136
2015-07-30,6.337,6.337,6.337,6.337,600
2015-07-31,6.27,6.3,6.27,6.3,2712
2015-08-03,6.2701,6.3499,6.27,6.3,6606
2015-08-04,6.25,6.3448,6.25,6.3448,3401
2015-08-05,6.25,6.37,6.25,6.36,8337
2015-08-06,6.22,6.331,6.22,6.3165,5012
2015-08-07,6.08,6.3899,6.08,6.3899,2300
2015-08-10,6.4,6.8199,6.2801,6.5899,2571
2015-08-11,6.48,6.502,6.48,6.5,1711
2015-08-12,6.27,6.36,6.02,6.36,28020
2015-08-13,6.5,6.5029,6.38,6.49,6746
2015-08-14,6.43,6.58,6.4,6.4,2637
2015-08-17,6.41,6.48,6.15,6.48,4266
2015-08-18,6.46,6.46,6.38,6.45,798
2015-08-19,6.45,6.45,6.45,6.45,75
2015-08-20,6.3001,6.39,6.3,6.37,1108
2015-08-21,6.17,6.17,5.95,6.05,6767
2015-08-24,6.04,6.04,5.62,6.0,5156
2015-08-25,6.15,6.15,6.0,6.01,11004
2015-08-26,6.123,6.123,5.745,5.88,12820
2015-08-27,6.12,6.12,5.73,5.82,14196
2015-08-28,5.9001,6.1272,5.9,6.03,2202
2015-08-31,6.12,6.12,5.987,6.06,11406
2015-09-01,6.14,6.205,6.0601,6.15,7141
2015-09-02,6.1,6.3499,6.0505,6.319,14946
2015-09-03,6.1368,6.19,6.05,6.1195,1646
2015-09-04,6.2357,6.2357,6.2357,6.2357,269
2015-09-08,5.9991,6.07,5.9109,6.07,1921
2015-09-09,6.16,6.4,6.04,6.04,1586
2015-09-10,6.1,6.1,6.03,6.1,5434
2015-09-11,6.02,6.0501,6.02,6.02,3613
2015-09-14,6.07,6.07,6.06,6.06,500
2015-09-15,6.12,6.12,5.99,5.99,6083
2015-09-16,5.984,5.984,5.92,5.95,3728
2015-09-17,5.95,5.95,5.95,5.95,108
2015-09-18,5.92,5.92,5.92,5.92,494
2015-09-21,6.0799,6.0799,5.9,5.9,1272
2015-09-22,5.9,6.07,5.9,6.07,2100
2015-09-23,6.0299,6.03,6.0299,6.0299,400
2015-09-24,5.9,5.9999,5.88,5.9999,6780
2015-09-25,5.999,5.999,5.7,5.7064,6456
2015-09-28,5.8,5.8,5.3801,5.8,7331
2015-09-29,5.82,5.915,5.81,5.9,3400
2015-09-30,5.98,5.98,5.98,5.98,127
2015-10-01,5.96,5.96,5.93,5.94,1066
2015-10-02,5.94,5.94,5.94,5.94,0
2015-10-05,5.95,5.95,5.83,5.88,2514
2015-10-06,5.8,5.9399,5.8,5.9399,951
2015-10-07,5.93,5.98,5.93,5.98,6157
2015-10-08,5.9626,5.9626,5.9626,5.9626,100
2015-10-09,5.966,5.97,5.83,5.83,2873
2015-10-12,5.8,5.85,5.8,5.85,1090
2015-10-13,5.85,5.85,5.85,5.85,1092
2015-10-14,5.82,5.82,5.82,5.82,100
2015-10-15,5.96,6.0,5.76,5.95,4312
2015-10-16,5.86,5.95,5.85,5.85,1431
2015-10-19,5.96,5.9645,5.9535,5.9645,2200
2015-10-20,5.97,5.97,5.8602,5.9399,2402
2015-10-21,5.9,5.9,5.9,5.9,600
2015-10-22,5.86,5.955,5.71,5.7369,18532
2015-10-23,5.9,5.9,5.9,5.9,529
2015-10-26,5.8,5.8201,5.8,5.8201,25401
2015-10-27,5.9,5.9,5.89,5.89,3275
2015-10-28,5.7226,5.93,5.7226,5.8001,5226
2015-10-29,5.9,5.907,5.82,5.82,1127
2015-10-30,5.85,5.9456,5.85,5.9,1063
2015-11-02,5.72,5.9,5.72,5.8899,7644
2015-11-03,5.9,5.9,5.67,5.67,4787
2015-11-04,5.72,5.86,5.72,5.8599,4827
2015-11-05,5.85,6.01,5.85,5.95,27417
2015-11-06,5.98,6.04,5.93,5.93,15927
2015-11-09,5.9788,6.0,5.9788,6.0,1600
2015-11-10,5.9449,6.0,5.9449,6.0,2100
2015-11-11,5.999,6.0,5.98,5.9992,8188
2015-11-12,5.22,5.77,5.2,5.6721,41842
2015-11-13,5.65,5.7301,5.61,5.6101,8909
2015-11-16,5.745,5.87,5.7301,5.7314,1200
2015-11-17,5.64,5.6901,5.61,5.6901,1344
2015-11-18,5.86,5.86,5.57,5.6,18847
2015-11-19,5.51,5.795,5.41,5.63,6023
2015-11-20,5.75,5.81,5.75,5.79,5147
2015-11-23,5.66,5.7737,5.66,5.77,4370
2015-11-24,5.799,5.96,5.6501,5.8,16011
2015-11-25,5.75,5.8,5.6501,5.775,6200
2015-11-27,5.651,5.8,5.651,5.8,845
2015-11-30,5.654,5.7853,5.654,5.7853,1600
2015-12-01,5.8,6.09,5.8,6.0,29063
2015-12-02,6.0,6.0,5.6601,5.9,20157
2015-12-03,5.98,5.98,5.7512,5.7512,1221
2015-12-04,5.65,5.895,5.65,5.75,8905
2015-12-07,5.84,5.84,5.84,5.84,210
2015-12-08,5.684,5.7895,5.67,5.7895,3072
2015-12-09,5.67,5.68,5.67,5.68,786
2015-12-10,5.71,5.8699,5.68,5.79,14024
2015-12-11,5.65,5.66,5.52,5.58,10732
2015-12-14,5.65,5.65,5.59,5.65,2940
2015-12-15,5.63,5.65,5.42,5.56,7710
2015-12-16,5.75,5.75,5.6761,5.7,4662
2015-12-17,5.72,5.72,5.48,5.57,5808
2015-12-18,5.3701,5.5987,5.3701,5.48,938
2015-12-21,5.5,5.5,5.4662,5.4805,2061
2015-12-22,5.48,5.5,5.48,5.5,5007
2015-12-23,5.4499,5.5,5.3501,5.5,5670
2015-12-24,5.55,5.55,5.55,5.55,257
2015-12-28,5.4,5.5,5.27,5.4501,31424
2015-12-29,5.374,5.559,5.24,5.43,7974
2015-12-30,5.46,5.5,5.4,5.5,3335
2015-12-31,5.5,5.82,5.5,5.72,9924
2016-01-04,5.1,5.39,4.7,5.22,21856
2016-01-05,5.0101,5.25,5.0101,5.17,903
2016-01-06,5.58,5.58,5.19,5.19,1104
2016-01-07,5.0783,5.26,5.0783,5.26,1085
2016-01-08,5.2,5.2,5.04,5.11,10502
2016-01-11,5.0287,5.17,5.0287,5.17,800
2016-01-12,5.17,5.17,5.17,5.17,201
2016-01-13,5.07,5.07,4.7518,5.0299,7932
2016-01-14,5.1,5.2799,5.1,5.2799,800
2016-01-15,5.01,5.01,4.9,4.9999,10902
2016-01-19,4.9001,5.0901,4.9001,5.02,9296
2016-01-20,4.8,5.0138,4.8,5.0138,1000
2016-01-21,5.05,5.1,5.0,5.01,2201
2016-01-22,5.01,5.01,4.8,4.97,15294
2016-01-25,4.9375,4.9501,4.9375,4.9501,2224
2016-01-26,5.1399,5.14,5.1399,5.14,1600
2016-01-27,5.14,5.18,5.14,5.18,620
2016-01-28,5.18,5.18,5.18,5.18,0
2016-01-29,5.09,5.59,5.0737,5.59,1180
2016-02-01,5.59,5.59,5.59,5.59,0
2016-02-02,4.9201,5.35,4.9201,5.32,5990
2016-02-03,5.21,5.23,5.21,5.21,4201
2016-02-04,5.12,5.33,5.11,5.33,2555
2016-02-05,4.9999,5.308,4.99,5.02,15802
2016-02-08,5.01,5.1,5.01,5.1,3230
2016-02-09,5.29,5.29,4.8,4.8,7445
2016-02-10,4.81,4.85,4.8,4.8,4225
2016-02-11,4.81,5.38,4.81,5.38,10381
2016-02-12,5.3899,5.3899,5.35,5.35,391
2016-02-16,5.0251,5.1899,5.0251,5.1899,821
2016-02-17,5.1999,5.1999,4.915,5.05,24079
2016-02-18,5.05,5.05,5.05,5.05,0
2016-02-19,4.9999,5.1492,4.9501,5.1492,5715
2016-02-22,5.17,5.17,5.11,5.11,200
2016-02-23,5.1379,5.1379,5.1379,5.1379,260
2016-02-24,5.1,5.1183,4.81,5.1183,6522
2016-02-25,5.12,5.12,4.82,5.06,8649
2016-02-26,4.9899,4.9899,4.911,4.9116,3600
2016-02-29,4.89,5.0899,4.81,5.0383,6633
2016-03-01,4.9888,5.0,4.98,4.9991,9585
2016-03-02,4.91,5.21,4.91,5.03,3419
2016-03-03,5.03,5.03,5.03,5.03,259
2016-03-04,5.61,5.61,5.11,5.23,2490
2016-03-07,5.23,5.23,5.23,5.23,5
2016-03-08,4.9661,5.1125,4.9661,5.1125,1557
2016-03-09,5.05,5.05,4.995,5.0,2401
2016-03-10,5.0101,5.0501,5.0101,5.0501,450
2016-03-11,5.0015,5.031,4.91,4.95,14915
2016-03-14,5.04,5.05,4.65,5.0,67190
2016-03-15,5.0,5.016,5.0,5.016,2916
2016-03-16,4.87,4.99,4.67,4.9152,7626
2016-03-17,5.016,5.016,4.7301,4.986,5900
2016-03-18,4.8,5.14,4.5224,5.09,24918
2016-03-21,4.8401,5.02,4.8401,5.02,2522
2016-03-22,4.945,5.02,4.945,5.02,1282
2016-03-23,4.8516,4.8516,4.8516,4.8516,1500
2016-03-24,4.95,5.0099,4.812,4.9995,4973
2016-03-28,5.01,5.1,4.988,5.01,12454
2016-03-29,5.04,5.1489,5.01,5.1489,9397
2016-03-30,5.0301,5.07,5.0301,5.07,986
2016-03-31,5.1048,5.3,5.1,5.11,4343
2016-04-01,5.11,5.11,5.11,5.11,0
2016-04-04,5.01,5.01,5.0,5.01,1400
2016-04-05,5.01,5.01,5.01,5.01,11
2016-04-06,5.25,5.25,5.24,5.24,5204
2016-04-07,5.24,5.24,5.24,5.24,0
2016-04-08,5.24,5.24,5.2399,5.2399,1435
2016-04-11,5.2399,5.2399,5.2399,5.2399,0
2016-04-12,5.2399,5.2399,5.2399,5.2399,0
2016-04-13,4.851,5.1399,4.851,5.1399,4637
2016-04-14,5.1399,5.1399,5.1399,5.1399,0
2016-04-15,4.9215,5.226,4.921,5.225,2550
2016-04-18,5.09,5.11,5.09,5.11,1262
2016-04-19,5.24,5.24,5.1,5.17,9702
2016-04-20,5.17,5.17,4.961,5.167,3782
2016-04-21,5.071,5.1513,5.0201,5.04,12012
2016-04-22,5.0201,5.064,4.89,4.99,15602
2016-04-25,5.03,5.03,4.93,4.93,600
2016-04-26,4.92,4.95,4.92,4.95,1201
2016-04-27,4.95,4.95,4.91,4.91,300
2016-04-28,4.94,4.94,4.94,4.94,100
2016-04-29,4.95,4.95,4.91,4.9116,1527
2016-05-02,4.9552,4.9552,4.92,4.92,618
2016-05-03,4.92,5.1,4.809,4.859,7855
2016-05-04,4.9599,4.99,4.9,4.98,3400
2016-05-05,5.0015,5.0015,4.81,4.89,2600
2016-05-06,4.9,4.9,4.85,4.85,1007
2016-05-09,4.9,4.91,4.9,4.9001,1770
2016-05-10,4.9,5.18,4.9,5.0806,5890
2016-05-11,5.14,5.14,5.0399,5.0399,5533
2016-05-12,5.04,5.04,4.96,4.96,351
2016-05-13,4.96,4.96,4.96,4.96,10
2016-05-16,4.91,4.92,4.89,4.9,14756
2016-05-17,4.98,5.1,4.98,5.1,7351
2016-05-18,5.1,5.1,5.1,5.1,10
2016-05-19,5.12,5.3601,5.09,5.3601,20990
2016-05-20,5.36,5.36,5.1,5.2899,9416
2016-05-23,5.1999,5.1999,5.15,5.15,3100
2016-05-24,5.2,5.2,5.191,5.191,612
2016-05-25,5.1392,5.1392,5.0001,5.01,7335
2016-05-26,5.0492,5.0492,5.0492,5.0492,556
2016-05-27,5.05,5.05,4.91,5.0,4003
2016-05-31,4.92,5.0665,4.91,5.049,4313
2016-06-01,4.97,5.0101,4.92,4.92,3804
2016-06-02,4.98,5.0568,4.9101,4.94,10500
2016-06-03,4.96,5.07,4.96,5.036,2300
2016-06-06,5.19,5.1999,5.11,5.1999,5452
2016-06-07,5.18,5.266,5.18,5.26,6691
2016-06-08,5.3,5.3399,5.0233,5.27,12550
2016-06-09,5.225,5.32,5.225,5.24,1900
2016-06-10,5.24,5.34,5.21,5.22,2292
2016-06-13,5.34,5.4,5.1,5.4,5281
2016-06-14,5.4,5.4,5.1,5.1,1404
2016-06-15,5.3899,5.4,5.265,5.2747,17376
2016-06-16,5.3,5.3,4.92,5.19,8267
2016-06-17,5.3,5.3,4.93,5.14,9110
2016-06-20,5.2535,5.2535,5.13,5.157,5214
2016-06-21,5.1999,5.1999,5.0,5.02,7820
2016-06-22,5.0,5.0782,5.0,5.01,8026
2016-06-23,4.9899,5.28,4.9699,5.24,17821
2016-06-24,5.17,5.17,4.94,5.0,6716
2016-06-27,5.22,5.22,5.1099,5.11,5692
2016-06-28,4.9989,5.075,4.9401,5.01,2520
2016-06-29,5.0201,5.1299,5.02,5.03,12130
2016-06-30,5.08,5.11,5.0301,5.0301,1542
2016-07-01,5.19,5.2,5.0301,5.04,8222
2016-07-05,5.04,5.04,5.04,5.04,4
2016-07-06,5.04,5.04,4.81,4.88,9868
2016-07-07,4.99,4.99,4.93,4.93,17297
2016-07-08,4.93,4.93,4.93,4.93,100
2016-07-11,4.9217,4.9217,4.9217,4.9217,100
2016-07-12,5.03,5.117,5.0001,5.01,6157
2016-07-13,5.0,5.0,5.0,5.0,240
2016-07-14,4.9818,5.0399,4.9818,5.0399,6000
2016-07-15,4.93,5.026,4.93,4.96,12877
2016-07-18,4.99,5.0,4.9619,5.0,11712
2016-07-19,4.9822,5.0,4.95,5.0,2301
2016-07-20,5.0,5.02,4.97,4.998,14400
2016-07-21,4.98,5.0,4.9601,5.0,2410
2016-07-22,5.0,5.0,5.0,5.0,104
2016-07-25,5.0,5.14,5.0,5.07,17494
2016-07-26,5.0889,5.09,5.05,5.08,3294
2016-07-27,5.02,5.08,5.02,5.08,1606
2016-07-28,5.0509,5.079,5.0509,5.0585,2000
2016-07-29,5.05,5.0691,5.05,5.06,4425
2016-08-01,5.09,5.09,5.0516,5.0516,892
2016-08-02,5.07,5.08,5.02,5.02,5425
2016-08-03,5.02,5.02,5.02,5.02,0
2016-08-04,5.05,5.065,5.02,5.058,13968
2016-08-05,5.06,5.06,5.05,5.05,6500
2016-08-08,5.05,5.05,5.05,5.05,0
2016-08-09,5.05,5.05,5.05,5.05,68
2016-08-10,5.0899,5.0899,4.95,5.0677,5158
2016-08-11,5.06,5.06,4.98,4.98,2513
2016-08-12,5.06,5.06,5.01,5.01,2936
2016-08-15,5.0472,5.05,5.0348,5.05,12151
2016-08-16,4.97,5.05,4.97,5.0207,18980
2016-08-17,5.01,5.01,4.9611,5.0,5901
2016-08-18,4.98,4.99,4.96,4.98,8706
2016-08-19,4.9601,4.9601,4.9601,4.9601,149
2016-08-22,4.9725,4.99,4.9725,4.99,3039
2016-08-23,4.9773,4.983,4.97,4.97,2025
2016-08-24,4.97,5.049,4.97,5.0249,6004
2016-08-25,4.9996,4.9996,4.96,4.983,6395
2016-08-26,4.9901,5.04,4.9874,4.9874,1626
2016-08-29,5.03,5.43,5.01,5.13,37455
2016-08-30,5.09,5.09,5.019,5.08,12993
2016-08-31,5.031,5.09,4.99,5.0,17107
2016-09-01,5.08,5.08,4.99,5.03,1372
2016-09-02,5.03,5.03,5.03,5.03,811
2016-09-06,5.07,5.11,4.97,5.0,35009
2016-09-07,4.99,5.09,4.97,5.06,43174
2016-09-08,5.0,5.11,4.99,5.09,74772
2016-09-09,5.1,5.11,4.98,5.05,17876
2016-09-12,5.04,5.05,4.99,5.04,20877
2016-09-13,5.05,5.17,5.04,5.15,18519
2016-09-14,5.14,5.14,5.025,5.09,17359
2016-09-15,5.13,5.14,4.98,5.1,17030
2016-09-16,5.1,5.19,5.0,5.0,48665
2016-09-19,5.05,5.15,5.05,5.1,1810
2016-09-20,5.01,5.14,5.01,5.07,7361
2016-09-21,5.02,5.02,4.94,5.0,4537
2016-09-22,4.98,5.0,4.9305,4.99,12250
2016-09-23,5.0,5.0,4.87,4.97,15624
2016-09-26,4.91,4.9264,4.88,4.9,7723
2016-09-27,4.91,4.99,4.89,4.95,171624
2016-09-28,4.98,4.98,4.97,4.98,7889
2016-09-29,4.95,4.98,4.88,4.97,25029
2016-09-30,4.98,5.0,4.92,5.0,16564
2016-10-03,4.9751,5.049,4.9201,4.9201,41242
2016-10-04,4.92,4.979,4.92,4.95,6899
2016-10-05,4.95,4.96,4.92,4.93,5343
2016-10-06,4.9,4.9,4.38,4.48,92940
2016-10-07,4.61,4.84,4.48,4.83,73675
2016-10-10,4.9,4.94,4.7941,4.93,6943
2016-10-11,4.91,4.91,4.91,4.91,100
2016-10-12,4.85,4.9,4.72,4.73,5478
2016-10-13,4.665,4.93,4.665,4.89,5121
2016-10-14,4.92,4.95,4.89,4.95,7645
2016-10-17,4.9,5.0,4.9,4.95,3391
2016-10-18,4.95,5.05,4.8072,5.0,28058
2016-10-19,4.75,4.95,4.7,4.8573,6633
2016-10-20,4.75,5.0,4.75,5.0,8508
2016-10-21,4.9943,4.9943,4.9943,4.9943,1800
2016-10-24,5.1,5.1,4.9917,5.1,21120
2016-10-25,4.9,4.95,4.9,4.95,1476
2016-10-26,5.0,5.05,4.912,5.05,3066
2016-10-27,5.05,5.05,4.95,5.05,14631
2016-10-28,5.0,5.05,5.0,5.0499,12019
2016-10-31,5.05,5.05,5.0085,5.0085,2166
2016-11-01,5.0085,5.0085,5.0085,5.0085,0
2016-11-02,5.0085,5.0085,5.0085,5.0085,1500
2016-11-03,4.85,4.85,4.85,4.85,101
2016-11-04,4.9115,4.9115,4.9,4.9,4555
2016-11-07,4.86,4.9,4.85,4.9,3646
2016-11-08,4.923,4.923,4.923,4.923,1099
2016-11-09,4.95,5.0,4.95,5.0,5850
2016-11-10,4.9499,4.9499,4.9499,4.9499,200
2016-11-11,4.7071,4.95,4.7071,4.95,3700
2016-11-14,4.9112,4.9112,4.8941,4.8941,601
2016-11-15,5.0,5.1,4.9925,5.044,17493
2016-11-16,5.044,5.044,5.044,5.044,32
2016-11-17,4.9955,5.0,4.9955,4.9962,1250
2016-11-18,4.9501,4.9999,4.9441,4.95,5269
2016-11-21,4.9417,4.9417,4.8998,4.9008,2589
2016-11-22,4.9455,5.15,4.9,5.1,27079
2016-11-23,5.13,5.15,5.05,5.15,8021
2016-11-25,5.15,5.15,5.15,5.15,0
2016-11-28,5.15,5.2,5.0508,5.159,7186
2016-11-29,5.15,5.15,5.1208,5.15,15769
2016-11-30,5.1,5.45,5.1,5.45,18421
2016-12-01,5.3847,5.7,5.15,5.7,36588
2016-12-02,5.6,5.7,5.45,5.6,25418
2016-12-05,5.55,5.65,5.4001,5.5,8052
2016-12-06,5.4,5.7,5.35,5.5,54635
2016-12-07,5.4841,5.6,5.4,5.6,6144
2016-12-08,5.5,5.725,5.5,5.725,8823
2016-12-09,5.5501,5.7,5.5,5.5,19533
2016-12-12,5.55,5.65,5.45,5.45,30504
2016-12-13,5.45,5.5,5.4,5.5,11039
2016-12-14,5.4748,5.4908,5.4748,5.4908,1670
2016-12-15,5.5,5.55,5.4918,5.549,8000
2016-12-16,5.5,5.6,5.5,5.599,3772
2016-12-19,5.65,5.75,5.605,5.75,19673
2016-12-20,5.75,5.75,5.65,5.7253,34488
2016-12-21,5.6,5.75,5.6,5.7,17719
2016-12-22,5.6502,5.75,5.6001,5.65,3546
2016-12-23,5.8,5.8,5.7,5.7,5959
2016-12-27,5.7928,5.8,5.6066,5.7,14129
2016-12-28,5.525,5.75,5.525,5.65,14013
2016-12-29,5.65,5.95,5.65,5.85,37868
2016-12-30,5.9,6.0,5.85,6.0,23394
2017-01-03,6.05,6.1,5.8,5.85,32907
2017-01-04,5.9,5.95,5.6,5.95,30437
2017-01-05,5.75,5.95,5.75,5.9,3552
2017-01-06,5.9999,6.0,5.9501,6.0,7467
2017-01-09,6.0001,6.05,6.0,6.05,9904
2017-01-10,6.1,6.1,6.01,6.1,9234
2017-01-11,6.009,6.1,6.0001,6.1,5622
2017-01-12,6.0001,6.05,6.0001,6.05,2801
2017-01-13,6.0,6.093,6.0,6.0909,2301
2017-01-17,6.1,6.1,6.0505,6.0505,8437
2017-01-18,6.05,6.25,6.05,6.1897,4471
2017-01-19,6.25,6.25,6.05,6.15,16744
2017-01-20,6.0591,6.1947,6.0591,6.0635,2872
2017-01-23,6.0,6.15,6.0,6.137,2857
2017-01-24,6.199,6.199,6.1,6.15,2765
2017-01-25,6.1,6.199,6.1,6.1092,1582
2017-01-26,6.1324,6.15,6.0601,6.1235,6777
2017-01-27,6.0501,6.15,6.05,6.1,8764
2017-01-30,6.05,6.05,5.65,5.7,40688
2017-01-31,5.85,6.0,5.8,6.0,4178
2017-02-01,6.05,6.05,6.05,6.05,4669
2017-02-02,5.75,6.026,5.75,6.026,291
2017-02-03,5.85,6.044,5.85,5.924,5769
2017-02-06,5.8,5.9,5.75,5.8,5844
2017-02-07,5.85,5.91,5.85,5.872,14555
2017-02-08,5.891,5.9,5.8,5.847,975
2017-02-09,5.8,5.85,5.75,5.8,15205
2017-02-10,5.75,5.899,5.5,5.7,13239
2017-02-13,5.75,5.9,5.75,5.85,6898
2017-02-14,5.892,5.9,5.892,5.9,1511
2017-02-15,5.9,5.9,5.8,5.9,6412
2017-02-16,5.9,6.0,5.86,5.943,4204
2017-02-17,6.0,6.0,5.93,6.0,9600
2017-02-21,6.0,6.0,5.95,6.0,12044
2017-02-22,6.0,6.0,5.95,5.95,300
2017-02-23,5.958,6.85,5.958,6.75,20105
2017-02-24,6.5,6.6,6.315,6.6,11312
2017-02-27,6.55,6.684,6.361,6.45,10521
2017-02-28,6.45,6.532,6.4,6.4,4729
2017-03-01,6.535,6.55,6.372,6.372,9340
2017-03-02,6.391,6.391,6.291,6.3,5697
2017-03-03,6.541,6.543,6.25,6.539,14920
2017-03-06,6.5,6.55,6.25,6.4,4922
2017-03-07,6.2,6.424,6.2,6.209,10946
2017-03-08,6.2,6.546,6.15,6.3,5720
2017-03-09,6.3,6.3,6.1,6.116,1044
2017-03-10,6.342,6.7,6.151,6.69,31306
2017-03-13,6.7,6.9,6.69,6.8,18662
2017-03-14,6.9,6.9,6.75,6.9,11021
2017-03-15,6.75,6.8,6.5,6.5,4713
2017-03-16,6.5,6.7,6.36,6.55,10330
2017-03-17,6.65,6.65,6.45,6.45,5533
2017-03-20,6.35,6.4,6.1,6.4,35076
2017-03-21,6.35,6.55,6.1,6.15,56305
2017-03-22,6.25,6.25,5.6,5.9,31231
2017-03-23,5.967,6.1,5.856,6.1,17324
2017-03-24,6.05,6.288,6.05,6.2,8172
2017-03-27,6.35,6.35,6.15,6.35,28869
2017-03-28,6.35,6.675,6.1,6.118,72660
2017-03-29,6.15,6.45,6.15,6.45,35205
2017-03-30,6.5,6.54,6.19,6.3,35198
2017-03-31,6.34,6.699,6.34,6.56,11095
2017-04-03,6.6,6.675,6.3,6.45,14480
2017-04-04,6.355,6.355,6.15,6.15,13492
2017-04-05,6.15,6.275,6.15,6.15,3589
2017-04-06,6.308,6.308,6.15,6.308,1680
2017-04-07,6.05,6.2,6.05,6.197,2770
2017-04-10,6.15,6.408,6.15,6.2,4598
2017-04-11,6.25,6.303,6.2,6.3,2541
2017-04-12,6.3,6.5,6.15,6.15,9113
2017-04-13,6.185,6.185,6.15,6.15,706
2017-04-17,6.225,6.3,6.15,6.15,17235
2017-04-18,6.2,6.2,6.2,6.2,236
2017-04-19,6.401,6.401,6.15,6.15,1932
2017-04-20,6.15,6.293,6.074,6.15,11650
2017-04-21,6.199,6.199,6.05,6.1,3639
2017-04-24,6.2,6.2,6.0,6.145,6803
2017-04-25,6.0,6.147,5.9,6.0,10601
2017-04-26,6.0,6.1,6.0,6.1,7950
2017-04-27,6.05,6.05,6.05,6.05,2000
2017-04-28,6.091,6.091,5.95,5.999,7016
2017-05-01,5.95,5.951,5.8,5.85,19623
2017-05-02,6.087,6.15,5.9,5.9,9981
2017-05-03,5.85,5.9,5.845,5.899,1402
2017-05-04,5.933,5.933,5.8,5.85,2279
2017-05-05,5.803,5.85,5.8,5.85,2215
2017-05-08,5.829,5.95,5.8,5.95,5409
2017-05-09,5.95,6.0,5.95,5.97,3033
2017-05-10,5.9,5.944,5.815,5.925,4174
2017-05-11,5.95,5.95,5.8,5.9,3507
2017-05-12,5.922,5.95,5.85,5.9,7279
2017-05-15,5.944,5.944,5.75,5.795,17843
2017-05-16,5.8,5.95,5.8,5.95,18563
2017-05-17,5.833,5.833,5.833,5.833,200
2017-05-18,5.8,5.9,5.8,5.9,8100
2017-05-19,5.8,5.9,5.8,5.8,11614
2017-05-22,5.857,5.946,5.8,5.8,20240
2017-05-23,5.8,5.8,5.65,5.7,16685
2017-05-24,5.7,5.728,5.65,5.728,2095
2017-05-25,5.65,5.95,5.55,5.95,23519
2017-05-26,5.6,5.7,5.45,5.6,24698
2017-05-30,5.65,5.75,5.6,5.6,8339
2017-05-31,5.6,5.6,5.5,5.6,6937
2017-06-01,5.828,5.828,5.529,5.8,8864
2017-06-02,5.749,5.8,5.7,5.75,8044
2017-06-05,5.7,5.8,5.7,5.8,8857
2017-06-06,5.75,5.8,5.55,5.75,2841
2017-06-07,5.8,5.949,5.65,5.8,18063
2017-06-08,5.65,5.934,5.65,5.9,2032
2017-06-09,5.9,5.95,5.9,5.95,26207
2017-06-12,5.95,5.95,5.9,5.9,5121
2017-06-13,5.75,5.9,5.75,5.9,717
2017-06-14,5.85,5.85,5.81,5.81,935
2017-06-15,5.85,5.85,5.85,5.85,2069
2017-06-16,5.85,5.95,5.8,5.95,13096
2017-06-19,5.95,5.95,5.85,5.9,17047
2017-06-20,5.95,5.95,5.8,5.848,13675
2017-06-21,5.65,5.8,5.65,5.799,16038
2017-06-22,5.85,5.85,5.75,5.77,6480
2017-06-23,5.8,5.8,5.703,5.8,5541
2017-06-26,5.8,5.8,5.7,5.728,5503
2017-06-27,5.8,5.8,5.65,5.743,3640
2017-06-28,5.7,5.8,5.7,5.75,1007
2017-06-29,5.576,5.718,5.55,5.6,3731
2017-06-30,5.75,5.75,5.653,5.653,657
2017-07-03,5.8,5.8,5.7,5.75,5128
2017-07-05,5.661,5.849,5.661,5.759,3497
2017-07-06,5.7587,5.7587,5.7587,5.7587,14
2017-07-07,5.85,5.9,5.85,5.85,5987
2017-07-10,5.85,5.85,5.85,5.85,85
2017-07-11,5.776,5.8,5.775,5.8,1621
2017-07-12,5.845,5.845,5.75,5.774,4556
2017-07-13,5.85,5.85,5.75,5.7992,6001
2017-07-14,5.65,5.907,5.65,5.9,45319
2017-07-17,6.0,6.0,5.7,5.75,38958
2017-07-18,5.85,5.85,5.7,5.85,6872
2017-07-19,5.925,5.949,5.8,5.85,6316
2017-07-20,5.8,5.85,5.8,5.85,407
2017-07-21,5.95,5.95,5.95,5.95,502
2017-07-24,5.9,5.949,5.85,5.85,5741
2017-07-25,5.75,5.849,5.65,5.75,7877
2017-07-26,5.601,5.775,5.601,5.775,2806
2017-07-27,5.7,5.7,5.7,5.7,699
2017-07-28,5.7,5.7,5.7,5.7,80
2017-07-31,5.658,5.658,5.658,5.658,620
2017-08-01,5.65,5.683,5.65,5.683,2717
2017-08-02,5.7,5.7,5.6,5.65,7500
2017-08-03,5.65,5.65,5.6,5.6,11901
2017-08-04,5.6,5.704,5.6,5.657,4872
2017-08-07,5.65,5.698,5.55,5.6,4952
2017-08-08,5.65,5.7,5.55,5.579,3986
2017-08-09,5.799,5.799,5.568,5.568,4544
2017-08-10,5.5,5.543,5.5,5.5,6659
2017-08-11,5.55,5.561,5.5,5.5,2523
2017-08-14,5.65,5.7,5.55,5.55,2536
2017-08-15,5.55,5.631,5.5,5.5,1091
2017-08-16,5.65,5.7,5.55,5.55,20813
2017-08-17,5.6,5.601,5.534,5.55,5032
2017-08-18,5.6,5.65,5.6,5.6,2535
2017-08-21,5.7,5.7,5.6,5.65,4826
2017-08-22,5.7,5.75,5.7,5.701,3291
2017-08-23,5.805,5.807,5.805,5.807,3645
2017-08-24,5.85,5.85,5.85,5.85,1337
2017-08-25,5.85,5.95,5.8,5.8,7192
2017-08-28,5.95,5.95,5.5,5.5,18814
2017-08-29,5.5,5.55,5.5,5.55,1553
2017-08-30,5.65,5.75,5.65,5.75,6827
2017-08-31,5.8,5.932,5.75,5.769,9050
2017-09-01,5.75,5.9,5.6,5.6,13443
2017-09-05,5.6,5.75,4.1,4.799,106858
2017-09-06,4.8,5.0,4.5,4.9,60239
2017-09-07,4.8,5.0,4.541,4.725,77686
2017-09-08,4.85,5.3,4.55,4.85,65211
2017-09-11,5.75,5.8,4.95,5.1,207904
2017-09-12,4.95,5.1,4.95,5.0,35244
2017-09-13,4.925,5.2,4.925,5.1,25584
2017-09-14,5.15,5.15,4.5,5.1,34447
2017-09-15,5.0,5.15,4.9,4.95,6928
2017-09-18,5.0,5.0,4.6,4.65,32457
2017-09-19,4.8,4.8,4.65,4.65,36069
2017-09-20,4.725,4.95,4.7,4.95,45083
2017-09-21,4.9,5.15,4.75,5.05,39268
2017-09-22,5.001,5.001,4.798,5.0,16578
2017-09-25,4.9,4.9,4.55,4.65,53452
2017-09-26,4.55,4.551,4.3,4.4,77376
2017-09-27,4.5,4.5,4.3,4.4,37834
2017-09-28,4.4,4.5,4.3,4.35,27739
2017-09-29,4.3,4.3,3.75,3.9,111472
2017-10-02,3.6,3.7,3.358,3.6,107644
2017-10-03,3.55,3.744,3.55,3.65,27039
2017-10-04,3.7,3.8,3.55,3.675,22012
2017-10-05,3.791,3.9,3.684,3.85,16239
2017-10-06,3.9,4.0,3.75,3.85,17433
2017-10-09,3.85,3.9,3.85,3.9,13330
2017-10-10,3.9,4.0,3.85,3.9,21244
2017-10-11,4.0,4.115,4.0,4.05,16982
2017-10-12,4.05,4.1,4.0,4.05,11928
2017-10-13,4.0,4.15,4.0,4.15,12911
2017-10-16,4.0,4.189,3.95,4.05,26996
2017-10-17,4.1,4.217,3.9,3.95,11018
2017-10-18,4.0,4.149,3.7,3.7,26262
2017-10-19,3.75,3.75,3.65,3.7,9504
2017-10-20,3.8,3.8,3.55,3.65,11387
2017-10-23,3.65,3.65,3.25,3.3,45281
2017-10-24,3.35,3.45,3.25,3.25,11431
2017-10-25,3.3,3.521,3.25,3.25,10907
2017-10-26,3.3,3.3,3.15,3.2,4611
2017-10-27,3.2,3.2,3.05,3.1,25060
2017-10-30,3.35,3.351,3.05,3.1,59652
2017-10-31,3.1,3.2,3.05,3.1,5706
2017-11-01,3.105,3.2,3.05,3.1,6055
2017-11-02,3.1,3.2,3.05,3.2,6476
2017-11-03,3.25,3.25,3.15,3.2,9233
2017-11-06,3.3,3.3,3.15,3.2,13659
2017-11-07,3.2,3.467,3.157,3.35,19734
2017-11-08,3.45,3.75,3.3,3.4,19832
2017-11-09,3.4,3.45,3.3,3.3,22906
2017-11-10,3.35,3.35,3.0,3.225,37353
2017-11-13,3.05,3.4,3.05,3.25,24016
2017-11-14,3.35,3.35,3.25,3.3,4588
2017-11-15,3.2,3.2,2.3,3.0,178038
2017-11-16,3.0,3.0,2.6613,2.75,22848
2017-11-17,2.707,2.8,2.45,2.6,30487
2017-11-20,2.75,2.75,2.575,2.581,11694
2017-11-21,2.65,2.65,2.5,2.65,50129
2017-11-22,2.65,2.75,2.538,2.624,16852
2017-11-24,2.687,2.687,2.55,2.65,10339
2017-11-27,2.5896,2.7,2.54,2.6,18398
2017-11-28,2.6,2.6427,2.488,2.5,19580
2017-11-29,2.5377,2.649,2.4584,2.5125,17982
2017-11-30,2.55,2.5805,2.45,2.487,37344
2017-12-01,2.4196,2.5,2.4,2.4,6875
2017-12-04,2.5,2.549,2.2,2.201,77630
2017-12-05,2.2,2.339,2.2,2.2422,21570
2017-12-06,2.249,2.4377,2.225,2.25,59740
2017-12-07,2.35,2.3954,2.2,2.3115,34296
2017-12-08,2.4,2.4,2.3,2.35,6992
2017-12-11,2.35,2.3745,2.25,2.2925,14365
2017-12-12,2.3069,2.8,2.302,2.4,156640
2017-12-13,2.5,2.5,2.3,2.4,31709
2017-12-14,2.35,2.45,2.35,2.4,7788
2017-12-15,2.4,2.4499,2.25,2.25,29549
2017-12-18,2.4,2.4,2.2001,2.25,57498
2017-12-19,2.2001,2.4,2.0001,2.35,39732
2017-12-20,2.35,2.35,2.2,2.2185,5633
2017-12-21,2.25,2.25,2.1052,2.15,13286
2017-12-22,2.2,2.2,2.15,2.2,21272
2017-12-26,2.2,2.212,2.15,2.151,33661
2017-12-27,2.15,2.2,2.1,2.2,74746
2017-12-28,2.2,2.25,2.05,2.1,82963
2017-12-29,2.0732,2.15,1.85,2.15,66820
2018-01-02,2.15,2.35,2.15,2.2,27024
2018-01-03,2.151,2.249,2.1,2.15,15845
2018-01-04,2.05,2.325,2.05,2.2,18934
2018-01-05,2.25,2.25,2.15,2.15,17426
2018-01-08,2.3,2.3,2.15,2.2,37298
2018-01-09,2.2,2.2446,2.2,2.2,15812
2018-01-10,2.2473,2.25,2.15,2.212,28177
2018-01-11,2.2,2.2,2.151,2.1999,3934
2018-01-12,2.2,2.25,2.15,2.2001,10534
2018-01-16,2.2,2.4,2.2,2.3,192539
2018-01-17,2.3,2.325,2.25,2.2877,32235
2018-01-18,2.2545,2.3444,2.252,2.3001,2336
2018-01-19,2.3,2.35,2.25,2.3,9470
2018-01-22,2.3,2.3,2.25,2.25,3913
2018-01-23,2.25,2.299,2.25,2.2665,5267
2018-01-24,2.25,2.35,2.25,2.35,28004
2018-01-25,2.3199,2.3422,2.2921,2.2921,3957
2018-01-26,2.25,2.3,2.25,2.251,14115
2018-01-29,2.25,2.3,2.25,2.3,10377
2018-01-30,2.251,2.3465,2.25,2.25,13742
2018-01-31,2.35,2.6,2.25,2.4,59987
2018-02-01,2.372,2.6511,2.35,2.6,243931
2018-02-02,2.6,3.0,2.35,2.4,130654
2018-02-05,2.35,2.3691,2.25,2.3,55149
2018-02-06,2.25,2.35,2.25,2.35,29570
2018-02-07,2.3999,2.3999,2.35,2.3742,1970
2018-02-08,2.3,2.3995,2.25,2.2501,11599
2018-02-09,2.25,2.3,2.2,2.25,20871
2018-02-12,2.25,2.2956,2.2001,2.25,23064
2018-02-13,2.35,2.45,2.2308,2.45,16774
2018-02-14,2.4,2.4443,2.35,2.3501,5106
2018-02-15,2.3501,2.4,2.3501,2.4,981
2018-02-16,2.355,2.3663,2.3,2.3,5732
2018-02-20,2.35,2.35,2.2,2.25,14585
2018-02-21,2.2001,2.25,2.2,2.25,7348
2018-02-22,2.25,2.25,2.2,2.2,911
2018-02-23,2.2,2.3,2.2,2.2465,14882
2018-02-26,2.2628,2.2628,2.1543,2.1543,5286
2018-02-27,2.15,2.15,2.0,2.101,22304
2018-02-28,2.05,2.1499,2.05,2.1,3520
2018-03-01,2.052,2.149,2.05,2.1,1811
2018-03-02,2.0625,2.0675,2.05,2.05,2449
2018-03-05,2.05,2.1,2.05,2.05,2254
2018-03-06,2.05,2.0999,2.05,2.05,3025
2018-03-07,2.1,2.15,2.1,2.15,12900
2018-03-08,2.2,2.3,2.2,2.3,3227
2018-03-09,2.2,2.35,2.2,2.35,3199
2018-03-12,2.25,2.3113,2.2,2.2,5473
2018-03-13,2.3,2.349,2.2519,2.349,5070
2018-03-14,2.266,2.4,2.2499,2.4,16861
2018-03-15,2.45,2.45,2.3046,2.35,13370
2018-03-16,2.3279,2.4,2.3279,2.4,4516
2018-03-19,2.4,2.4,2.35,2.4,6032
2018-03-20,2.302,2.4,2.302,2.4,1579
2018-03-21,2.3345,2.3345,2.3345,2.3345,2409
2018-03-22,2.3,2.3,2.25,2.25,5219
2018-03-23,2.3,2.3,2.2,2.2001,6199
2018-03-26,2.2,2.25,2.2,2.25,2853
2018-03-27,2.2,2.3,2.2,2.261,12913
2018-03-28,2.25,2.3,2.25,2.2613,1436
2018-03-29,2.25,2.251,2.25,2.251,468
2018-04-02,2.3,2.35,2.2903,2.35,14288
2018-04-03,2.301,2.3062,2.25,2.25,14867
2018-04-04,2.2272,2.2613,2.2,2.25,10298
2018-04-05,2.2501,2.3,2.25,2.3,9501
2018-04-06,2.251,2.2623,2.25,2.25,5202
2018-04-09,2.25,2.25,2.1063,2.1063,6099
2018-04-10,2.15,2.15,2.0,2.0603,25498
2018-04-11,2.05,2.05,1.85,2.05,32790
2018-04-12,2.05,2.2,2.05,2.2,3200
2018-04-13,2.1,2.15,2.1,2.15,500
2018-04-16,2.1748,2.1748,2.15,2.1501,3057
2018-04-17,2.1,2.15,2.0501,2.15,4517
2018-04-18,2.15,2.15,2.0501,2.0846,1870
2018-04-19,2.05,2.0747,2.05,2.05,4081
2018-04-20,2.051,2.085,2.051,2.0748,2338
2018-04-23,2.15,2.15,2.05,2.05,2395
2018-04-24,2.05,2.0541,2.05,2.05,4615
2018-04-25,2.1,2.1,2.0847,2.0897,5489
2018-04-26,2.05,2.0897,2.05,2.0501,1039
2018-04-27,2.05,2.05,2.05,2.05,307
2018-04-30,2.0501,2.0897,2.05,2.05,2750
2018-05-01,2.05,2.05,2.05,2.05,9
2018-05-02,2.05,2.1,2.05,2.05,11702
2018-05-03,2.0887,2.1,2.0541,2.0588,1413
2018-05-04,2.05,2.0505,2.05,2.0505,4450
2018-05-07,2.05,2.1,2.05,2.05,4191
2018-05-08,2.0613,2.0613,2.05,2.05,1900
2018-05-09,2.05,2.05,2.05,2.05,3219
2018-05-10,2.05,2.1,2.05,2.1,1000
2018-05-11,2.05,2.1,2.05,2.1,2845
2018-05-14,2.05,2.05,2.05,2.05,117
2018-05-15,2.1,2.1,2.001,2.099,5396
2018-05-16,1.95,2.1,1.9,1.9,18852
2018-05-17,1.984,1.984,1.9,1.95,1378
2018-05-18,1.9105,1.9499,1.65,1.6857,14709
2018-05-21,1.7,1.7499,1.6,1.6442,17492
2018-05-22,1.6,1.7,1.6,1.65,8346
2018-05-23,1.7,1.7,1.6999,1.6999,1943
2018-05-24,1.6,1.6507,1.6,1.65,4815
2018-05-25,1.65,1.65,1.65,1.65,113
2018-05-29,1.6583,1.6583,1.65,1.65,647
2018-05-30,1.65,1.65,1.6,1.6,1654
2018-05-31,1.646,1.65,1.55,1.55,7906
2018-06-01,1.55,1.65,1.55,1.55,6454
2018-06-04,1.55,1.6,1.5,1.5,25022
2018-06-05,1.6,1.6,1.3,1.35,23208
2018-06-06,1.25,1.35,1.25,1.3075,23530
2018-06-07,1.2,2.1,1.0,1.55,635719
2018-06-08,1.5,1.9,1.2757,1.9,61561
2018-06-11,1.95,1.95,1.7001,1.775,35254
2018-06-12,1.8,1.9,1.75,1.85,11123
2018-06-13,1.85,1.95,1.7,1.95,15144
2018-06-14,1.95,1.95,1.65,1.8,34769
2018-06-15,1.8,1.95,1.8,1.9,17195
2018-06-18,1.9,1.95,1.8,1.95,15168
2018-06-19,1.95,1.95,1.8,1.95,8844
2018-06-20,1.95,1.95,1.8,1.8,2245
2018-06-21,1.75,1.9,1.6819,1.9,24570
2018-06-22,1.8045,1.9,1.8045,1.9,2924
2018-06-25,1.95,1.95,1.7,1.95,3226
2018-06-26,1.95,1.95,1.7,1.8,3613
2018-06-27,1.7553,1.8905,1.7,1.7,3033
2018-06-28,1.85,1.85,1.75,1.75,789
2018-06-29,1.75,1.8499,1.7,1.75,20504
2018-07-02,1.75,1.75,1.7,1.75,527
2018-07-03,1.8,1.8,1.8,1.8,1658
2018-07-05,1.849,1.95,1.75,1.85,18932
2018-07-06,1.8,1.85,1.8,1.8002,2549
2018-07-09,1.7,1.85,1.6,1.693,22541
2018-07-10,1.755,1.8,1.701,1.775,13772
2018-07-11,1.7,1.8,1.65,1.8,7884
2018-07-12,1.741,1.7905,1.7051,1.7051,1036
2018-07-13,1.7051,1.7051,1.7051,1.7051,107
2018-07-16,1.7015,1.7015,1.7015,1.7015,3114
2018-07-17,1.65,1.75,1.6,1.75,10459
2018-07-18,1.6501,1.7,1.65,1.65,4808
2018-07-19,1.7,1.7579,1.65,1.75,2720
2018-07-20,1.6583,1.6583,1.6535,1.6535,443
2018-07-23,1.6,1.6075,1.6,1.6,1951
2018-07-24,1.7412,1.7412,1.603,1.6825,2479
2018-07-25,1.6966,1.6966,1.6,1.63,1590
2018-07-26,1.603,1.6557,1.603,1.6527,2069
2018-07-27,1.6527,1.6527,1.6527,1.6527,19
2018-07-30,1.65,1.65,1.5578,1.58,10741
2018-07-31,1.6,1.7,1.6,1.7,470
2018-08-01,1.651,1.651,1.651,1.651,544
2018-08-02,1.75,1.85,1.653,1.75,32276
2018-08-03,1.85,3.0,1.841,2.3,4043761
2018-08-06,2.0,2.1,1.85,2.1,229593
2018-08-07,2.0,2.1,1.85,2.0,74194
2018-08-08,1.7,2.0,1.7,1.9975,40233
2018-08-09,2.0,2.099,1.8501,2.095,27593
2018-08-10,2.1,2.1,2.0,2.0887,17050
2018-08-13,2.1,2.1,1.95,2.05,9719
2018-08-14,2.0,2.0,1.8501,1.9,18757
2018-08-15,1.95,2.0,1.856,1.9077,9026
2018-08-16,1.9598,2.0,1.9,1.95,22633
2018-08-17,2.0,2.05,1.994,2.0,15474
2018-08-20,1.962,1.962,1.8857,1.8857,33919
2018-08-21,1.75,1.9077,1.75,1.9,11038
2018-08-22,1.8,1.9,1.75,1.85,2042
2018-08-23,1.8802,1.9402,1.75,1.8,21717
2018-08-24,1.75,1.9,1.75,1.85,8634
2018-08-27,1.9,1.9,1.85,1.8603,3676
2018-08-28,1.85,1.9,1.801,1.8562,3397
2018-08-29,1.85,1.85,1.8001,1.8001,1046
2018-08-30,1.8438,1.8438,1.75,1.8,3082
2018-08-31,1.845,1.85,1.762,1.85,3135
2018-09-04,1.75,1.9067,1.75,1.9,14431
2018-09-05,1.75,1.95,1.75,1.95,11081
2018-09-06,1.9,1.95,1.9,1.9,5964
2018-09-07,1.9,1.9,1.818,1.818,1770
2018-09-10,1.8923,2.05,1.8923,2.05,24680
2018-09-11,2.05,2.5,2.0,2.4,73297
2018-09-12,2.45,2.4601,2.25,2.4,45331
2018-09-13,2.3324,2.4499,1.95,1.95,84374
2018-09-14,1.9,2.3,1.704,1.95,43500
2018-09-17,1.95,2.25,1.95,2.25,39262
2018-09-18,2.0,2.225,2.0,2.1,18925
2018-09-19,2.15,2.15,2.0,2.05,14367
2018-09-20,2.05,2.1,2.0,2.0,15679
2018-09-21,2.05,2.1,1.9,1.95,40401
2018-09-24,1.95,1.95,1.8,1.8,35503
2018-09-25,1.85,1.85,1.65,1.65,35075
2018-09-26,1.65,1.8217,1.65,1.75,13310
2018-09-27,1.65,2.0,1.6,1.85,67463
2018-09-28,1.8,1.9499,1.8,1.85,25763
2018-10-01,1.855,1.9103,1.78,1.8,16176
2018-10-02,1.9015,1.9015,1.7209,1.73,5064
2018-10-03,1.8355,1.8355,1.56,1.6989,50977
2018-10-04,1.73,1.775,1.64,1.65,5730
2018-10-05,1.6,1.7309,1.35,1.42,66519
2018-10-08,1.44,1.4627,1.41,1.44,10616
2018-10-09,1.43,1.4892,1.4,1.4,808
2018-10-10,1.41,1.42,1.4,1.42,1483
2018-10-11,1.41,1.413,1.35,1.35,11091
2018-10-12,1.36,1.36,1.15,1.32,23422
2018-10-15,1.3,1.3,1.2,1.21,18989
2018-10-16,1.21,1.3471,1.16,1.2,9791
2018-10-17,1.16,1.27,1.1,1.25,30331
2018-10-18,1.25,1.25,1.09,1.09,10897
2018-10-19,1.15,1.2,1.14,1.2,13607
2018-10-22,1.19,1.6,1.19,1.28,153334
2018-10-23,1.28,1.3852,1.0965,1.11,43731
2018-10-24,1.15,1.16,1.05,1.05,19108
2018-10-25,1.1122,1.3739,1.06,1.18,80234
2018-10-26,1.12,1.26,1.09,1.09,26970
2018-10-29,1.0974,1.17,1.05,1.05,5276
2018-10-30,1.07,1.13,1.03,1.03,7942
2018-10-31,1.0439,1.3799,1.03,1.1055,71069
2018-11-01,1.17,1.17,1.11,1.11,1578
2018-11-02,1.1667,1.1667,1.1156,1.13,1417
2018-11-05,1.1,1.28,1.05,1.17,15164
2018-11-06,1.17,1.17,1.0999,1.15,4508
2018-11-07,1.14,1.16,1.12,1.12,1851
2018-11-08,1.19,1.19,1.05,1.07,5440
2018-11-09,1.101,1.1385,1.101,1.1385,2006
2018-11-12,1.1499,1.1499,1.05,1.05,1451
2018-11-13,1.05,1.1,1.05,1.06,1737
2018-11-14,1.142,1.68,1.07,1.11,1090555
2018-11-15,1.15,1.23,1.02,1.2264,130742
2018-11-16,1.2,1.2,1.0501,1.19,13305
2018-11-19,1.19,1.19,1.07,1.1399,20413
2018-11-20,1.0785,1.2137,1.07,1.08,14453
2018-11-21,1.1016,1.2,1.0701,1.08,8495
2018-11-23,1.111,1.111,0.9313,0.9975,32301
2018-11-26,1.14,1.14,0.9518,1.0,35813
2018-11-27,1.0001,1.01,0.872,0.93,13362
2018-11-28,1.0,1.0,0.8208,0.93,20388
2018-11-29,0.95,0.95,0.93,0.94,3993
2018-11-30,0.94,0.94,0.9,0.9,6069
2018-12-03,0.924,0.928,0.862,0.92,9513
2018-12-04,0.95,0.95,0.9,0.9001,3033
2018-12-06,0.9436,0.9436,0.85,0.87,10791
2018-12-07,0.9,0.945,0.7553,0.782,30552
2018-12-10,0.75,0.84,0.7,0.84,5820
2018-12-11,0.7055,0.8442,0.7055,0.8301,26015
2018-12-12,0.8035,0.844361,0.8,0.83,8103
2018-12-13,0.85,0.85,0.754,0.81,11059
2018-12-14,0.85,0.8539,0.75,0.8118,5633
2018-12-17,0.888,0.8883,0.72,0.72,12454
2018-12-18,0.72,0.75,0.702,0.75,42869
2018-12-19,0.85,0.85,0.7,0.71,5483
2018-12-20,0.65696,0.706,0.61,0.62,24343
2018-12-21,0.68,0.7074,0.5889,0.5889,7301
2018-12-24,0.6131,0.6437,0.54,0.54,22224
2018-12-26,0.54,0.62,0.51,0.57,16071
2018-12-27,0.62,0.6821,0.55,0.66,7564
2018-12-28,0.6209,0.7459,0.6109,0.622,15964
2018-12-31,0.56,0.67,0.56,0.63,22007
2019-01-02,0.67,0.7901,0.65,0.79,25790
2019-01-03,0.7901,0.82,0.79,0.81,7177
2019-01-04,0.799236,0.8,0.79,0.8,4551
2019-01-07,0.88,1.01,0.88,1.0,36555
2019-01-08,1.05,1.05,1.03,1.05,3713
2019-01-09,0.9271,0.995,0.9271,0.995,3106
2019-01-10,0.995,0.995,0.995,0.995,329
2019-01-11,1.0,1.0,1.0,1.0,799
2019-01-14,1.05,1.14,1.05,1.0953,15062
2019-01-15,1.08,1.08,1.05,1.05,2978
2019-01-16,1.05,1.05,1.0201,1.0201,1086
2019-01-17,0.87,1.05,0.87,1.0,13748
2019-01-18,0.9548,1.05,0.9548,1.0,5009
2019-01-22,1.14,1.14,0.9201,1.0,32800
2019-01-23,0.95,1.05,0.95,1.0133,8191
2019-01-24,1.0,1.0,1.0,1.0,128
2019-01-25,1.06,1.17,1.0,1.0,5105
2019-01-28,1.03,1.0905,1.02,1.02,1149
2019-01-29,1.0,1.01,0.96,0.9601,21118
2019-01-30,1.0,1.0691,1.0,1.0691,708
2019-01-31,1.1,1.1,0.98,0.98,16089
2019-02-01,1.0,1.0,1.0,1.0,851
2019-02-04,1.0,1.0525,1.0,1.0,1127
2019-02-05,1.0,1.05,1.0,1.0,1331
2019-02-06,1.0,1.0,1.0,1.0,65
2019-02-07,1.0376,1.0376,1.0376,1.0376,165
2019-02-08,0.87,0.98,0.87,0.98,3144
2019-02-11,0.9,1.01,0.9,1.01,4921
2019-02-12,0.99,1.1,0.99,1.1,17875
2019-02-13,1.13,1.25,1.075,1.16,14392
2019-02-14,1.15,1.45,1.15,1.4,54236
2019-02-15,1.6,1.6834,1.03,1.1,96475
2019-02-19,1.14,1.14,0.944,1.0,20515
2019-02-20,1.04,1.06,1.01,1.02,13976
2019-02-21,1.018,1.04,0.93,1.0,9596
2019-02-22,1.02,1.02,1.02,1.02,706
2019-02-25,0.9427,0.9827,0.87,0.9826,7442
2019-02-26,0.9548,0.9851,0.9548,0.96,7440
2019-02-27,0.99,0.99,0.95,0.9527,11714
2019-02-28,0.966,0.966,0.93,0.93,2469
2019-03-01,0.9548,0.9548,0.9476,0.9476,3484
2019-03-04,0.9,0.9548,0.9,0.9,6357
2019-03-05,0.9,0.9,0.85,0.86,2073
2019-03-06,0.886801,0.8971,0.886801,0.89,7197
2019-03-07,0.904,0.93,0.85,0.85,6827
2019-03-08,0.9,1.0,0.86,1.0,30054
2019-03-11,1.0,1.0,0.86,0.9501,31578
2019-03-12,0.9701,0.9749,0.97,0.97,1600
2019-03-13,0.865135,0.9797,0.865135,0.953104,3636
2019-03-14,0.99,2.93,0.9795,1.48,8728484
2019-03-15,1.25,1.3499,1.13,1.25,372066
2019-03-18,1.2,1.27,1.09,1.19,131690
2019-03-19,1.15,1.15,1.03,1.09,100112
2019-03-20,1.07,1.08,0.9,0.93,100490
2019-03-21,0.94,0.96,0.92578,0.93,18958
2019-03-22,0.98,0.98,0.94,0.95,27573
2019-03-25,0.87,1.15,0.87,0.9566,196993
2019-03-26,0.947,1.37,0.94,1.17,464264
2019-03-27,1.17,1.45,1.13,1.18,311187
2019-03-28,1.17,1.2641,1.1,1.1,50081
2019-03-29,1.14,1.15,1.1,1.1,22164
2019-04-01,1.1,1.2648,1.1,1.1412,21350
2019-04-02,1.17,1.6,1.1412,1.38,345092
2019-04-03,1.39,1.55,1.37,1.45,105710
2019-04-04,1.42,1.52,1.3175,1.33,31362
2019-04-05,1.25,1.38,1.24,1.31,36423
2019-04-08,1.34,1.3999,1.3118,1.37,26319
2019-04-09,1.37,1.42,1.37,1.4,20825
2019-04-10,1.43,1.57,1.43,1.47,12705
2019-04-11,1.46,1.5,1.3,1.3,16960
2019-04-12,1.483,1.483,1.26,1.26,5275
2019-04-15,1.29,1.39,1.1609,1.28,47969
2019-04-16,1.3,1.34,1.2,1.26,43601
2019-04-17,1.28,1.28,1.2371,1.28,1540
2019-04-18,1.29,1.29,1.1501,1.28,16288
2019-04-22,1.15,1.232,1.0623,1.12,32497
2019-04-23,1.13,1.27,1.13,1.15,10365
2019-04-24,1.17,1.21,1.13,1.17,11506
2019-04-25,1.15,1.1646,1.05,1.05,1821
2019-04-26,1.05,1.1149,1.05,1.11,8488
2019-04-29,1.11,1.11,1.05,1.05,16191
2019-04-30,1.08,1.36,1.03,1.36,89639
2019-05-01,1.31,1.314,1.12,1.21,20922
2019-05-02,1.2416,1.29,1.2127,1.29,13597
2019-05-03,1.28,1.28,1.1101,1.21,12115
2019-05-06,1.24,1.24,1.15,1.15,2791
2019-05-07,1.15,1.2243,1.15,1.22,2757
2019-05-08,1.22,1.22,1.1523,1.219,3468
2019-05-09,1.1636,1.1636,1.1636,1.1636,275
2019-05-10,1.16,1.2262,1.1554,1.16,1357
2019-05-13,1.21,1.23,1.1613,1.17,6183
2019-05-14,1.19,1.22,1.16,1.1658,2509
2019-05-15,1.17,1.1998,1.16,1.18,13724
2019-05-16,1.2,1.2393,1.2,1.2,9478
2019-05-17,1.2,1.2933,1.2,1.2512,6448
2019-05-20,1.2027,1.2301,1.2027,1.2301,6135
2019-05-21,1.19,1.19,1.16,1.16,4394
2019-05-22,1.14,1.15,1.1,1.11,9227
2019-05-23,1.1,1.1516,1.1,1.1516,1026
2019-05-24,1.1055,1.1055,1.1055,1.1055,286
2019-05-28,1.1259,1.164,1.1259,1.164,252
2019-05-29,1.15,1.1612,1.15,1.1612,413
2019-05-30,1.12,1.2464,1.12,1.21,2599
2019-05-31,1.1,1.1,1.1,1.1,267
2019-06-03,1.1,1.14,1.1,1.14,1839
2019-06-04,1.11,1.11,1.11,1.11,316
2019-06-05,1.0239,1.11,1.01,1.02,6786
2019-06-06,1.1,1.1,1.05,1.05,1943
2019-06-07,1.1,1.1357,1.1,1.1348,3164
2019-06-10,1.1001,1.1001,1.1001,1.1001,266
2019-06-11,1.11,1.6422,1.11,1.37,281919
2019-06-12,1.38,1.3996,1.1501,1.27,32232
2019-06-13,1.35,1.35,1.1002,1.21,6082
2019-06-14,1.2,1.25,1.2,1.24,5750
2019-06-17,1.21,1.21,1.12,1.12,4763
2019-06-18,1.14,1.19,1.08,1.17,9470
2019-06-19,1.16,1.21,1.16,1.18,929
2019-06-20,1.1001,1.1056,1.05,1.05,1757
2019-06-21,1.1,1.1296,1.0747,1.08,4076
2019-06-24,1.1,1.1,0.9565,0.9565,6249
2019-06-25,1.0999,2.55,1.0799,1.34,13475570
2019-06-26,1.2,1.28,1.12,1.25,469440
2019-06-27,1.23,1.24,1.1,1.1,125529
2019-06-28,1.15,1.24,1.1004,1.16,63410
2019-07-01,1.16,1.16,1.04,1.06,39586
2019-07-02,1.1,1.46,1.05,1.1,410124
2019-07-03,1.1,1.1799,1.1,1.13,40296
2019-07-05,1.12,1.17,1.05,1.11,18292
2019-07-08,1.1,1.1452,1.07,1.07,26832
2019-07-09,1.1,1.14,1.03,1.07,24303
2019-07-10,1.08,1.13,1.015,1.1,23861
2019-07-11,1.09,1.1,1.01,1.01,30453
2019-07-12,1.02,1.09,1.02,1.07,9573
2019-07-15,1.06,1.13,1.02,1.06,43507
2019-07-16,1.06,1.11,1.02,1.0602,3424
2019-07-17,1.05,1.1,1.0325,1.1,24492
2019-07-18,1.0725,1.0929,1.03,1.0929,12774
2019-07-19,1.1,1.11,1.04,1.0501,20466
2019-07-22,1.1,1.1,1.0488,1.06,10126
2019-07-23,1.06,1.09,0.99,1.0,21854
2019-07-24,1.0262,1.04,1.0,1.0,16315
2019-07-25,1.0,1.05,1.0,1.04,25450
2019-07-26,1.0893,1.0893,1.01,1.04,7817
2019-07-29,1.09,1.09,1.0,1.0,12031
2019-07-30,1.05,1.06,1.02,1.0292,13697
2019-07-31,1.06,1.06,1.01,1.01,11584
2019-08-01,1.0549,1.0549,1.01,1.02,22691
2019-08-02,1.01,1.05,0.95,1.05,9395
2019-08-05,1.0,1.01,0.95,0.991,12289
2019-08-06,0.9923,1.0304,0.9923,1.02,11794
2019-08-07,1.0,1.01,0.96,1.01,7700
2019-08-08,0.9599,1.04,0.9599,0.99,25359
2019-08-09,0.97,0.9855,0.97,0.9855,2241
2019-08-12,1.0,1.04,0.95,1.0153,13709
2019-08-13,0.9548,1.0099,0.9548,1.0,1077
2019-08-14,1.0,1.0,0.97,1.0,5603
2019-08-15,0.96,0.96,0.95,0.958,7840
2019-08-16,0.95,0.9626,0.95,0.9548,950
2019-08-19,0.975,1.0052,0.975,0.9979,753
2019-08-20,0.9708,0.990124,0.9708,0.990124,1983
2019-08-21,0.95,1.0,0.93,0.99,7315
2019-08-22,0.978879,0.98,0.951,0.9789,3527
2019-08-23,0.95,1.0,0.95,1.0,6049
2019-08-26,0.96,1.0599,0.9543,1.05,13118
2019-08-27,0.9608,0.99,0.9608,0.99,19645
2019-08-28,0.96,0.99,0.96,0.989001,2533
2019-08-29,0.981145,0.981145,0.864,0.92,23205
2019-08-30,0.92,0.92515,0.8641,0.8641,11808
2019-09-03,0.87,0.9074,0.8641,0.86755,2714
2019-09-04,0.85,0.8685,0.7,0.7852,53034
2019-09-05,0.7924,0.8,0.75,0.7538,8593
2019-09-06,0.76,0.83,0.76,0.766952,9576
2019-09-09,0.8079,0.81,0.785,0.785,4066
2019-09-10,0.78,0.94,0.76,0.81,41428
2019-09-11,0.78,0.8739,0.78,0.82,28706
2019-09-12,0.785,0.84,0.78,0.84,4578
2019-09-13,0.79,0.846,0.79,0.8,18672
2019-09-16,0.82,0.85,0.82,0.82,7948
2019-09-17,0.81,0.921499,0.81,0.85,21232
2019-09-18,0.8302,0.85,0.8,0.83,7729
2019-09-19,0.832,0.91,0.8125,0.83,8512
2019-09-20,0.9,0.9,0.8303,0.885,3414
2019-09-23,0.885,0.887001,0.83,0.8301,4403
2019-09-24,0.85075,0.88,0.75,0.8492,28480
2019-09-25,0.86,0.88,0.83,0.83,1381
2019-09-26,0.83,0.95,0.7,0.772,173422
2019-09-27,0.790891,0.819,0.78,0.78,23107
2019-09-30,0.8,0.95,0.8,0.8337,52595
2019-10-01,0.9485,0.9485,0.81275,0.82001,4977
2019-10-02,0.81,0.861,0.782,0.782,3980
2019-10-03,0.92,0.95,0.8,0.8999,38685
2019-10-04,0.9174,1.0,0.9174,0.937001,41456
2019-10-07,0.95,0.95,0.802,0.92,31279
2019-10-08,0.82,1.0767,0.82,1.05,216598
2019-10-09,0.8602,1.02,0.8602,0.942,9112
2019-10-10,1.08,1.1,0.9501,1.0246,8325
2019-10-11,0.97325,1.05,0.9503,0.9954,37355
2019-10-14,1.05,1.05,0.91,0.9807,13055
2019-10-15,0.871,1.31,0.871,1.06,341770
2019-10-16,1.06,1.06,1.0,1.05,35766
2019-10-17,1.001,1.0308,0.9455,1.0045,3451
2019-10-18,0.986,1.06,0.95,0.9755,18015
2019-10-21,0.98,1.05,0.96,1.01,9132
2019-10-22,0.9804,1.02,0.96,1.0,6392
2019-10-23,0.9168,1.1,0.87,0.952,7897
2019-10-24,0.94,1.0,0.94,0.9975,10439
2019-10-25,0.971,0.9711,0.92,0.95,5940
2019-10-28,0.93,0.955,0.921,0.95,1726
2019-10-29,0.954,0.956449,0.94,0.94,859
2019-10-30,0.9494,0.9494,0.921,0.921,2026
2019-10-31,0.91,0.91,0.8807,0.91,12932
2019-11-01,0.9,0.9,0.8461,0.89,12459
2019-11-04,0.86,0.91,0.86,0.9,7654
2019-11-05,0.95,0.98,0.9187,0.98,7345
2019-11-06,0.95,0.95,0.9,0.912,5909
2019-11-07,0.961,0.9611,0.9,0.9,4497
2019-11-08,0.9,0.98,0.9,0.9,1165
2019-11-11,0.87,0.87975,0.865001,0.87975,2127
2019-11-12,0.847,0.86,0.834479,0.834479,3073
2019-11-13,0.885901,0.93,0.8706,0.8706,3916
2019-11-14,0.85,0.8605,0.845,0.8499,3336
2019-11-15,0.82,0.8425,0.82,0.83,12207
2019-11-18,0.846731,0.846731,0.846731,0.846731,1098
2019-11-19,0.93,0.93,0.7922,0.88,2667
2019-11-20,0.78,0.9,0.78,0.78,8403
2019-11-21,0.75,0.86,0.75,0.8001,2961
2019-11-22,0.82,0.82,0.8,0.804,1658
2019-11-25,0.83,0.847459,0.8276,0.83,3734
2019-11-26,0.85,0.98,0.8,0.85,26099
2019-11-27,0.83,0.83,0.815,0.815,902
2019-11-29,0.84,0.8429,0.84,0.8429,1930
2019-12-02,0.81,0.8198,0.81,0.81,1516
2019-12-03,0.9358,0.9358,0.8763,0.8763,892
2019-12-04,0.8364,0.8661,0.833,0.833,2740
2019-12-05,0.9,0.9,0.8195,0.82,7281
2019-12-06,0.86,0.86,0.86,0.86,541
2019-12-09,0.86,0.9,0.86,0.89,3668
2019-12-10,0.9,0.99,0.9,0.95,27808
2019-12-11,0.93,0.93,0.9,0.9,9349
2019-12-12,0.92,0.9219,0.86,0.9215,2487
2019-12-13,0.887041,0.8995,0.82,0.8247,6845
2019-12-16,0.85,0.9,0.85,0.8999,799
2019-12-17,0.92,0.92,0.8755,0.92,17454
2019-12-18,0.838,0.89,0.838,0.89,3009
2019-12-19,0.8483,0.8483,0.82,0.82,3655
2019-12-20,0.86,0.8617,0.81,0.8101,7844
2019-12-23,0.82,0.82,0.7631,0.7765,6143
2019-12-24,0.76,0.76,0.75,0.750099,8200
2019-12-26,0.77,0.7985,0.73,0.775,9095
2019-12-27,0.726049,0.75,0.7,0.74,9078
2019-12-30,0.76,0.7638,0.739,0.76,8015
2019-12-31,0.76125,0.76125,0.7,0.745,8851
2020-01-02,0.7404,0.800101,0.7232,0.800101,13505
2020-01-03,0.78,0.8652,0.762299,0.78,73286
2020-01-06,0.8,0.93,0.8,0.93,61196
2020-01-07,0.847,0.97,0.847,0.9586,58638
2020-01-08,0.9291,1.0125,0.885001,0.9568,11037
2020-01-09,0.95,0.98,0.95,0.97,1663
2020-01-10,0.95,0.95,0.95,0.95,462
2020-01-13,0.9548,0.96,0.915,0.915,7137
2020-01-14,0.99,0.99,0.8657,0.8657,2315
2020-01-15,0.8657,0.8657,0.8657,0.8657,128
2020-01-16,0.99,1.01,0.94,1.0,17892
2020-01-17,1.089,1.1,0.98,0.99,10950
2020-01-21,1.005,1.0305,0.9762,1.02,12392
2020-01-22,1.02,1.1,0.8632,1.0201,7759
2020-01-23,1.0308,1.0903,1.0308,1.04,2755
2020-01-24,1.08,1.1,1.08,1.09,24917
2020-01-27,1.07,1.08,1.06,1.07,6994
2020-01-28,1.02,1.07,1.02,1.07,4111
2020-01-29,1.06,1.07,1.04,1.07,15444
2020-01-30,1.09,1.09,0.91,0.952,2192
2020-01-31,0.92,0.9275,0.92,0.9275,2413
2020-02-03,0.8801,1.0,0.8801,1.0,4053
2020-02-04,1.0481,1.0481,1.0092,1.0092,2314
2020-02-05,1.0,1.0,0.9634,0.9634,1719
2020-02-06,1.0,1.0152,1.0,1.0152,2514
2020-02-07,1.0362,1.72,1.01,1.105,817530
2020-02-10,1.13,1.37,1.08,1.2069,142468
2020-02-11,1.33,1.33,1.16,1.18,41300
2020-02-12,1.15,1.2784,1.1,1.26,76296
2020-02-13,1.2,1.26,1.1296,1.1379,11016
2020-02-14,1.2103,1.29,1.14,1.28,64813
2020-02-18,1.23,1.27,1.19,1.25,12842
2020-02-19,1.1789,1.24,1.1059,1.22,14330
2020-02-20,1.26,1.27,1.2201,1.26,11527
2020-02-21,1.26,1.86,1.23,1.5,387900
2020-02-24,1.47,1.72,1.15,1.47,95285
2020-02-25,1.44,1.75,1.35,1.44,12886
2020-02-26,1.41,1.5656,1.352,1.3595,6273
2020-02-27,1.35,1.5599,1.35,1.41,18048
2020-02-28,1.46,1.562,1.27,1.39,5744
2020-03-02,1.03,1.53,1.03,1.2965,10392
2020-03-03,1.34,1.5,1.2632,1.5,10861
2020-03-04,1.18,1.4472,1.15,1.37,5046
2020-03-05,1.3816,1.3816,1.21,1.315,5945
2020-03-06,1.2653,1.27,1.25,1.25,6228
2020-03-09,1.22,1.22,1.1636,1.2,21202
2020-03-10,1.1865,1.4,1.16,1.271,39085
2020-03-11,1.2134,1.3202,1.0832,1.0832,15192
2020-03-12,1.05,1.15,1.0,1.14,2278
2020-03-13,1.08,1.2295,1.06,1.1359,9295
2020-03-16,1.06,1.25,1.05,1.1002,2670
2020-03-17,1.0534,1.161,1.0534,1.14,5148
2020-03-18,1.01,1.1,1.0,1.0,1974
2020-03-19,0.93,1.0,0.8209,0.96,13399
2020-03-20,0.96,0.96,0.74,0.74,29298
2020-03-23,0.7425,0.8101,0.74,0.74,19882
2020-03-24,0.85,0.8543,0.85,0.85,2197
2020-03-25,0.8783,0.89,0.85,0.8842,2746
2020-03-26,0.8875,0.8875,0.78,0.79,6456
2020-03-27,0.85,0.8699,0.78,0.7839,6081
2020-03-30,0.7508,0.809,0.7508,0.809,1139
2020-03-31,0.8731,0.8731,0.8731,0.8731,2523
2020-04-01,0.8731,0.8731,0.8731,0.8731,283
2020-04-02,0.766,0.8792,0.766,0.8792,1149
2020-04-03,0.8791,0.8791,0.7801,0.7801,403
2020-04-06,0.8415,0.8415,0.79,0.79,2399
2020-04-07,0.8492,0.8492,0.8063,0.81,663
2020-04-08,0.79,0.79,0.79,0.79,386
2020-04-09,0.7901,0.7901,0.785,0.79,7190
2020-04-13,0.85,0.85,0.82,0.82,396
2020-04-14,0.81,0.845,0.78,0.84,17406
2020-04-15,0.8,1.0881,0.78,0.899903,87596
2020-04-16,0.97,1.0403,0.88,0.9586,32274
2020-04-17,1.0,1.03,0.8442,0.8442,4277
2020-04-20,0.7822,0.946,0.78,0.8784,7108
2020-04-21,0.8784,0.8784,0.78,0.78,8456
2020-04-22,0.878299,0.878299,0.79,0.800101,1738
2020-04-23,0.87,0.87,0.82,0.82,3108
2020-04-24,0.8387,0.87,0.82,0.83005,6285
2020-04-27,0.92,0.92,0.838,0.8791,2450
2020-04-28,0.848,0.848,0.8381,0.8381,1101
2020-04-29,0.88,0.88,0.8405,0.8408,1494
2020-04-30,0.842,0.874,0.838,0.8452,12139
2020-05-01,0.84,0.8558,0.84,0.855,3915
2020-05-04,0.85,0.88,0.84,0.88,11650
2020-05-05,0.84,0.865,0.8,0.85,5661
2020-05-06,0.9096,0.9096,0.82,0.85,13752
2020-05-07,0.8,0.96,0.8,0.8453,17742
2020-05-08,0.925,0.97,0.87,0.95,7843
2020-05-11,0.9585,1.0,0.95,0.98,20442
2020-05-12,1.0,1.03,1.0,1.02,6478
2020-05-13,0.87,0.9638,0.855,0.913088,6718
2020-05-14,0.913088,0.913088,0.913088,0.913088,293
2020-05-15,0.875,0.9316,0.8215,0.931499,18180
2020-05-18,0.95,0.963351,0.89,0.9,5879
2020-05-19,0.89,0.8998,0.87,0.8844,1917
2020-05-20,0.87,0.9136,0.87,0.9136,1051
2020-05-21,0.92,0.92,0.87,0.87,3781
2020-05-22,0.87,0.909,0.87,0.9,3152
2020-05-26,0.87,0.92,0.87,0.9199,4340
2020-05-27,0.9,0.9,0.87,0.9,7929
2020-05-28,0.8701,1.03,0.8701,0.9991,40751
2020-05-29,0.9747,0.9999,0.97,0.9999,9550
2020-06-01,1.02,1.34,0.963,1.02,48082
2020-06-02,0.98,1.1001,0.98,1.025,9944
2020-06-03,1.0254,1.03,0.91,0.9205,3703
2020-06-04,0.9452,1.008,0.9452,1.0,2933
2020-06-05,0.915,1.09,0.915,1.04,8350
2020-06-08,1.03,1.1,0.9425,1.04,18412
2020-06-09,1.0501,1.1,1.05,1.05,4286
2020-06-10,1.12,1.3,1.0,1.0,220282
2020-06-11,1.1,1.3,1.05,1.05,177708
2020-06-12,1.14,1.3,1.04,1.2,100264
2020-06-15,1.24,1.25,1.0992,1.1601,50561
2020-06-16,1.18,1.25,1.12,1.17,34353
2020-06-17,1.16,1.97,1.08,1.37,731773
2020-06-18,1.19,1.35,1.12,1.33,92533
2020-06-19,1.29,3.89,1.15,1.63,14350544
2020-06-22,1.49,1.5,1.2,1.24,980246
2020-06-23,1.25,1.38,1.13,1.21,757647
2020-06-24,1.27,1.28,1.17,1.21,303541
2020-06-25,1.2,1.2359,1.08,1.15,208732
2020-06-26,1.13,1.16,0.85,1.02,379732
2020-06-29,1.03,1.04,0.95,1.0,169200
2020-06-30,1.26,1.85,1.22,1.4,7123100
2020-07-01,1.33,1.33,1.05,1.15,1096500
2020-07-02,1.11,1.17,1.09,1.11,182600
2020-07-06,1.12,1.35,1.07,1.25,1054300
2020-07-07,1.21,1.22,1.1,1.11,253700
2020-07-08,1.12,1.12,1.05,1.08,150000
2020-07-09,1.06,1.12,1.06,1.06,106600
2020-07-10,1.06,1.09,1.03,1.09,126600
2020-07-13,1.12,1.12,1.06,1.09,151600
2020-07-14,1.07,1.09,1.04,1.05,83200
2020-07-15,1.16,1.25,1.05,1.07,532200
2020-07-16,1.05,1.15,1.04,1.1,176200
2020-07-17,1.08,1.16,1.07,1.09,156900
2020-07-20,1.09,1.107,1.05,1.09,102922
2020-07-21,1.1,1.2,1.07,1.14,299683
2020-07-22,1.15,1.2292,1.11,1.155,97979
2020-07-23,1.18,1.23,1.12,1.15,156917
2020-07-24,1.13,1.15,1.12,1.15,42565
2020-07-27,1.14,1.1445,1.09,1.1306,61726
2020-07-28,1.12,1.28,1.11,1.22,263830
2020-07-29,1.2,1.2,1.13,1.16,126617
2020-07-30,1.16,1.2,1.13,1.15,49528
2020-07-31,1.1699,1.44,1.152,1.39,1235354
2020-08-03,1.24,1.35,1.17,1.25,308466
2020-08-04,1.26,1.34,1.215,1.29,152842
2020-08-05,1.31,1.33,1.23,1.2499,73278
2020-08-06,1.33,1.33,1.21,1.28,120832
2020-08-07,1.26,1.29,1.19,1.23,79919
2020-08-10,1.21,1.25,1.15,1.17,6715489
2020-08-11,2.08,2.55,1.64,1.83,70414503
2020-08-12,1.63,2.04,1.63,2.0,2835849
2020-08-13,1.76,2.0,1.72,1.77,743106
2020-08-14,1.74,1.74,1.55,1.58,664022
2020-08-17,1.47,1.6419,1.47,1.58,199489
2020-08-18,1.52,1.56,1.38,1.39,180479
2020-08-19,1.39,1.46,1.381,1.43,125550
2020-08-20,1.37,1.42,1.2601,1.3,190619
2020-08-21,1.27,1.35,1.27,1.29,142671
2020-08-24,1.26,1.31,1.22,1.3,146610
2020-08-25,1.26,1.34,1.26,1.32,153886
2020-08-26,1.31,1.3799,1.22,1.22,87242
2020-08-27,1.24,1.265,1.21,1.25,139337
2020-08-28,1.2,1.2499,1.2,1.21,42666
2020-08-31,1.22,1.24,1.12,1.12,89237
2020-09-01,1.12,1.185,1.12,1.17,72690
2020-09-02,1.14,1.19,1.14,1.14,59088
2020-09-03,1.14,1.1899,1.1,1.12,67777
2020-09-04,1.11,1.18,1.1,1.1,64109
2020-09-08,1.13,1.13,1.1,1.12,36845
2020-09-09,1.12,1.145,1.09,1.095,66817
2020-09-10,1.1,1.12,1.0,1.06,227355
2020-09-11,1.03,1.065,1.02,1.03,21324
2020-09-14,1.07,1.08,1.05,1.05,40480
2020-09-15,1.04,1.04,1.0,1.01,116949
2020-09-16,1.01,1.045,0.99,1.04,57662
2020-09-17,0.95,1.05,0.95,1.04,50060
2020-09-18,1.04,1.05,1.0,1.03,30120
2020-09-21,1.01,1.0289,0.9958,1.005,16743
2020-09-22,1.01,1.03,1.0,1.0,32769
2020-09-23,1.0,1.0739,0.994949,1.02,139241
2020-09-24,1.0,1.02,0.981,0.99475,44780
2020-09-25,1.01,1.09,1.0,1.07,300750
2020-09-28,1.55,9.62,1.55,2.95,139630943
2020-09-29,2.4,2.64,2.04,2.17,7970817
2020-09-30,1.99,2.0,1.67,1.76,2881467
2020-10-01,1.71,2.49,1.71,1.92,13044454
2020-10-02,1.8,1.96,1.72,1.77,1537592
2020-10-05,1.8,1.9072,1.68,1.78,761826
2020-10-06,1.86,1.95,1.77,1.82,1324455
2020-10-07,1.88,1.88,1.76,1.78,639316
2020-10-08,1.86,3.18,1.8,2.34,58298038
2020-10-09,2.12,2.4,1.97,2.37,2668156
2020-10-12,2.22,2.29,2.0,2.12,906161
2020-10-13,2.04,2.06,1.92,1.95,672451
2020-10-14,1.91,2.09,1.91,2.02,477532
2020-10-15,1.96,2.02,1.92,1.98,440142
2020-10-16,1.95,2.03,1.9,1.94,457141
2020-10-19,1.96,1.98,1.8794,1.88,387683
2020-10-20,1.96,1.96,1.88,1.91,314317
2020-10-21,1.92,2.0,1.86,1.89,468316
2020-10-22,1.92,2.04,1.86,1.93,651872
2020-10-23,1.98,2.0,1.88,1.97,277685
2020-10-26,1.93,1.97,1.86,1.91,178880
2020-10-27,1.88,2.0998,1.86,1.93,847699
2020-10-28,1.97,1.97,1.76,1.84,316112
2020-10-29,1.8,1.8286,1.73,1.75,224287
2020-10-30,1.72,1.7258,1.55,1.63,234731
2020-11-02,1.61,1.65,1.5601,1.62,109826
2020-11-03,1.67,1.72,1.57,1.68,147837
2020-11-04,1.67,1.7,1.56,1.58,84524
2020-11-05,1.63,1.6799,1.61,1.65,92274
2020-11-06,1.65,1.72,1.61,1.67,120196
2020-11-09,1.7,1.8409,1.62,1.75,611462
2020-11-10,1.75,1.95,1.71,1.93,1401756
2020-11-11,1.69,1.77,1.63,1.74,574747
2020-11-12,1.67,1.6897,1.63,1.64,193946
2020-11-13,1.63,1.63,1.5401,1.6,185714
2020-11-16,1.64,1.6417,1.6,1.61,137024
2020-11-17,1.65,1.6587,1.55,1.62,247326
2020-11-18,1.58,1.66,1.58,1.62,195777
2020-11-19,1.6,1.7,1.58,1.65,229744
2020-11-20,1.65,1.65,1.59,1.61,172551
2020-11-23,1.6,1.69,1.58,1.58,247148
2020-11-24,1.6,1.64,1.5867,1.59,146833
2020-11-25,1.61,1.69,1.59,1.68,272982
2020-11-27,1.74,1.74,1.66,1.7175,93965
2020-11-30,1.7,1.73,1.67,1.68,134096
2020-12-01,1.69,1.71,1.62,1.65,120522
2020-12-02,1.68,1.715,1.62,1.69,284053
2020-12-03,1.71,1.73,1.6727,1.7,124058
2020-12-04,1.7,1.98,1.7,1.89,1409240
2020-12-07,1.92,2.18,1.84,1.9,1544080
2020-12-08,1.96,2.065,1.85,1.87,1283143
2020-12-09,1.87,1.87,1.73,1.73,343249
2020-12-10,1.71,1.755,1.66,1.68,196268
2020-12-11,1.7,1.75,1.6675,1.67,171846
2020-12-14,1.7,1.725,1.64,1.67,95166
2020-12-15,1.67,1.8,1.6,1.78,368257
2020-12-16,1.77,1.86,1.73,1.81,491225
2020-12-17,1.82,1.9451,1.78,1.83,665229
2020-12-18,1.85,1.85,1.76,1.81,212626
2020-12-21,1.74,1.81,1.71,1.75,133648
2020-12-22,1.76,1.76,1.69,1.7,140813
2020-12-23,1.7,1.7,1.64,1.67,177186
2020-12-24,1.68,1.73,1.65,1.68,93145
2020-12-28,1.73,1.74,1.6602,1.7201,497351
2020-12-29,1.75,3.54,1.73,2.05,77335268
2020-12-30,1.85,2.16,1.83,2.1,3787550
2020-12-31,2.0,2.11,1.87,1.87,776986
2021-01-04,1.83,1.87,1.75,1.82,555489
2021-01-05,1.78,1.95,1.78,1.91,275447
2021-01-06,1.87,2.07,1.8,2.04,3374316
2021-01-07,2.05,2.07,1.85,1.9,1272037
2021-01-08,1.87,2.35,1.87,2.25,3414045
2021-01-11,2.03,2.27,2.01,2.05,739504
2021-01-12,2.06,2.4,2.05,2.14,875562
2021-01-13,2.12,2.18,2.06,2.09,265339
2021-01-14,2.1,2.38,2.05,2.35,2480651
2021-01-15,2.34,2.8,2.17,2.52,5647993
2021-01-19,2.47,2.78,2.41,2.63,4769900
2021-01-20,2.65,2.66,2.3,2.36,1820734
2021-01-21,2.34,2.35,2.12,2.27,1015446
2021-01-22,2.21,2.36,2.19,2.29,441379
2021-01-25,2.33,2.63,2.28,2.4,1836102
2021-01-26,2.8333,5.88,2.6,3.14,89314317
2021-01-27,4.0799,5.41,3.33,4.12,30873610
2021-01-28,3.63,4.03,2.75,3.01,3672485
2021-01-29,3.13,3.83,3.01,3.07,2429358
2021-02-01,3.15,3.45,3.02,3.28,1155624
2021-02-02,3.35,3.42,2.9,3.0,988244
2021-02-03,3.06,3.61,3.02,3.36,1293291
2021-02-04,3.36,3.39,3.17,3.25,1075478
2021-02-05,3.23,3.57,3.16,3.27,1501664
2021-02-08,3.3,3.4,3.1519,3.31,975352
2021-02-09,3.4,3.87,3.28,3.36,2439009
2021-02-10,3.41,3.54,3.11,3.18,845725
2021-02-11,3.28,3.57,3.18,3.3,804399
2021-02-12,3.24,3.51,3.21,3.4755,684162
2021-02-16,3.68,4.02,3.53,3.83,1312833
2021-02-17,3.85,3.85,3.55,3.74,946683
2021-02-18,3.65,3.93,3.64,3.81,753760
2021-02-19,3.82,3.8799,3.66,3.7,634301
2021-02-22,3.6841,3.81,3.51,3.56,644700
2021-02-23,3.19,3.23,2.56,2.86,1922328
2021-02-24,2.94,3.2299,2.9303,3.02,391843
2021-02-25,3.15,3.49,2.98,3.19,1042263
2021-02-26,3.26,3.26,2.91,2.93,297321
2021-03-01,3.01,3.2,2.83,3.13,808845
2021-03-02,3.1,3.15,2.74,2.86,1178277
2021-03-03,2.81,2.85,2.61,2.67,466101
2021-03-04,2.53,2.585,2.18,2.33,508801
2021-03-05,2.4155,2.56,2.23,2.42,294842
2021-03-08,2.51,2.57,2.45,2.5,145957
2021-03-09,2.54,2.677,2.45,2.6,568700
2021-03-10,2.65,2.68,2.5,2.55,117861
2021-03-11,2.629,2.99,2.574,2.89,450039
2021-03-12,2.82,3.0,2.763,2.97,1703359
2021-03-15,2.96,3.12,2.82,3.02,643839
2021-03-16,3.0,3.0,2.81,2.84,472776
2021-03-17,2.78,3.07,2.7299,2.92,960331
2021-03-18,2.93,3.17,2.87,2.95,773334
2021-03-19,2.87,3.06,2.83,2.97,379767
2021-03-22,2.98,3.14,2.95,3.06,242665
2021-03-23,3.07,3.22,2.963,3.08,767451
2021-03-24,3.06,3.13,2.76,2.78,241822
2021-03-25,2.64,2.98,2.59,2.7,500715
2021-03-26,2.71,2.87,2.66,2.8,558111
2021-03-29,2.81,2.81,2.55,2.64,338175
2021-03-30,2.69,2.71,2.47,2.56,872762
2021-03-31,2.49,2.7,2.49,2.53,422166
2021-04-01,2.55,2.77,2.53,2.64,336741
2021-04-05,2.68,2.76,2.6,2.71,605308
2021-04-06,2.7,2.7502,2.62,2.66,231641
2021-04-07,2.72,2.72,2.62,2.62,159235
2021-04-08,2.64,2.645,2.5195,2.57,275590
2021-04-09,2.59,2.68,2.52,2.57,97548
2021-04-12,2.56,2.56,2.33,2.42,484982
2021-04-13,2.4,2.4152,2.16,2.19,375167
2021-04-14,2.18,2.3,2.1451,2.24,147210
2021-04-15,2.18,2.37,2.1539,2.18,865643
2021-04-16,2.16,2.16,1.88,1.92,375188
2021-04-19,1.9,2.0,1.9,1.95,105230
2021-04-20,1.96,1.98,1.83,1.88,233709
2021-04-21,1.9,2.0,1.86,1.99,119280
2021-04-22,1.99,2.15,1.92,1.98,450997
2021-04-23,1.99,2.23,1.98,2.23,484240
2021-04-26,2.18,2.2,2.11,2.15,98274
2021-04-27,2.17,2.27,2.12,2.23,192286
2021-04-28,2.21,2.26,2.15,2.21,166792
2021-04-29,2.2,2.22,2.07,2.1,105257
2021-04-30,2.11,2.11,1.98,2.02,100769
2021-05-03,2.01,2.12,2.01,2.05,75960
2021-05-04,2.0,2.18,2.0,2.13,103189
2021-05-05,2.13,2.29,2.06,2.17,603029
2021-05-06,2.14,2.2,2.01,2.04,281421
2021-05-07,2.09,2.4702,2.04,2.13,966077
2021-05-10,2.11,2.17,2.03,2.06,159194
2021-05-11,1.97,2.015,1.86,1.93,435521
2021-05-12,1.93,2.29,1.8901,1.9799,1218271
2021-05-13,2.02,2.0299,1.92,1.98,148221
2021-05-14,2.0,2.22,2.0,2.15,767482
2021-05-17,2.15,2.15,2.0,2.08,368655
2021-05-18,2.09,2.18,2.04,2.06,235275
2021-05-19,2.01,2.1499,2.01,2.13,207879
2021-05-20,2.1345,2.72,2.06,2.63,4553587
2021-05-21,2.7763,2.8906,2.38,2.45,3721422
2021-05-24,2.43,2.69,2.35,2.49,937289
2021-05-25,2.46,2.51,2.27,2.3,594438
2021-05-26,2.27,2.53,2.27,2.36,264960
2021-05-27,2.41,2.48,2.3732,2.42,280242
2021-05-28,2.39,2.44,2.26,2.3,339190
2021-06-01,2.33,2.41,2.2,2.35,611148
2021-06-02,2.43,2.77,2.3985,2.57,2431096
2021-06-03,2.57,3.0492,2.43,2.86,3116554
2021-06-04,2.8,2.88,2.62,2.62,839075
2021-06-07,2.68,2.86,2.66,2.74,1391991
2021-06-08,2.75,3.03,2.61,2.88,1408087
2021-06-09,2.88,2.99,2.72,2.74,607804
2021-06-10,2.76,2.79,2.57,2.62,180488
2021-06-11,2.62,3.26,2.62,3.05,6505189
2021-06-14,2.98,3.4,2.77,3.31,5594416
2021-06-15,3.32,3.55,3.02,3.2,4156180
2021-06-16,3.13,3.18,2.88,3.01,1023232
2021-06-17,3.02,3.48,2.87,3.39,6675585
2021-06-18,3.25,3.25,2.65,2.66,3148247
2021-06-21,2.61,2.73,2.5,2.5,1580553
2021-06-22,2.45,2.6,2.36,2.47,886139
2021-06-23,2.49,2.57,2.41,2.45,418525
2021-06-24,2.47,2.68,2.47,2.59,851459
2021-06-25,2.6,2.64,2.48,2.51,239789
2021-06-28,2.5,2.69,2.4538,2.64,867590
2021-06-29,2.64,2.64,2.54,2.58,159618
2021-06-30,2.54,2.64,2.52,2.62,263543
2021-07-01,2.76,2.76,2.5597,2.6,279256
2021-07-02,2.62,2.63,2.5,2.6,269262
2021-07-06,2.61,2.95,2.59,2.79,1692368
2021-07-07,2.76,2.84,2.62,2.77,1279586
2021-07-08,2.69,3.39,2.607,3.06,10313184
2021-07-09,3.02,3.45,2.86,2.94,3173322
2021-07-12,2.98,3.2,2.95,3.15,1156793
2021-07-13,3.18,3.63,3.16,3.35,10943885
2021-07-14,4.36,4.85,3.28,3.54,37650093
2021-07-15,3.27,3.4494,3.0001,3.29,1888195
2021-07-16,3.21,3.63,3.03,3.57,1556769
2021-07-19,3.99,3.99,3.36,3.48,18027444
2021-07-20,3.32,3.65,3.12,3.64,1818624
2021-07-21,3.53,3.92,3.5,3.89,1056189
2021-07-22,3.86,4.05,3.68,3.98,956870
2021-07-23,3.92,3.92,3.6,3.6,428423
2021-07-26,3.64,3.74,3.37,3.39,385131
2021-07-27,3.33,3.52,3.22,3.41,287497
2021-07-28,3.36,3.7,3.36,3.63,190601
2021-07-29,3.6,3.84,3.54,3.8,230158
2021-07-30,3.7,3.89,3.695,3.83,407104
2021-08-02,3.87,3.87,3.58,3.64,180852
2021-08-03,3.64,3.64,3.42,3.44,101937
2021-08-04,3.39,3.58,3.39,3.54,183092
2021-08-05,3.58,3.78,3.4847,3.68,166012
2021-08-06,3.72,3.77,3.62,3.75,157518
2021-08-09,3.76,4.11,3.7013,3.85,586660
2021-08-10,3.85,4.15,3.82,4.1,494295
2021-08-11,4.04,4.05,3.89,3.89,165857
2021-08-12,3.99,4.08,3.76,4.08,322369
2021-08-13,4.02,4.1,3.85,3.99,269584
2021-08-16,3.9,3.92,3.43,3.43,757298
2021-08-17,3.63,3.63,3.13,3.19,369672
2021-08-18,3.14,3.4,3.135,3.37,199289
2021-08-19,3.23,3.36,3.02,3.02,239959
2021-08-20,3.09,3.35,3.09,3.32,210908
2021-08-23,3.26,3.54,3.26,3.47,225454
2021-08-24,3.5,3.6189,3.4701,3.49,94964
2021-08-25,3.53,3.54,3.305,3.31,202229
2021-08-26,3.29,3.4,3.15,3.17,123973
2021-08-27,3.17,3.27,3.1,3.24,230792
2021-08-30,3.29,3.3191,3.07,3.07,165638
2021-08-31,3.08,3.26,3.08,3.21,124300
2021-09-01,3.18,3.26,3.141,3.21,97640
2021-09-02,3.268,3.42,3.19,3.37,254156
2021-09-03,3.39,3.39,3.25,3.28,80607
2021-09-07,3.27,3.41,3.21,3.38,78953
2021-09-08,3.34,3.34,3.1801,3.24,45156
2021-09-09,3.22,3.41,3.22,3.39,51588
2021-09-10,3.37,3.38,3.31,3.36,21952
2021-09-13,3.35,3.35,3.22,3.22,41378
2021-09-14,3.19,3.2,2.91,2.94,196838
2021-09-15,3.1,3.11,2.99,3.03,53689
2021-09-16,3.06,3.11,2.98,3.0,27085
2021-09-17,3.06,3.11,3.0099,3.1,69960
2021-09-20,2.97,3.03,2.83,2.86,84395
2021-09-21,2.88,2.88,2.6767,2.68,124202
2021-09-22,2.74,2.85,2.72,2.82,31052
2021-09-23,2.81,2.97,2.74,2.81,136038
2021-09-24,2.85,3.07,2.85,2.92,70745
2021-09-27,2.93,3.09,2.92,3.01,121115
2021-09-28,2.96,2.97,2.83,2.88,66692
2021-09-29,2.91,2.91,2.77,2.8,53640
2021-09-30,2.8435,2.97,2.8101,2.95,49604
2021-10-01,2.95,2.95,2.8109,2.94,152188
2021-10-04,2.92,2.98,2.852,2.89,34729
2021-10-05,2.89,3.0501,2.85,2.95,161288
2021-10-06,2.89,2.94,2.85,2.9,33785
2021-10-07,2.915,2.945,2.8747,2.9,26816
2021-10-08,2.89,2.89,2.83,2.87,10941
2021-10-11,2.87,2.9173,2.8495,2.85,17448
2021-10-12,2.86,2.9,2.85,2.86,9785
2021-10-13,2.85,2.9,2.84,2.87,20472
2021-10-14,2.86,2.9,2.86,2.89,55340
2021-10-15,3.0,3.1546,2.92,3.01,148173
2021-10-18,3.01,3.03,2.91,2.92,35668
2021-10-19,2.98,2.98,2.87,2.89,18371
2021-10-20,2.89,2.93,2.87,2.93,32525
2021-10-21,2.93,3.08,2.93,2.98,56225
2021-10-22,2.95,3.45,2.82,3.21,1223882
2021-10-25,3.15,3.4314,3.03,3.09,463338
2021-10-26,3.05,3.3199,2.93,3.24,192265
2021-10-27,3.21,3.2799,3.15,3.26,128732
2021-10-28,3.26,3.7355,3.26,3.56,395545
2021-10-29,3.57,3.62,3.21,3.3,124922
2021-11-01,3.37,3.45,3.29,3.45,2205736
2021-11-02,3.42,3.48,3.18,3.48,841735
2021-11-03,3.49,3.73,3.42,3.7,231201
2021-11-04,3.68,3.7,3.5637,3.69,157482
2021-11-05,3.5,3.7,3.5,3.64,109118
2021-11-08,3.63,3.68,3.58,3.61,49504
2021-11-09,3.57,3.65,3.42,3.62,115751
2021-11-10,3.64,3.69,3.48,3.65,142279
2021-11-11,3.64,3.64,3.5316,3.56,67919
2021-11-12,3.54,3.6198,3.46,3.57,1821164
2021-11-15,3.95,4.18,3.63,3.99,2351419
2021-11-16,3.9,3.9,3.652,3.73,380310
2021-11-17,3.7,4.15,3.7,4.11,309638
2021-11-18,4.11,4.45,3.95,4.43,509379
2021-11-19,4.36,4.3687,3.9201,4.23,221788
2021-11-22,4.19,4.3899,4.08,4.33,139388
2021-11-23,4.36,4.414,4.27,4.4,96765
2021-11-24,4.33,4.74,4.33,4.74,176021
2021-11-26,4.64,4.64,4.39,4.49,126183
2021-11-29,4.49,4.85,4.49,4.59,176794
2021-11-30,4.52,4.52,4.22,4.36,137077
2021-12-01,4.41,4.54,4.32,4.36,90142
2021-12-02,4.33,4.45,4.22,4.41,74232
2021-12-03,4.46,4.78,4.4001,4.725,154213
2021-12-06,4.84,5.2,4.58,5.13,357151
2021-12-07,5.11,5.2738,5.01,5.19,206792
2021-12-08,5.24,5.65,5.15,5.53,220107
2021-12-09,5.6,6.23,5.5501,6.15,503343
2021-12-10,6.09,6.146,5.4201,5.85,224178
2021-12-13,5.76,6.076,5.49,5.905,254613
2021-12-14,5.78,6.1,5.6215,6.03,105674
2021-12-15,6.19,6.46,6.0101,6.46,310545
2021-12-16,6.59,6.6299,6.09,6.55,236533
2021-12-17,6.47,6.81,6.245,6.81,194630
2021-12-20,6.79,6.79,6.3,6.55,220448
2021-12-21,6.69,6.69,6.451,6.63,101207
2021-12-22,6.56,7.1,6.4,6.8,220203
2021-12-23,6.89,7.0286,6.7162,6.96,83553
2021-12-27,7.11,7.13,6.8801,7.06,134236
2021-12-28,7.0,7.0833,5.76,6.27,455860
2021-12-29,6.2,6.55,6.2,6.36,108992
2021-12-30,6.38,6.38,5.6,5.79,225749
2021-12-31,5.64,5.85,5.62,5.62,103726
2022-01-03,5.64,5.68,5.0,5.24,241608
2022-01-04,5.24,5.24,4.82,5.08,163002
2022-01-05,5.01,5.5015,5.01,5.25,161530
2022-01-06,5.13,5.31,4.81,5.1,186011
2022-01-07,5.05,6.03,5.05,5.72,189874
2022-01-10,5.51,5.595,5.2,5.33,72922
2022-01-11,5.28,5.28,5.01,5.11,96643
2022-01-12,5.05,5.195,4.93,5.09,64051
2022-01-13,5.05,5.333,5.02,5.14,117637
2022-01-14,5.23,5.36,5.0956,5.34,44126
2022-01-18,5.1508,5.5215,5.1508,5.4,70782
2022-01-19,5.38,5.51,5.16,5.32,44595
2022-01-20,5.26,5.57,5.165,5.2,38797
2022-01-21,5.0102,5.1392,4.81,4.84,55202
2022-01-24,4.75,4.89,4.35,4.86,69326
2022-01-25,4.67,4.92,4.667,4.73,57929
2022-01-26,4.72,4.9499,4.62,4.62,27075
2022-01-27,4.59,4.75,4.36,4.43,54598
2022-01-28,4.43,4.7384,4.2801,4.68,94369
2022-01-31,4.58,5.3,4.58,5.29,101182
2022-02-01,5.35,5.81,5.3,5.73,221554
2022-02-02,5.78,5.8618,5.6501,5.7552,41442
2022-02-03,5.66,5.79,5.2901,5.55,69189
2022-02-04,5.53,5.63,5.3074,5.6,33014
2022-02-07,5.65,5.65,5.49,5.59,16267
2022-02-08,5.55,5.74,5.49,5.69,26165
2022-02-09,5.8,6.04,5.72,5.99,79896
2022-02-10,5.84,6.2,5.84,6.05,50473
2022-02-11,6.0,6.12,5.6,5.78,54554
2022-02-14,5.7,5.7263,5.4,5.6,23640
2022-02-15,5.64,6.13,5.6052,6.1,98948
2022-02-16,6.05,6.1499,5.9,5.94,44965
2022-02-17,5.98,6.0,5.65,5.77,42090
2022-02-18,5.79,5.8,5.51,5.64,19761
2022-02-22,5.52,5.68,5.52,5.67,12749
2022-02-23,5.7,5.78,5.4738,5.75,14822
2022-02-24,5.37,5.49,4.88,5.44,54074
2022-02-25,5.5,5.8489,5.5,5.75,47262
2022-02-28,5.72,6.05,5.65,5.91,164918
2022-03-01,5.9,6.1,5.9,5.97,39717
2022-03-02,6.05,6.3986,5.9806,6.27,85345
2022-03-03,6.1718,6.2499,6.0,6.05,31410
2022-03-04,6.08,6.3,5.96,6.01,41481
2022-03-07,6.03,6.03,5.72,5.84,19612
2022-03-08,5.81,5.88,5.36,5.55,100150
2022-03-09,5.72,6.21,5.5321,5.96,94502
2022-03-10,5.83,6.1899,5.83,6.13,111233
2022-03-11,6.04,6.25,6.04,6.17,64290
2022-03-14,6.25,6.3,5.96,5.99,38616
2022-03-15,6.0196,6.07,5.9652,6.0,13806
2022-03-16,6.09,6.0973,5.91,6.07,33141
2022-03-17,6.005,6.2,5.9743,6.2,8617
2022-03-18,6.2,6.37,6.0,6.01,52914
2022-03-21,5.96,6.14,5.82,6.04,19073
2022-03-22,6.08,6.44,6.05,6.42,93538
2022-03-23,6.42,6.65,6.22,6.45,57833
2022-03-24,6.26,6.8224,6.26,6.46,58149
2022-03-25,6.96,6.96,6.48,6.63,28163
2022-03-28,6.84,6.87,6.45,6.8,25483
2022-03-29,7.03,7.03,6.68,6.97,50019
2022-03-30,7.0,7.01,6.5988,6.95,49739
2022-03-31,6.88,6.88,4.85,5.47,361400
2022-04-01,5.36,5.6,5.3,5.5,72977
2022-04-04,5.44,5.72,5.26,5.69,38217
2022-04-05,5.48,5.61,5.13,5.3,36909
2022-04-06,5.19,5.4216,5.19,5.38,19465
2022-04-07,5.39,5.5,5.26,5.42,20417
2022-04-08,5.41,5.5331,5.38,5.47,9245
2022-04-11,5.47,5.55,5.39,5.5,4523
2022-04-12,5.55,5.63,5.34,5.55,61848
2022-04-13,5.68,5.68,5.5301,5.57,6501
2022-04-14,5.7299,5.73,5.35,5.44,34640
2022-04-18,5.44,5.44,5.04,5.18,43258
2022-04-19,5.14,5.2,4.9632,5.15,18634
2022-04-20,5.17,5.2,5.0,5.13,14871
2022-04-21,5.1,5.15,4.8013,4.86,42589
2022-04-22,4.91,4.9561,4.725,4.84,22579
2022-04-25,4.99,4.99,4.8,4.96,12019
2022-04-26,4.81,4.91,4.6,4.6,29260
2022-04-27,4.65,4.7,4.34,4.6405,47564
2022-04-28,4.7,4.71,4.6185,4.67,19721
2022-04-29,4.7,4.71,4.65,4.71,13815
2022-05-02,4.7028,4.7507,4.65,4.65,26990
2022-05-03,4.6653,4.668,4.61,4.64,37543
2022-05-04,4.65,4.77,4.47,4.71,56729
2022-05-05,4.6,4.9,4.6,4.87,94016
2022-05-06,4.87,5.255,4.87,5.24,75994
2022-05-09,5.3159,5.33,4.79,4.79,67156
2022-05-10,4.82,5.1,4.82,4.94,32460
2022-05-11,4.98,5.02,4.85,4.93,9507
2022-05-12,4.9,4.9,4.52,4.55,44216
2022-05-13,4.65,4.65,4.58,4.63,13896
2022-05-16,4.61,4.93,4.61,4.85,68644
2022-05-17,4.95,5.0999,4.84,4.95,16458
2022-05-18,4.98,5.0553,4.78,4.87,70309
2022-05-19,4.91,4.92,4.8,4.84,13804
2022-05-20,4.84,4.86,4.73,4.77,7022
2022-05-23,4.75,4.8124,4.63,4.65,8064
2022-05-24,4.655,4.655,4.49,4.62,15233
2022-05-25,4.61,4.9704,4.61,4.85,16038
2022-05-26,4.9,5.0,4.7,4.76,38425
2022-05-27,4.82,5.105,4.7,4.92,149121
2022-05-31,4.85,5.25,4.85,5.2,122971
2022-06-01,5.31,5.4299,5.305,5.3314,45797
2022-06-02,5.27,5.43,5.27,5.42,33822
2022-06-03,5.39,5.73,5.34,5.6,18503
2022-06-06,5.7,5.7447,5.5,5.66,34440
2022-06-07,5.62,5.7,4.96,5.04,109100
2022-06-08,4.96,5.3205,4.35,4.4,71261
2022-06-09,4.63,4.63,3.5101,3.62,109468
2022-06-10,3.95,4.37,3.56,4.34,146727
2022-06-13,4.23,4.23,3.85,3.93,31765
2022-06-14,4.12,4.23,4.0,4.02,60003
2022-06-15,3.91,4.12,3.652,4.03,47134
2022-06-16,4.0,4.07,3.82,3.87,47747
2022-06-17,3.92,4.3799,3.88,4.05,6725
2022-06-21,4.05,4.05,3.83,3.94,42498
2022-06-22,3.94,4.0378,3.55,3.72,62570
2022-06-23,3.7,3.88,3.69,3.77,21146
2022-06-24,3.67,3.96,3.67,3.8,45260
2022-06-27,3.7,3.795,3.6,3.62,25472
2022-06-28,3.8558,3.8558,3.47,3.47,5467
2022-06-29,3.34,3.48,3.32,3.36,22675
2022-06-30,3.46,3.5399,3.19,3.34,24053
2022-07-01,3.25,3.4899,3.1,3.26,30153
2022-07-05,3.11,3.5299,2.94,3.02,103752
2022-07-06,2.9438,3.0099,2.46,2.73,330491
2022-07-07,2.73,3.0399,2.5807,2.95,55815
2022-07-08,2.89,3.0272,2.87,2.97,18666
2022-07-11,2.71,3.055,2.71,2.99,42466
2022-07-12,2.83,2.9899,2.71,2.82,51078
2022-07-13,2.75,3.0,2.75,2.97,26956
2022-07-14,3.05,3.347,3.02,3.19,82182
2022-07-15,3.23,3.3799,3.1492,3.32,60090
2022-07-18,3.34,3.4,3.0402,3.38,35708
2022-07-19,3.32,3.4307,3.25,3.29,18999
2022-07-20,3.3,3.78,3.2745,3.6,29037
2022-07-21,3.57,3.6,3.21,3.51,13737
2022-07-22,3.53,3.53,3.2,3.46,18781
2022-07-25,3.22,3.6399,3.15,3.39,19180
2022-07-26,3.21,3.56,3.21,3.48,17330
2022-07-27,3.5799,3.59,3.4,3.42,22113
2022-07-28,3.38,3.5799,3.38,3.47,19028
2022-07-29,3.48,3.7999,3.42,3.49,15679
2022-08-01,3.54,3.7514,3.49,3.58,9146
2022-08-02,3.42,3.5544,3.13,3.3,16731
2022-08-03,3.3999,3.58,3.11,3.18,46083
2022-08-04,3.49,3.5424,3.1007,3.3,24373
2022-08-05,3.3,3.42,3.1983,3.4,2889
2022-08-08,3.39,3.4291,3.208,3.33,13318
2022-08-09,3.2464,3.3521,3.21,3.25,1327
2022-08-10,3.4071,3.4071,3.11,3.2,20726
2022-08-11,3.11,3.1214,3.062,3.07,4432
2022-08-12,3.1,3.1,3.015,3.04,20632
2022-08-15,2.9,3.04,2.9,3.04,4718
2022-08-16,3.05,3.0624,2.902,2.975,9723
2022-08-17,2.95,3.0816,2.9499,2.95,5283
2022-08-18,2.925,2.9846,2.9001,2.91,4793
2022-08-19,2.94,2.95,2.94,2.94,782
2022-08-22,2.82,2.9781,2.75,2.91,3568
2022-08-23,2.85,2.9599,2.81,2.9599,1687
2022-08-24,2.945,2.9712,2.89,2.94,4945
2022-08-25,3.0581,3.0999,2.97,3.005,9452
2022-08-26,2.96,3.0499,2.84,2.87,12871
2022-08-29,2.901,2.9799,2.82,2.82,6115
2022-08-30,2.85,2.85,2.655,2.67,8485
2022-08-31,2.66,2.73,2.645,2.7,11693
2022-09-01,2.65,2.715,2.6107,2.6686,7272
2022-09-02,2.64,2.7699,2.62,2.7,11006
2022-09-06,2.66,2.66,2.53,2.53,1629
2022-09-07,2.6,2.7799,2.5,2.7699,10004
2022-09-08,2.83,2.83,2.61,2.63,2253
2022-09-09,2.63,2.9999,2.63,2.73,3686
2022-09-12,2.56,2.8199,2.56,2.72,9574
2022-09-13,2.6,2.7499,2.52,2.56,5050
2022-09-14,2.6,2.78,2.56,2.56,7300
2022-09-15,2.9399,2.9399,2.64,2.69,2823
2022-09-16,2.75,2.9899,2.51,2.52,15127
2022-09-19,2.45,2.47,2.3601,2.4562,7330
2022-09-20,2.4,2.4,2.36,2.39,2281
2022-09-21,2.3609,2.3632,2.3609,2.3632,711
2022-09-22,2.26,2.2602,2.21,2.22,2952
2022-09-23,2.25,2.25,2.08,2.14,7758
2022-09-26,2.19,2.19,2.04,2.1,4854
2022-09-27,2.0775,2.1999,2.0775,2.09,5830
2022-09-28,2.0561,2.13,2.04,2.06,1964
2022-09-29,2.1435,2.2199,2.0401,2.1567,3191
2022-09-30,2.18,2.19,2.104,2.13,4771
2022-10-03,2.2478,2.4199,2.2048,2.39,17325
2022-10-04,2.47,2.47,2.25,2.32,5290
2022-10-05,2.21,2.4199,2.05,2.17,6724
2022-10-06,2.2496,2.2496,2.2496,2.2496,440
2022-10-07,2.225,2.3344,2.1,2.2,1032
2022-10-10,2.15,2.3544,2.15,2.225,1552
2022-10-11,2.22,2.22,2.14,2.14,1206
2022-10-12,2.14,2.14,2.14,2.14,143
2022-10-13,2.09,2.1907,2.01,2.05,16687
2022-10-14,2.16,2.1997,2.02,2.06,24321
2022-10-17,2.095,2.115,2.02,2.0616,13679
2022-10-18,2.34,2.34,2.08,2.1,17382
2022-10-19,2.0865,2.12,2.05,2.05,19531
2022-10-20,2.105,2.12,2.06,2.1144,2998
2022-10-21,2.09,2.1599,2.05,2.08,1542
2022-10-24,2.18,2.18,2.07,2.13,1311
2022-10-25,2.12,2.12,1.97,2.02,36026
2022-10-26,2.1399,2.1399,2.01,2.01,5618
2022-10-27,1.99,2.1399,1.95,1.97,27688
2022-10-28,1.95,2.0877,1.9,2.06,30539
2022-10-31,2.02,2.06,1.9258,2.02,7105
2022-11-01,2.03,2.1,1.99,2.0,13562
2022-11-02,1.97,1.97,1.95,1.95,985
2022-11-03,1.95,1.95,1.95,1.95,149
2022-11-04,2.0,2.0,1.86,1.86,4696
2022-11-07,2.0316,2.0316,1.905,1.905,611
2022-11-08,1.93,1.93,1.88,1.91,1566
2022-11-09,1.9,1.91,1.852,1.89,3237
2022-11-10,1.91,1.91,1.89,1.8901,1950
2022-11-11,1.91,1.96,1.84,1.8801,14762
2022-11-14,1.96,2.0999,1.89,1.89,6557
2022-11-15,1.85,1.85,1.8363,1.8363,1732
2022-11-16,1.82,1.82,1.62,1.72,9301
2022-11-17,1.82,1.9,1.81,1.9,5105
2022-11-18,1.93,1.93,1.845,1.87,27663
2022-11-21,1.8875,1.8875,1.83,1.87,2425
2022-11-22,1.9499,1.9499,1.74,1.78,1549
