2016-10-28,9.88,9.88,9.88,9.88,500
2016-10-31,9.88,9.88,9.88,9.88,1
2016-11-01,9.88,9.88,9.88,9.88,0
2016-11-02,9.88,9.88,9.88,9.88,0
2016-11-03,9.88,9.88,9.88,9.88,0
2016-11-04,9.88,9.88,9.88,9.88,0
2016-11-07,9.88,9.88,9.88,9.88,0
2016-11-08,9.91,9.925,9.9,9.9,2000
2016-11-09,9.9,9.9,9.9,9.9,0
2016-11-10,9.9,9.9,9.9,9.9,0
2016-11-11,9.88,9.88,9.88,9.88,500
2016-11-14,9.88,9.88,9.88,9.88,0
2016-11-15,9.88,9.88,9.88,9.88,0
2016-11-16,9.88,9.88,9.88,9.88,0
2016-11-17,9.88,9.88,9.88,9.88,0
2016-11-18,9.91,9.91,9.91,9.91,5000
2016-11-21,9.91,9.91,9.91,9.91,0
2016-11-22,9.91,9.91,9.91,9.91,0
2016-11-23,9.95,9.95,9.95,9.95,10900
2016-11-25,9.95,9.95,9.95,9.95,0
2016-11-28,9.95,9.95,9.95,9.95,0
2016-11-29,9.95,9.95,9.95,9.95,0
2016-11-30,9.95,9.95,9.95,9.95,0
2016-12-01,10.0,10.0,10.0,10.0,1798
2016-12-02,10.0,10.0,10.0,10.0,0
2016-12-05,10.0,10.0,10.0,10.0,0
2016-12-06,9.9,9.91,9.9,9.91,740
2016-12-07,10.0,10.0,9.9,9.9,1456
2016-12-08,9.9,9.9,9.9,9.9,0
2016-12-09,9.9,9.9,9.9,9.9,0
2016-12-12,9.9,9.9,9.9,9.9,18
2016-12-13,9.9,9.9,9.9,9.9,0
2016-12-14,9.95,9.9501,9.95,9.95,10900
2016-12-15,9.91,9.91,9.9,9.9,2000
2016-12-16,9.95,9.95,9.95,9.95,480
2016-12-19,9.95,9.95,9.95,9.95,18
2016-12-20,9.95,9.95,9.95,9.95,0
2016-12-21,10.0,10.0,10.0,10.0,478
2016-12-22,10.0,10.0,10.0,10.0,0
2016-12-23,10.0,10.0,10.0,10.0,0
2016-12-27,10.0,10.0,10.0,10.0,0
2016-12-28,10.0,10.0,10.0,10.0,1000
2016-12-29,10.0,10.0,10.0,10.0,0
2016-12-30,10.0,10.0,10.0,10.0,0
2017-01-03,10.0,10.0,10.0,10.0,0
2017-01-04,10.01,10.01,10.0,10.0,1000
2017-01-05,10.02,10.02,10.02,10.02,100
2017-01-06,10.02,10.02,10.02,10.02,0
2017-01-09,10.04,10.04,10.0,10.03,17640
2017-01-10,10.01,10.028,10.0,10.01,23902
2017-01-11,10.01,10.01,10.01,10.01,0
2017-01-12,10.01,10.01,10.01,10.01,0
2017-01-13,10.01,10.01,10.01,10.01,2
2017-01-17,10.01,10.01,10.01,10.01,0
2017-01-18,10.01,10.01,10.01,10.01,3
2017-01-19,10.01,10.01,10.01,10.01,3
2017-01-20,10.01,10.01,10.01,10.01,0
2017-01-23,10.01,10.01,10.01,10.01,0
2017-01-24,10.01,10.01,10.01,10.01,0
2017-01-25,10.09,10.16,10.09,10.16,65004
2017-01-26,10.16,10.16,10.16,10.16,0
2017-01-27,10.16,10.16,10.16,10.16,0
2017-01-30,10.16,10.16,10.16,10.16,0
2017-01-31,10.0101,10.0101,10.01,10.01,400
2017-02-01,10.01,10.01,10.01,10.01,0
2017-02-02,10.01,10.01,10.01,10.01,0
2017-02-03,10.01,10.01,10.01,10.01,1000
2017-02-06,10.01,10.01,10.01,10.01,0
2017-02-07,10.01,10.01,10.01,10.01,0
2017-02-08,10.01,10.01,10.01,10.01,0
2017-02-09,10.01,10.01,10.01,10.01,0
2017-02-10,10.01,10.01,10.01,10.01,0
2017-02-13,10.01,10.01,10.01,10.01,0
2017-02-14,10.01,10.01,10.01,10.01,0
2017-02-15,10.01,10.01,10.01,10.01,0
2017-02-16,10.01,10.01,10.01,10.01,0
2017-02-17,10.01,10.01,10.01,10.01,0
2017-02-21,10.01,10.01,10.01,10.01,0
2017-02-22,10.01,10.01,10.01,10.01,0
2017-02-23,10.01,10.01,10.0,10.0,3000
2017-02-24,10.0,10.0,10.0,10.0,0
2017-02-27,10.0,10.0,10.0,10.0,0
2017-02-28,10.0,10.0,10.0,10.0,45
2017-03-01,10.0,10.0,10.0,10.0,0
2017-03-02,10.0,10.0,10.0,10.0,6
2017-03-03,10.0,10.0,10.0,10.0,0
2017-03-06,10.0,10.0,10.0,10.0,0
2017-03-07,10.0,10.0,10.0,10.0,45
2017-03-08,10.12,10.15,10.1125,10.12,1377818
2017-03-09,10.12,10.18,10.12,10.18,60200
2017-03-10,10.18,10.18,10.18,10.18,0
2017-03-13,10.12,10.18,10.12,10.18,2000
2017-03-14,10.18,10.18,10.18,10.18,0
2017-03-15,10.18,10.2,10.18,10.2,5206
2017-03-16,10.2,10.2,10.2,10.2,0
2017-03-17,10.2,10.2,10.2,10.2,0
2017-03-20,10.2,10.2,10.2,10.2,0
2017-03-21,10.2,10.2,10.2,10.2,0
2017-03-22,10.2,10.2,10.2,10.2,100
2017-03-23,10.2,10.2,10.2,10.2,100
2017-03-24,10.2,10.2,10.2,10.2,0
2017-03-27,10.2,10.2,10.2,10.2,0
2017-03-28,10.2,10.2,10.2,10.2,0
2017-03-29,10.05,10.2,10.05,10.2,3820
2017-03-30,10.05,10.18,10.05,10.18,1303
2017-03-31,10.18,10.18,10.18,10.18,0
2017-04-03,10.18,10.18,10.18,10.18,0
2017-04-04,10.18,10.18,10.18,10.18,0
2017-04-05,10.19,10.19,10.1,10.17,5073
2017-04-06,10.07,10.2,10.05,10.2,2100
2017-04-07,10.2,10.2,10.08,10.2,2900
2017-04-10,10.2,10.2,10.2,10.2,0
2017-04-11,10.2,10.2,10.2,10.2,0
2017-04-12,10.2,10.2,10.2,10.2,0
2017-04-13,10.2,10.2,10.2,10.2,0
2017-04-17,10.2,10.2,10.2,10.2,100
2017-04-18,10.1999,10.2,10.1999,10.2,200
2017-04-19,10.2,10.2,10.2,10.2,0
2017-04-20,10.084,10.2,10.084,10.2,1750
2017-04-21,10.2,10.2,10.2,10.2,0
2017-04-24,10.2,10.2,10.2,10.2,0
2017-04-25,10.2,10.2,10.2,10.2,0
2017-04-26,10.2,10.2,10.2,10.2,0
2017-04-27,10.12,10.2,10.12,10.19,7300
2017-04-28,10.19,10.19,10.19,10.19,0
2017-05-01,10.19,10.19,10.19,10.19,0
2017-05-02,10.19,10.19,10.19,10.19,0
2017-05-03,10.19,10.19,10.19,10.19,0
2017-05-04,10.19,10.19,10.19,10.19,0
2017-05-05,10.19,10.19,10.19,10.19,0
2017-05-08,10.19,10.19,10.19,10.19,0
2017-05-09,10.19,10.19,10.19,10.19,0
2017-05-10,10.19,10.19,10.19,10.19,0
2017-05-11,10.19,10.19,10.19,10.19,0
2017-05-12,10.19,10.19,10.19,10.19,0
2017-05-15,10.19,10.19,10.19,10.19,0
2017-05-16,10.19,10.19,10.19,10.19,0
2017-05-17,10.19,10.19,10.19,10.19,0
2017-05-18,10.19,10.19,10.19,10.19,0
2017-05-19,10.19,10.19,10.19,10.19,0
2017-05-22,10.19,10.19,10.19,10.19,0
2017-05-23,10.19,10.19,10.19,10.19,0
2017-05-24,10.02,10.02,10.0,10.0,4700
2017-05-25,10.03,10.03,10.03,10.03,1400
2017-05-26,10.03,10.03,10.03,10.03,0
2017-05-30,10.03,10.03,10.03,10.03,0
2017-05-31,10.03,10.03,10.03,10.03,0
2017-06-01,10.03,10.03,10.03,10.03,0
2017-06-02,10.03,10.03,10.03,10.03,0
2017-06-05,10.03,10.03,10.03,10.03,0
2017-06-06,10.03,10.03,10.03,10.03,100
2017-06-07,10.03,10.03,10.03,10.03,0
2017-06-08,10.03,10.03,10.03,10.03,0
2017-06-09,10.03,10.03,10.03,10.03,0
2017-06-12,10.03,10.03,10.03,10.03,0
2017-06-13,10.03,10.03,10.03,10.03,0
2017-06-14,10.03,10.03,10.03,10.03,0
2017-06-15,10.01,10.05,10.01,10.02,1200
2017-06-16,10.01,10.01,10.01,10.01,100
2017-06-19,10.01,10.01,10.0,10.0,2951
2017-06-20,10.04,10.05,10.04,10.05,1000
2017-06-21,10.05,10.05,10.05,10.05,0
2017-06-22,10.01,10.05,10.0,10.05,1500
2017-06-23,10.05,10.05,10.05,10.05,0
2017-06-26,10.0,10.04,9.9902,10.0001,16064
2017-06-27,10.02,10.04,10.02,10.04,968
2017-06-28,10.05,10.11,10.0493,10.11,10132
2017-06-29,10.11,10.11,10.0468,10.0468,432
2017-06-30,10.0468,10.0468,10.0468,10.0468,0
2017-07-03,10.085,10.12,10.085,10.1,40282
2017-07-05,10.1,10.1,10.1,10.1,59
2017-07-06,10.1,10.1,10.1,10.1,82
2017-07-07,10.1,10.1,10.1,10.1,3621
2017-07-10,10.1,10.1,10.1,10.1,0
2017-07-11,10.1,10.1,10.0,10.0,8998
2017-07-12,10.09,10.09,10.07,10.07,10100
2017-07-13,10.07,10.09,10.06,10.06,68800
2017-07-14,10.069,10.07,10.059,10.06,24800
2017-07-17,10.06,10.06,10.05,10.05,1400
2017-07-18,10.05,10.05,10.05,10.05,0
2017-07-19,10.05,10.05,10.05,10.05,0
2017-07-20,10.05,10.05,10.05,10.05,0
2017-07-21,10.05,10.05,10.05,10.05,0
2017-07-24,10.02,10.02,10.0,10.0,400
2017-07-25,10.0,10.0,10.0,10.0,0
2017-07-26,10.0,10.0,10.0,10.0,5
2017-07-27,10.0,10.0,10.0,10.0,0
2017-07-28,10.0,10.0,10.0,10.0,0
2017-07-31,10.04,10.04,10.04,10.04,3900
2017-08-01,10.04,10.04,10.04,10.04,0
2017-08-02,10.0,10.0,10.0,10.0,8700
2017-08-03,10.05,10.05,10.05,10.05,1000
2017-08-04,10.05,10.05,10.05,10.05,0
2017-08-07,10.05,10.05,10.05,10.05,0
2017-08-08,10.05,10.05,10.05,10.05,0
2017-08-09,10.05,10.05,10.05,10.05,0
2017-08-10,10.05,10.05,10.05,10.05,0
2017-08-11,10.05,10.05,10.05,10.05,0
2017-08-14,10.05,10.05,10.05,10.05,0
2017-08-15,10.0,10.08,10.0,10.08,51201
2017-08-16,10.09,10.1,10.09,10.1,2000
2017-08-17,10.19,10.21,10.12,10.1208,45605
2017-08-18,10.19,10.25,10.12,10.2,203301
2017-08-21,10.2744,10.2744,10.2,10.2097,31200
2017-08-22,10.2,10.2,10.2,10.2,102
2017-08-23,10.2,10.2,10.2,10.2,2
2017-08-24,10.2,10.2,10.2,10.2,0
2017-08-25,10.2,10.21,10.17,10.17,1990
2017-08-28,10.2,10.22,10.2,10.22,2041
2017-08-29,10.22,10.22,10.22,10.22,2
2017-08-30,10.22,10.22,10.22,10.22,0
2017-08-31,10.26,10.28,10.26,10.28,5500
2017-09-01,10.279,10.279,10.24,10.24,700
2017-09-05,10.22,10.22,10.22,10.22,300
2017-09-06,10.22,10.22,10.22,10.22,0
2017-09-07,10.1049,10.1049,10.1049,10.1049,100
2017-09-08,10.105,10.105,10.105,10.105,1
2017-09-11,10.05,10.22,10.05,10.22,3065
2017-09-12,10.1914,10.1914,10.1914,10.1914,280
2017-09-13,10.2,10.22,10.2,10.22,5100
2017-09-14,10.22,10.22,10.22,10.22,51
2017-09-15,10.22,10.22,10.22,10.22,0
2017-09-18,10.22,10.22,10.22,10.22,0
2017-09-19,10.217,10.22,10.18,10.18,1800
2017-09-20,10.18,10.18,10.18,10.18,1
2017-09-21,10.18,10.18,10.18,10.18,0
2017-09-22,10.18,10.18,10.18,10.18,0
2017-09-25,10.18,10.18,10.18,10.18,0
2017-09-26,10.2097,10.2097,10.1703,10.1703,600
2017-09-27,10.17,10.17,10.1699,10.1699,3900
2017-09-28,10.135,10.17,10.08,10.17,15500
2017-09-29,10.17,10.17,10.17,10.17,0
2017-10-02,10.17,10.17,10.17,10.17,0
2017-10-03,10.15,10.17,10.139,10.17,172069
2017-10-04,10.1104,10.1104,10.1104,10.1104,500
2017-10-05,10.12,10.13,10.12,10.13,300
2017-10-06,10.13,10.17,10.13,10.17,700
2017-10-09,10.17,10.17,10.17,10.17,17986
2017-10-10,10.17,10.17,10.17,10.17,6
2017-10-11,10.17,10.17,10.17,10.17,325
2017-10-12,10.17,10.17,10.17,10.17,0
2017-10-13,10.17,10.17,10.17,10.17,0
2017-10-16,10.17,10.17,10.17,10.17,0
2017-10-17,10.17,10.17,10.17,10.17,400
2017-10-18,10.19,10.19,10.19,10.19,100
2017-10-19,10.19,10.19,10.19,10.19,0
2017-10-20,10.21,10.21,10.21,10.21,101
2017-10-23,10.2186,10.2199,10.2186,10.2199,1000
2017-10-24,10.22,10.22,10.22,10.22,0
2017-10-25,10.2,10.2,10.2,10.2,400
2017-10-26,10.1751,10.1751,10.1751,10.1751,490
2017-10-27,10.22,10.23,10.22,10.23,787
2017-10-30,10.23,10.23,10.23,10.23,0
2017-10-31,10.23,10.23,10.23,10.23,0
2017-11-01,10.23,10.23,10.23,10.23,1
2017-11-02,10.23,10.23,10.23,10.23,0
2017-11-03,10.23,10.23,10.23,10.23,0
2017-11-06,10.23,10.23,10.23,10.23,0
2017-11-07,10.23,10.23,10.23,10.23,0
2017-11-08,10.23,10.23,10.23,10.23,0
2017-11-09,10.23,10.23,10.23,10.23,0
2017-11-10,10.23,10.23,10.23,10.23,0
2017-11-13,10.23,10.23,10.23,10.23,0
2017-11-14,10.01,10.01,10.01,10.01,100
2017-11-15,10.01,10.01,10.01,10.01,0
2017-11-17,10.01,10.01,10.01,10.01,1
2017-11-20,10.19,10.19,10.11,10.11,600
2017-11-21,10.11,10.11,10.11,10.11,1
2017-11-22,10.11,10.11,10.11,10.11,1
2017-11-24,10.2299,10.2299,10.2299,10.2299,401
2017-11-27,10.19,10.19,10.17,10.19,15200
2017-11-28,10.19,10.2097,10.19,10.19,20667
2017-11-29,10.19,10.19,10.19,10.19,375
2017-11-30,10.16,10.16,10.15,10.15,151923
2017-12-01,10.15,10.15,10.15,10.15,8600
2017-12-04,10.15,10.15,10.15,10.15,0
2017-12-05,10.15,10.15,10.15,10.15,0
2017-12-06,10.24,10.24,10.2032,10.2032,250
2017-12-07,10.203,10.203,10.203,10.203,0
2017-12-08,10.19,10.19,10.17,10.17,50100
2017-12-11,10.18,10.18,10.17,10.17,750
2017-12-12,10.17,10.17,10.17,10.17,0
2017-12-13,10.15,10.175,10.07,10.14,4600
2017-12-14,10.14,10.14,10.14,10.14,0
2017-12-15,10.14,10.14,10.14,10.14,10
2017-12-18,10.14,10.14,10.14,10.14,9
2017-12-19,10.14,10.14,10.14,10.14,0
2017-12-20,10.15,10.15,10.14,10.14,300
2017-12-21,10.19,10.19,10.19,10.19,175
2017-12-22,10.19,10.19,10.19,10.19,0
2017-12-26,10.19,10.19,10.19,10.19,2
2017-12-27,10.19,10.19,10.19,10.19,2
2017-12-28,10.19,10.19,10.19,10.19,1096
2017-12-29,10.2,10.21,10.19,10.21,8402
2018-01-02,10.2,10.2,10.2,10.2,110
2018-01-03,10.17,10.17,10.17,10.17,198000
2018-01-04,10.18,10.194,10.17,10.171,4000
2018-01-05,10.25,10.25,10.25,10.25,325
2018-01-08,10.25,10.25,10.25,10.25,0
2018-01-09,10.25,10.25,10.25,10.25,1
2018-01-10,10.25,10.25,10.25,10.25,0
2018-01-11,10.25,10.25,10.25,10.25,0
2018-01-12,10.25,10.25,10.25,10.25,153
2018-01-16,10.2499,10.2499,10.2499,10.2499,280
2018-01-17,10.2,10.25,10.17,10.25,5429
2018-01-18,10.2,10.2,10.2,10.2,4277
2018-01-19,10.201,10.201,10.201,10.201,231
2018-01-22,10.21,10.21,10.18,10.18,37014
2018-01-23,10.18,10.18,10.18,10.18,3
2018-01-24,10.24,10.24,10.24,10.24,301
2018-01-25,10.25,10.25,10.25,10.25,118
2018-01-26,10.25,10.25,10.25,10.25,1000
2018-01-29,10.25,10.25,10.24,10.24,303
2018-01-30,10.25,10.25,10.24,10.24,227
2018-01-31,10.25,10.25,10.24,10.24,310
2018-02-01,10.24,10.25,10.24,10.24,410
2018-02-02,10.25,10.28,10.25,10.28,2000
2018-02-05,10.24,10.24,10.24,10.24,100
2018-02-06,10.24,10.24,10.24,10.24,1200
2018-02-07,10.24,10.24,10.24,10.24,18625
2018-02-08,10.24,10.24,10.24,10.24,4
2018-02-09,10.24,10.24,10.24,10.24,0
2018-02-12,10.24,10.24,10.24,10.24,0
2018-02-13,10.24,10.24,10.24,10.24,0
2018-02-14,10.2,10.2,10.18,10.18,2800
2018-02-15,10.18,10.18,10.18,10.18,1
2018-02-16,10.18,10.18,10.18,10.18,0
2018-02-20,10.18,10.18,10.18,10.18,1
2018-02-21,10.25,10.25,10.25,10.25,1200
2018-02-22,10.25,10.25,10.25,10.25,26
2018-02-23,10.25,10.25,10.25,10.25,16
2018-02-26,10.25,10.28,10.25,10.28,8910
2018-02-27,10.28,10.28,10.28,10.28,365
2018-02-28,10.49,10.49,10.24,10.25,766094
2018-03-01,10.31,10.35,10.27,10.27,101729
2018-03-02,10.29,10.29,10.29,10.29,2080
2018-03-05,10.348,10.348,10.348,10.348,331
2018-03-06,10.3,10.32,10.284,10.3,5922
2018-03-07,10.38,10.4,10.35,10.35,6564
2018-03-08,10.35,10.35,10.35,10.35,200
2018-03-09,10.35,10.35,10.35,10.35,20
2018-03-12,10.3,10.3,10.3,10.3,2673
2018-03-13,10.344,10.344,10.344,10.344,202
2018-03-14,10.35,10.353,10.34,10.34,3069
2018-03-15,10.36,10.36,10.28,10.35,2200
2018-03-16,10.35,10.35,10.35,10.35,11
2018-03-19,10.33,10.33,10.32,10.32,4177
2018-03-20,10.3,10.306,10.3,10.301,4425
2018-03-21,10.34,10.34,10.3,10.33,6574
2018-03-22,10.3,10.324,10.3,10.324,1264260
2018-03-23,10.32,10.33,10.32,10.32,10600
2018-03-26,10.36,10.36,10.35,10.35,1110
2018-03-27,10.32,10.36,10.32,10.36,10807
2018-03-28,10.34,10.36,10.34,10.36,10612
2018-03-29,10.36,10.36,10.331,10.35,6774
2018-04-02,10.35,10.35,10.35,10.35,7
2018-04-03,10.34,10.35,10.34,10.35,12614
2018-04-04,10.31,10.36,10.31,10.36,11478
2018-04-05,10.36,10.36,10.36,10.36,79
2018-04-06,10.33,10.34,10.33,10.34,18400
2018-04-09,10.33,10.34,10.32,10.33,24652
2018-04-10,10.36,10.36,10.36,10.36,5169
2018-04-11,10.33,10.33,10.33,10.33,154
2018-04-12,10.32,10.33,10.32,10.33,4121
2018-04-13,10.32,10.34,10.32,10.34,7206
2018-04-16,10.34,10.34,10.33,10.33,872
2018-04-17,10.32,10.34,10.32,10.34,57541
2018-04-18,10.33,10.34,10.33,10.34,2137
2018-04-19,10.34,10.34,10.34,10.34,1900
2018-04-20,10.34,10.34,10.34,10.34,1091
2018-04-23,10.33,10.39,10.32,10.39,67122
2018-04-24,10.36,10.36,10.335,10.335,2286
2018-04-25,10.3,10.3,10.3,10.3,15950
2018-04-26,10.3,10.3,10.3,10.3,35
2018-04-27,10.25,10.39,10.25,10.35,1599
2018-04-30,10.31,10.31,10.31,10.31,150
2018-05-01,10.35,10.35,10.31,10.31,630
2018-05-02,10.31,10.31,10.31,10.31,149
2018-05-03,10.3,10.3,10.3,10.3,516
2018-05-04,10.3,10.3,10.3,10.3,0
2018-05-07,10.27,10.29,10.27,10.29,6400
2018-05-08,10.35,10.35,10.28,10.28,2367
2018-05-09,10.26,10.281,10.0,10.28,3900
2018-05-10,10.0,10.29,10.0,10.285,3225
2018-05-11,10.315,10.358,10.315,10.34,14452
2018-05-14,10.35,10.37,10.34,10.351,16645
2018-05-15,10.35,10.35,10.35,10.35,509
2018-05-16,10.39,10.39,10.36,10.36,1438
2018-05-17,10.36,10.36,10.36,10.36,19
2018-05-18,10.35,10.371,10.35,10.37,6104
2018-05-21,10.36,10.38,10.36,10.377,5206
2018-05-22,10.4,10.4,10.37,10.37,7378
2018-05-23,10.36,10.36,10.36,10.36,700
2018-05-24,10.36,10.36,10.36,10.36,100
2018-05-25,10.36,10.36,10.36,10.36,163
2018-05-29,10.36,10.36,10.36,10.36,10
2018-05-30,10.43,10.43,10.43,10.43,100
2018-05-31,10.38,10.383,10.38,10.383,1704
2018-06-01,10.38,10.38,10.38,10.38,3602
2018-06-04,10.38,10.38,10.38,10.38,0
2018-06-05,10.48,10.48,10.38,10.4,1350
2018-06-06,10.37,10.395,10.37,10.395,954
2018-06-07,10.39,10.39,10.39,10.39,200
2018-06-08,10.44,10.44,10.44,10.44,586
2018-06-11,10.39,10.39,10.38,10.38,2197
2018-06-12,10.38,10.38,10.38,10.38,3
2018-06-13,10.37,10.38,10.37,10.38,4196
2018-06-14,10.44,10.44,10.43,10.43,1191
2018-06-15,10.4,10.4,10.4,10.4,101
2018-06-18,10.4,10.4,10.4,10.4,0
2018-06-19,10.44,10.44,10.44,10.44,400
2018-06-20,10.44,10.44,10.44,10.44,300
2018-06-21,10.44,10.44,10.44,10.44,62
2018-06-22,10.44,10.44,10.44,10.44,2
2018-06-25,10.44,10.44,10.44,10.44,0
2018-06-26,10.44,10.44,10.44,10.44,0
2018-06-27,10.44,10.44,10.44,10.44,0
2018-06-28,10.38,10.38,10.38,10.38,100
2018-06-29,10.38,10.38,10.38,10.38,0
2018-07-02,10.38,10.38,10.38,10.38,50
2018-07-03,10.38,10.38,10.38,10.38,234
2018-07-05,10.4,10.4,10.3999,10.3999,901
2018-07-06,10.4,10.4,10.4,10.4,0
2018-07-09,10.4,10.4,10.4,10.4,30
2018-07-10,10.44,10.44,10.44,10.44,300
2018-07-11,10.44,10.44,10.44,10.44,0
2018-07-12,10.44,10.44,10.44,10.44,0
2018-07-13,10.43,10.43,10.43,10.43,100
2018-07-16,10.44,10.44,10.44,10.44,7200
2018-07-17,10.44,10.44,10.44,10.44,0
2018-07-18,10.44,10.44,10.44,10.44,92
2018-07-19,10.44,10.44,10.44,10.44,0
2018-07-20,10.44,10.44,10.44,10.44,2144
2018-07-23,10.419,10.419,10.419,10.419,300
2018-07-24,10.419,10.419,10.419,10.419,0
2018-07-25,10.419,10.419,10.419,10.419,0
2018-07-26,10.419,10.419,10.419,10.419,24
2018-07-27,10.44,10.44,10.44,10.44,259
2018-07-30,10.436,10.436,10.436,10.436,1000
2018-07-31,10.436,10.436,10.436,10.436,4
2018-08-01,10.436,10.436,10.436,10.436,78
2018-08-02,10.42,10.42,10.42,10.42,100
2018-08-03,10.42,10.42,10.42,10.42,929
2018-08-06,10.42,10.42,10.42,10.42,0
2018-08-07,10.36,10.36,10.36,10.36,1032
2018-08-08,10.42,10.431,10.42,10.43,95703
2018-08-09,10.42,10.48,10.42,10.43,15064
2018-08-10,10.43,10.43,10.43,10.43,0
2018-08-13,10.43,10.43,10.43,10.43,165
2018-08-14,10.5,10.5,10.48,10.48,3216
2018-08-15,10.43,10.43,10.43,10.43,500
2018-08-16,10.43,10.43,10.43,10.43,199
2018-08-17,10.43,10.43,10.43,10.43,0
2018-08-20,10.76,10.76,10.42,10.42,403
2018-08-21,10.42,10.42,10.42,10.42,33
2018-08-22,10.731,10.731,10.731,10.731,351
2018-08-23,10.423,10.423,10.423,10.423,498
2018-08-24,11.0,11.0,10.45,11.0,1927
2018-08-27,10.715,10.715,10.715,10.715,170
2018-08-28,10.6,10.6,10.6,10.6,709
2018-08-29,10.44,10.46,10.43,10.43,1292
2018-08-30,10.45,10.45,10.45,10.45,3377
2018-08-31,10.45,10.45,10.45,10.45,2907
2018-09-04,10.45,10.45,10.45,10.45,0
2018-09-05,10.45,10.45,10.45,10.45,0
2018-09-06,10.5,10.5,10.5,10.5,500
2018-09-07,10.5,10.5,10.5,10.5,15
2018-09-10,10.5,10.5,10.5,10.5,97
2018-09-11,10.5291,10.5423,10.5291,10.5423,361
2018-09-12,10.542,10.542,10.542,10.542,11
2018-09-13,10.5,10.5,10.5,10.5,5000
2018-09-14,10.5,10.5,10.5,10.5,101241
2018-09-17,10.5,10.5,10.5,10.5,0
2018-09-18,10.58,10.58,10.56,10.56,1007
2018-09-19,10.56,10.56,10.56,10.56,1
2018-09-20,10.56,10.56,10.56,10.56,35
2018-09-21,10.5,10.542,10.5,10.5,1100
2018-09-24,10.564,10.564,10.5,10.51,911
2018-09-25,10.5,10.5,10.491,10.5,2639
2018-09-26,10.5,10.5,10.5,10.5,0
2018-09-27,10.5,10.5,10.5,10.5,1
2018-09-28,10.5,10.5,10.5,10.5,50
2018-10-01,10.7,10.7,10.671,10.671,325
2018-10-02,10.18,10.5,9.16,10.35,4916
2018-10-03,10.3,10.39,10.3,10.39,5351
2018-10-04,10.45,10.5,10.45,10.5,1200
2018-10-05,10.5,10.5,10.5,10.5,0
2018-10-08,10.5,10.5,10.5,10.5,45
2018-10-09,10.5,10.5,10.5,10.5,0
2018-10-10,10.6,10.6,10.5,10.58,3923
2018-10-11,10.53,10.54,10.5,10.5,300
2018-10-12,10.5,10.5,10.5,10.5,0
2018-10-15,10.5,10.5,10.5,10.5,0
2018-10-16,10.5,10.5,10.5,10.5,0
2018-10-17,10.5,10.5,10.5,10.5,119
2018-10-18,10.5,10.5,10.45,10.45,450
2018-10-19,10.5,10.5,10.5,10.5,300
2018-10-22,10.5,10.5,10.5,10.5,479
2018-10-23,10.5,10.5,10.5,10.5,308
2018-10-24,10.5,10.5,10.5,10.5,100
2018-10-25,10.5,10.5,10.5,10.5,0
2018-10-26,10.5,10.5,10.5,10.5,0
2018-10-29,10.5,10.5,10.5,10.5,0
2018-10-30,10.5,10.5,10.5,10.5,952
2018-10-31,10.5,10.5,10.5,10.5,0
2018-11-01,10.5,10.5,10.5,10.5,0
2018-11-02,10.5,10.5,10.5,10.5,0
2018-11-05,10.5,10.5,10.5,10.5,0
2018-11-06,10.5,10.5,10.5,10.5,0
2018-11-07,10.5,10.5,10.5,10.5,0
2018-11-08,10.07,10.07,10.07,10.07,100
2018-11-09,10.07,10.07,10.07,10.07,0
2018-11-12,10.07,10.07,10.07,10.07,0
2018-11-13,10.07,10.07,10.07,10.07,0
2018-11-14,10.07,10.07,10.07,10.07,0
2018-11-15,10.07,10.07,10.07,10.07,0
2018-11-16,10.07,10.07,10.07,10.07,0
2018-11-19,10.07,10.07,10.07,10.07,11
2018-11-20,10.385,10.385,10.385,10.385,157
2018-11-21,10.5001,10.599,10.5001,10.599,300
2018-11-26,10.599,10.599,10.599,10.599,0
2018-11-27,10.599,10.599,10.599,10.599,19
2018-11-28,10.52,10.52,10.52,10.52,100
2018-11-29,10.05,10.05,10.05,10.05,100
2018-11-30,10.05,10.05,10.05,10.05,0
2018-12-03,10.05,10.05,10.05,10.05,0
2018-12-04,10.7,10.7,9.545,9.61,2083
2018-12-06,9.61,9.61,9.61,9.61,5
2018-12-07,10.64,10.64,10.64,10.64,305
2018-12-10,10.0,10.0,10.0,10.0,325
2018-12-11,10.25,10.25,10.25,10.25,200
2018-12-12,10.25,10.25,10.25,10.25,0
2018-12-13,10.5,10.5,10.5,10.5,126
2018-12-14,10.5,10.5,10.5,10.5,0
2018-12-18,10.5,10.5,10.5,10.5,0
2018-12-20,10.5,10.5,10.5,10.5,0
2018-12-21,10.5,10.5,10.5,10.5,0
2018-12-24,10.5,10.5,10.5,10.5,3
2018-12-26,10.5,10.5,10.5,10.5,0
2018-12-27,10.5,10.5,10.5,10.5,0
2018-12-28,11.75,12.85,10.15,10.84,9212
2018-12-31,11.4036,14.26,11.4036,14.26,2360
2019-01-02,14.26,14.26,14.26,14.26,141
2019-01-03,15.0,26.75,15.0,26.676,14425
2019-01-04,32.1,82.25,32.1,54.06,19819
2019-01-07,60.0,84.0,60.0,62.31,10323
2019-01-08,76.9,85.0,69.862,85.0,11305
2019-01-09,87.05,220.0,87.05,220.0,11301
2019-01-10,228.0,550.0,75.0,157.0,29339
2019-01-11,156.69,156.69,86.2,91.06,8348
2019-01-14,96.0,107.0,96.0,105.0,4164
2019-01-15,184.9,200.0,130.01,147.0,8739
2019-01-16,147.0,147.0,130.0,139.0,4587
2019-01-17,138.84,138.84,119.0,131.2,6095
2019-01-18,140.0,165.01,140.0,149.0,3690
2019-01-22,130.41,130.41,76.0,100.0,19115
2019-01-23,101.52,119.47,88.0,88.0,9853
2019-01-24,90.0,94.5,90.0,94.5,3219
2019-01-25,99.726,110.0,99.726,110.0,3261
2019-01-28,119.633,130.0,118.66,130.0,5876
2019-01-29,169.2,204.7,142.0,142.0,4482
2019-01-30,176.0,187.0,158.405,180.0,5422
2019-01-31,200.0,297.8,199.77,297.8,9683
2019-02-01,330.0,330.0,308.4,308.4,4057
2019-02-04,200.2,250.0,200.2,250.0,8372
2019-02-05,261.03,261.03,218.925,230.0,4203
2019-02-06,168.8,168.8,114.75,119.0,19738
2019-02-07,125.0,126.63,119.425,120.375,7245
2019-02-08,119.75,125.0,119.75,121.5,5540
2019-02-11,123.995,123.995,110.0,120.0,7454
2019-02-12,125.0,125.0,113.41,113.41,3922
2019-02-13,115.0,115.0,95.0,95.85,9611
2019-02-14,90.38,90.38,48.46,50.2,34270
2019-02-15,45.0,50.16,35.0,40.0,52116
2019-02-19,41.0,55.3,37.95,38.6217,26173
2019-02-20,40.57,45.0,34.426,38.61,69020
2019-02-21,40.0,40.25,35.55,40.155,16917
2019-02-22,39.0,39.0,36.0,38.5,12758
2019-02-25,39.5,40.5,36.5633,37.9,4985
2019-02-26,38.01,38.01,35.75,36.63,10965
2019-02-27,35.559,35.559,31.015,32.0,21272
2019-02-28,28.89,29.93,26.635,29.54,19996
2019-03-01,29.11,29.355,27.0,27.745,4989
2019-03-04,29.54,34.0,29.0,33.5,18777
2019-03-05,35.0,35.99,29.5,30.3,7933
2019-03-06,30.15,35.45,30.15,35.0,10783
2019-03-07,36.5,36.5,32.12,36.0,15710
2019-03-08,35.44,43.75,34.0,40.1,23321
2019-03-11,40.13,51.155,40.13,45.16,23241
2019-03-12,46.964,53.82,46.964,52.48,37659
2019-03-13,54.0,62.5,53.105,61.5,48673
2019-03-14,67.21,72.759,64.0,66.0,48385
2019-03-15,68.0,71.5,38.28,53.55,58197
2019-03-18,53.77,53.77,46.0,50.355,10142
2019-03-19,50.3,50.3,40.057,41.5,20442
2019-03-20,37.0,37.0,27.29,27.82,80139
2019-03-21,31.93,44.49,30.01,43.02,85366
2019-03-22,46.98,49.499,40.0,44.48,62099
2019-03-25,44.0,44.0,35.21,36.65,52067
2019-03-26,37.99,37.99,34.0,34.9,35281
2019-03-27,33.5,33.5,14.2,17.0,1143598
2019-03-28,18.5,18.5,14.48,14.51,332093
2019-03-29,14.0,14.51,11.9,13.69,574120
2019-04-01,14.08,14.89,12.35,12.47,339847
2019-04-02,12.89,14.74,12.89,14.01,264170
2019-04-03,14.47,15.95,5.27,5.52,2911058
2019-04-04,5.79,6.44,5.0,6.02,1380497
2019-04-05,5.75,6.05,5.45,5.75,987181
2019-04-08,5.75,5.75,5.25,5.27,423497
2019-04-09,5.49,5.82,5.21,5.4,631404
2019-04-10,5.56,5.589,5.12,5.22,261848
2019-04-11,5.42,9.26,5.3,8.88,6269793
2019-04-12,9.34,11.2,7.7,8.19,5313384
2019-04-15,9.51,9.7,8.56,9.13,2219355
2019-04-16,9.34,9.34,7.4,7.75,911491
2019-04-17,7.75,7.94,6.39,6.98,599113
2019-04-18,6.92,8.13,6.55,7.45,706812
2019-04-22,7.45,7.78,7.16,7.51,171737
2019-04-23,7.6,7.71,7.0,7.2,192710
2019-04-24,7.3,9.1,7.05,7.68,1076198
2019-04-25,7.82,8.49,7.71,8.08,676493
2019-04-26,8.3,8.3,7.55,7.88,235990
2019-04-29,7.88,8.636,7.7,8.3,564180
2019-04-30,8.3,8.463,7.88,8.1,204889
2019-05-01,8.81,8.83,8.22,8.43,984131
2019-05-02,8.35,8.4,7.9,8.18,243398
2019-05-03,8.23,8.5,7.98,8.29,268057
2019-05-06,7.82,8.188,7.65,7.65,251311
2019-05-07,7.83,8.0,7.55,7.58,154729
2019-05-08,7.6,7.68,7.153,7.34,214549
2019-05-09,7.18,7.36,6.9,7.1,153386
2019-05-10,7.16,7.67,7.13,7.48,189751
2019-05-13,7.21,7.3,7.0,7.25,121744
2019-05-14,7.3,7.65,7.25,7.65,116937
2019-05-15,7.4,7.74,7.31,7.33,162106
2019-05-16,7.45,7.58,6.75,6.9,231022
2019-05-17,6.81,6.887,5.9,6.02,472425
2019-05-20,5.95,6.091,5.55,5.62,176699
2019-05-21,5.99,5.99,5.5,5.58,178219
2019-05-22,5.56,5.6,5.15,5.17,285484
2019-05-23,5.17,5.17,4.99,5.06,249936
2019-05-24,5.13,5.24,4.75,5.02,334268
2019-05-28,5.01,5.05,4.8,4.94,87778
2019-05-29,4.8,5.0,4.712,4.95,133634
2019-05-30,5.03,5.19,4.93,5.0,305104
2019-05-31,4.9,4.99,4.76,4.83,100323
2019-06-03,4.84,4.89,4.57,4.57,112538
2019-06-04,4.6,4.7796,4.4511,4.55,171849
2019-06-05,4.59,4.64,4.36,4.42,153419
2019-06-06,4.43,4.5,4.15,4.16,146349
2019-06-07,4.17,4.32,4.1372,4.24,103614
2019-06-10,4.27,5.0,4.2,4.42,466868
2019-06-11,4.38,4.59,4.21,4.29,160266
2019-06-12,4.29,4.5,4.259,4.39,156548
2019-06-13,4.38,4.44,4.28,4.35,75061
2019-06-14,4.35,4.5,4.13,4.2,158165
2019-06-17,4.21,4.362,3.84,3.92,166656
2019-06-18,3.92,4.08,3.8,3.81,199690
2019-06-19,3.81,3.85,3.5,3.51,250945
2019-06-20,3.6,5.5,3.57,3.61,2677123
2019-06-21,3.65,3.97,3.56,3.61,329229
2019-06-24,3.62,3.65,3.15,3.19,329940
2019-06-25,3.59,3.89,3.23,3.28,2221563
2019-06-26,3.25,3.39,2.8,2.93,910354
2019-06-27,2.86,2.93,2.55,2.59,756187
2019-06-28,2.84,3.86,2.691,3.11,5465249
2019-07-01,3.08,3.09,2.8,2.88,1070444
2019-07-02,2.86,2.936,2.6,2.68,1104267
2019-07-03,2.62,2.65,2.4,2.42,1200831
2019-07-05,2.4,2.4,2.11,2.18,1410795
2019-07-08,2.3,2.38,2.01,2.05,2159369
2019-07-09,2.05,2.3,1.9,2.24,2309939
2019-07-10,2.12,2.23,2.05,2.07,1217959
2019-07-11,2.03,2.18,1.97,2.12,1078423
2019-07-12,2.07,2.15,1.98,2.04,1189834
2019-07-15,2.06,2.12,1.99,2.08,707453
2019-07-16,2.08,2.41,2.06,2.38,1544258
2019-07-17,2.31,2.34,2.0,2.09,1148417
2019-07-18,2.05,2.13,2.02,2.04,560711
2019-07-19,2.06,2.1,1.955,2.01,737033
2019-07-22,2.01,2.05,1.82,1.84,875095
2019-07-23,1.85,1.91,1.68,1.71,809728
2019-07-24,1.69,1.88,1.63,1.85,534213
2019-07-25,1.83,1.84,1.66,1.7,464378
2019-07-26,1.7,1.82,1.7,1.74,215930
2019-07-29,1.76,1.77,1.65,1.67,247602
2019-07-30,1.64,1.67,1.61,1.66,209933
2019-07-31,1.68,1.86,1.65,1.71,656440
2019-08-01,1.71,1.78,1.67,1.7,417604
2019-08-02,1.69,1.701,1.6,1.62,623419
2019-08-05,1.64,1.64,1.45,1.49,367558
2019-08-06,1.51,1.51,1.42,1.44,212869
2019-08-07,1.42,1.58,1.37,1.51,394950
2019-08-08,1.6,1.84,1.528,1.8,835904
2019-08-09,1.83,1.9,1.66,1.71,632852
2019-08-12,1.72,1.754,1.637,1.69,339495
2019-08-13,1.72,1.78,1.59,1.71,611805
2019-08-14,1.5,1.5,1.33,1.4,763417
2019-08-15,1.35,1.39,1.11,1.13,1119378
2019-08-16,1.29,1.6,1.2,1.26,2202310
2019-08-19,1.33,1.34,1.14,1.19,903415
2019-08-20,1.23,1.27,1.14,1.22,970309
2019-08-21,1.23,1.55,1.16,1.31,2254554
2019-08-22,1.33,1.39,1.22,1.28,686743
2019-08-23,1.29,1.48,1.23,1.4,1038905
2019-08-26,1.47,1.88,1.4,1.79,3473234
2019-08-27,1.79,1.87,1.24,1.52,2114249
2019-08-28,1.52,1.6,1.45,1.52,597714
2019-08-29,1.54,1.6,1.45,1.51,625274
2019-08-30,1.52,1.64,1.47,1.5,786334
2019-09-03,1.5,1.65,1.49,1.52,841490
2019-09-04,1.52,1.59,1.51,1.55,545275
2019-09-05,1.57,1.74,1.57,1.67,851859
2019-09-06,1.65,1.8,1.65,1.76,740495
2019-09-09,1.76,1.8,1.57,1.62,700986
2019-09-10,1.66,1.78,1.65,1.76,418264
2019-09-11,1.75,1.84,1.74,1.76,753468
2019-09-12,1.77,1.822,1.65,1.7,606441
2019-09-13,1.72,1.79,1.66,1.73,562333
2019-09-16,1.73,1.78,1.7,1.72,488154
2019-09-17,1.74,1.8,1.71,1.72,530816
2019-09-18,1.73,1.77,1.7,1.76,305627
2019-09-19,1.75,2.07,1.74,1.84,1988210
2019-09-20,1.83,1.98,1.8,1.82,3233077
2019-09-23,1.92,1.92,1.69,1.77,973882
2019-09-24,1.78,1.79,1.66,1.75,702269
2019-09-25,1.75,1.81,1.67,1.79,469133
2019-09-26,1.77,1.77,1.62,1.69,372723
2019-09-27,1.8,1.8,1.58,1.58,284993
2019-09-30,1.58,1.59,1.42,1.44,459445
2019-10-01,1.5,1.5,1.37,1.39,253032
2019-10-02,1.39,1.475,1.28,1.43,416954
2019-10-03,1.43,1.53,1.4,1.53,214853
2019-10-04,1.49,1.53,1.44,1.47,274032
2019-10-07,1.44,1.5,1.44,1.45,163354
2019-10-08,1.45,1.473,1.39,1.43,208131
2019-10-09,1.43,1.5,1.41,1.49,174620
2019-10-10,1.5,1.5,1.4,1.46,204177
2019-10-11,1.47,1.49,1.425,1.43,164010
2019-10-14,1.43,1.49,1.4,1.47,221784
2019-10-15,1.46,1.659,1.4,1.58,903289
2019-10-16,1.58,1.62,1.512,1.59,145085
2019-10-17,1.57,1.65,1.55,1.64,311202
2019-10-18,1.62,1.81,1.62,1.68,486871
2019-10-21,1.65,1.78,1.595,1.7,301223
2019-10-22,1.69,1.72,1.5,1.55,411667
2019-10-23,1.57,1.63,1.54,1.61,173431
2019-10-24,1.6,1.65,1.59,1.63,92910
2019-10-25,1.61,1.74,1.585,1.61,402015
2019-10-28,1.6,1.64,1.5,1.55,174082
2019-10-29,1.57,1.62,1.534,1.61,152437
2019-10-30,1.61,1.65,1.56,1.63,118237
2019-10-31,1.61,1.66,1.49,1.65,143097
2019-11-01,1.66,1.68,1.6,1.66,143778
2019-11-04,1.65,1.68,1.62,1.64,95755
2019-11-05,1.66,1.66,1.54,1.56,183666
2019-11-06,1.54,1.56,1.47,1.51,175628
2019-11-07,1.52,1.55,1.46,1.48,93632
2019-11-08,1.5,1.548,1.449,1.45,64261
2019-11-11,1.47,1.5,1.39,1.39,168154
2019-11-12,1.4,1.42,1.32,1.32,200273
2019-11-13,1.36,1.39,1.283,1.3,762772
2019-11-14,1.3,1.31,1.25,1.26,427223
2019-11-15,1.33,1.37,1.28,1.33,380707
2019-11-18,1.28,1.31,1.15,1.19,395679
2019-11-19,1.16,1.34,1.14,1.32,444993
2019-11-20,1.26,1.37,1.25,1.29,227015
2019-11-21,1.31,1.31,1.25,1.26,121315
2019-11-22,1.23,1.32,1.21,1.3,244235
2019-11-25,1.27,1.55,1.27,1.31,1303519
2019-11-26,1.32,1.359,1.28,1.29,113553
2019-11-27,1.28,1.39,1.27,1.31,377281
2019-11-29,1.29,1.3,1.27,1.28,101660
2019-12-02,1.26,1.29,1.24,1.26,219866
2019-12-03,1.24,1.255,1.21,1.21,137812
2019-12-04,1.2,1.3,1.2,1.26,212821
2019-12-05,1.28,1.28,1.2,1.22,142070
2019-12-06,1.23,1.3,1.143,1.29,356756
2019-12-09,1.28,1.28,1.2,1.21,105046
2019-12-10,1.2,1.23,1.18,1.2,121097
2019-12-11,1.22,1.22,1.15,1.17,164235
2019-12-12,1.15,1.25,1.15,1.17,385433
2019-12-13,1.21,1.22,1.17,1.18,207360
2019-12-16,1.19,1.19,1.13,1.13,265499
2019-12-17,1.15,1.15,1.1,1.13,392151
2019-12-18,1.13,1.145,1.09,1.115,324987
2019-12-19,1.11,1.22,1.1,1.15,469722
2019-12-20,1.15,1.34,1.118,1.34,954314
2019-12-23,1.28,1.28,1.2,1.22,307209
2019-12-24,1.22,1.26,1.19,1.2,72134
2019-12-26,1.2,1.22,1.19,1.21,162298
2019-12-27,1.21,1.24,1.15,1.18,186773
2019-12-30,1.17,1.2,1.14,1.16,308098
2019-12-31,1.15,1.22,1.15,1.19,313167
2020-01-02,1.16,1.25,1.16,1.24,197887
2020-01-03,1.25,1.26,1.18,1.23,96926
2020-01-06,1.23,1.32,1.18,1.24,1102480
2020-01-07,1.29,1.3,1.21,1.23,516743
2020-01-08,1.2,1.25,1.2,1.2,452000
2020-01-09,1.21,1.216,1.17,1.18,336280
2020-01-10,1.18,1.2,1.13,1.17,426281
2020-01-13,1.13,1.16,1.1,1.12,365226
2020-01-14,1.13,1.16,1.1,1.13,401660
2020-01-15,1.15,1.16,1.13,1.14,427045
2020-01-16,1.18,1.22,1.15,1.18,418792
2020-01-17,1.17,1.2,1.16,1.16,230996
2020-01-21,1.17,1.195,1.14,1.14,178222
2020-01-22,1.14,1.154,1.11,1.11,202453
2020-01-23,1.11,1.12,1.05,1.11,313815
2020-01-24,1.08,1.16,1.04,1.04,291878
2020-01-27,1.05,1.05,0.981,0.995,256142
2020-01-28,0.99,0.99,0.93,0.969,316488
2020-01-29,0.965,0.965,0.9,0.907,197328
2020-01-30,0.895,0.91,0.8,0.831,394969
2020-01-31,0.83,0.898,0.807,0.89,337288
2020-02-03,0.88,0.94,0.86,0.878,338992
2020-02-04,0.878,0.878,0.83,0.849,351474
2020-02-05,0.857,0.86,0.8,0.818,412482
2020-02-06,0.85,0.879,0.79,0.817,470144
2020-02-07,0.839,0.87,0.795,0.83,223677
2020-02-10,0.85,1.06,0.84,0.929,1635378
2020-02-11,0.948,0.95,0.871,0.894,288770
2020-02-12,0.899,0.9,0.87,0.886,103552
2020-02-13,0.87,0.9,0.851,0.883,236457
2020-02-14,0.89,0.91,0.865,0.905,96257
2020-02-18,0.961,0.961,0.886,0.9,147476
2020-02-19,0.9,0.93,0.881,0.904,105615
2020-02-20,0.884,1.73,0.884,1.21,4738946
2020-02-21,1.36,1.41,1.13,1.23,2213079
2020-02-24,1.11,1.21,1.056,1.13,676374
2020-02-25,1.17,1.47,1.14,1.25,2401948
2020-02-26,1.26,1.326,1.102,1.13,767684
2020-02-27,1.11,1.23,1.005,1.12,1297152
2020-02-28,1.0,1.084,0.961,1.02,578631
2020-03-02,1.07,1.15,0.96,0.992,375269
2020-03-03,1.03,1.04,0.902,0.955,718987
2020-03-04,0.949,0.982,0.927,0.978,343590
2020-03-05,0.98,1.08,0.93,0.977,525722
2020-03-06,0.95,0.955,0.9,0.919,311276
2020-03-09,0.88,0.9,0.827,0.845,384914
2020-03-10,0.872,0.928,0.83,0.877,244685
2020-03-11,0.82,0.89,0.75,0.82,315850
2020-03-12,0.65,0.8,0.6,0.691,353470
2020-03-13,0.71,0.85,0.65,0.72,635973
2020-03-16,0.68,0.687,0.63,0.651,279772
2020-03-17,0.657,0.723,0.62,0.7,224045
2020-03-18,0.69,1.2,0.58,0.803,3890317
2020-03-19,0.99,1.07,0.74,0.884,2232467
2020-03-20,0.867,0.867,0.72,0.72,968538
2020-03-23,0.7,0.71,0.592,0.628,525704
2020-03-24,0.678,0.68,0.64,0.68,344472
2020-03-25,0.677,0.77,0.641,0.71,407303
2020-03-26,0.691,0.778,0.641,0.778,714383
2020-03-27,0.981,1.0,0.77,0.782,2815344
2020-03-30,0.72,0.868,0.7,0.81,799126
2020-03-31,0.7,0.731,0.66,0.675,611988
2020-04-01,0.678,0.678,0.592,0.592,471603
2020-04-02,0.6,0.62,0.58,0.59,334351
2020-04-03,0.59,0.6,0.54,0.542,523560
2020-04-06,0.55,0.6,0.54,0.596,382792
2020-04-07,0.6,0.94,0.56,0.76,4322766
2020-04-08,0.7,0.73,0.603,0.643,1245148
2020-04-09,0.63,0.85,0.61,0.72,4372325
2020-04-13,0.65,0.666,0.62,0.65,797874
2020-04-14,0.656,0.73,0.62,0.672,914233
2020-04-15,0.652,0.69,0.63,0.66,447278
2020-04-16,0.688,0.7,0.63,0.648,724000
2020-04-17,0.656,0.668,0.63,0.652,366668
2020-04-20,0.66,0.66,0.607,0.625,472464
2020-04-21,0.63,0.63,0.601,0.614,329956
2020-04-22,0.617,0.686,0.603,0.639,1052733
2020-04-23,0.628,0.7,0.612,0.638,1297379
2020-04-24,0.65,0.675,0.62,0.643,1161951
2020-04-27,0.66,0.718,0.651,0.701,1352381
2020-04-28,0.72,0.82,0.661,0.73,2589321
2020-04-29,0.745,0.745,0.69,0.708,587009
2020-04-30,0.683,1.09,0.683,0.725,10065166
2020-05-01,0.719,0.72,0.655,0.674,1175050
2020-05-04,0.687,0.873,0.631,0.81,4034965
2020-05-05,0.73,0.75,0.7,0.73,946751
2020-05-06,0.715,0.72,0.68,0.683,1035025
2020-05-07,0.691,0.8,0.66,0.67,686283
2020-05-08,0.681,0.699,0.67,0.679,351278
2020-05-11,0.68,0.718,0.67,0.718,535064
2020-05-12,0.73,0.74,0.69,0.702,1214910
2020-05-13,0.717,0.717,0.665,0.695,704603
2020-05-14,0.727,0.735,0.676,0.683,978479
2020-05-15,0.68,0.718,0.675,0.71,920577
2020-05-18,0.7,0.7,0.663,0.68,902755
2020-05-19,0.68,0.68,0.65,0.67,838515
2020-05-20,1.0,3.0,0.966,1.57,76703961
2020-05-21,1.65,1.82,1.25,1.33,18559634
2020-05-22,1.36,1.47,1.23,1.29,7061528
2020-05-26,1.3,1.31,1.15,1.24,3105618
2020-05-27,1.58,1.58,1.3,1.4,12223944
2020-05-28,1.45,1.45,1.31,1.34,3336632
2020-05-29,1.27,1.35,1.25,1.29,1828565
2020-06-01,1.26,1.28,1.23,1.26,1412423
2020-06-02,1.32,1.33,1.23,1.23,1652665
2020-06-03,1.2,1.31,1.19,1.28,2626634
2020-06-04,1.3,1.3,1.19,1.24,2438724
2020-06-05,1.23,1.24,1.19,1.21,1288270
2020-06-08,1.2,1.26,1.13,1.25,3024375
2020-06-09,1.27,1.41,1.2,1.36,3766019
2020-06-10,1.32,1.33,1.22,1.26,1344594
2020-06-11,1.2,1.209,1.06,1.16,4859762
2020-06-12,1.24,1.25,1.13,1.16,1906737
2020-06-15,1.13,1.14,1.04,1.14,751656
2020-06-16,1.27,1.74,1.16,1.69,20964178
2020-06-17,1.5,1.53,1.33,1.33,6986663
2020-06-18,1.32,1.38,1.26,1.27,2735979
2020-06-19,1.32,1.33,1.19,1.21,3380043
2020-06-22,1.21,1.23,1.18,1.2,1113121
2020-06-23,1.26,1.32,1.22,1.26,3633343
2020-06-24,1.27,1.28,1.17,1.24,1433788
2020-06-25,1.21,1.25,1.17,1.23,1075601
2020-06-26,1.38,1.39,1.26,1.34,8289674
2020-06-29,1.29,1.34,1.25,1.28,1337066
2020-06-30,1.26,1.27,1.21,1.23,1003399
2020-07-01,1.25,1.27,1.22,1.24,810081
2020-07-02,1.24,1.24,1.19,1.22,969073
2020-07-06,1.21,1.24,1.18,1.19,919576
2020-07-07,1.19,1.3,1.16,1.2,3245247
2020-07-08,1.2,1.27,1.18,1.23,3001567
2020-07-09,1.25,1.26,1.18,1.22,1688948
2020-07-10,1.22,1.23,1.2,1.22,807086
2020-07-13,1.21,1.33,1.18,1.3,7234452
2020-07-14,1.33,1.39,1.23,1.29,6910657
2020-07-15,1.7,1.8,1.38,1.44,42936327
2020-07-16,1.4,1.52,1.325,1.49,10765739
2020-07-17,1.53,1.7,1.47,1.68,13055161
2020-07-20,1.64,1.69,1.52,1.53,4978353
2020-07-21,1.5,1.6,1.4,1.51,7220807
2020-07-22,1.5,1.66,1.46,1.48,5086886
2020-07-23,1.49,1.59,1.42,1.57,5423379
2020-07-24,1.61,1.62,1.47,1.51,3471893
2020-07-27,1.53,1.65,1.47,1.53,6497157
2020-07-28,1.55,1.56,1.48,1.53,2626077
2020-07-29,1.51,1.53,1.42,1.48,3324329
2020-07-30,1.42,1.56,1.4,1.46,4775674
2020-07-31,1.42,1.57,1.41,1.49,6351657
2020-08-03,1.51,1.66,1.45,1.58,7497061
2020-08-04,1.61,1.85,1.58,1.6,8935747
2020-08-05,1.61,1.75,1.55,1.64,4231784
2020-08-06,1.7,1.71,1.61,1.66,2009346
2020-08-07,1.63,1.69,1.6,1.61,1482064
2020-08-10,1.61,1.74,1.601,1.68,3342542
2020-08-11,1.68,1.94,1.63,1.63,13788564
2020-08-12,1.68,1.7,1.43,1.49,4550711
2020-08-13,1.56,1.56,1.43,1.47,2103812
2020-08-14,1.47,1.48,1.33,1.36,2716453
2020-08-17,1.42,1.43,1.29,1.35,4143948
2020-08-18,1.36,1.36,1.28,1.28,1733767
2020-08-19,1.29,1.42,1.25,1.29,6505988
2020-08-20,1.2964,1.315,1.2,1.225,3278757
2020-08-21,1.23,1.26,1.19,1.21,2426058
2020-08-24,1.18,1.19,1.01,1.05,4715122
2020-08-25,1.09,1.09,1.04,1.06,1503050
2020-08-26,1.1713,1.27,1.085,1.1,10257846
2020-08-27,1.09,1.1,1.02,1.06,1814507
2020-08-28,1.04,1.06,1.03,1.05,1180109
2020-08-31,1.04,1.09,1.01,1.08,1620149
2020-09-01,1.04,1.07,1.03,1.05,838331
2020-09-02,1.07,1.15,1.04,1.09,2937874
2020-09-03,1.08,1.08,1.0,1.03,1319081
2020-09-04,1.02,1.035,0.88,0.9628,2001260
2020-09-08,0.88,0.9299,0.8222,0.8906,1295822
2020-09-09,0.9203,0.978,0.89,0.9251,1732029
2020-09-10,0.91,0.97,0.91,0.9344,478922
2020-09-11,0.93,0.9451,0.865,0.87,983916
2020-09-14,0.9027,0.9104,0.87,0.908,615295
2020-09-15,0.908,1.02,0.88,0.91,1108631
2020-09-16,0.9145,0.989,0.8999,0.9447,1552037
2020-09-17,0.9459,0.969,0.9006,0.949,706643
2020-09-18,0.9593,0.96,0.9067,0.9067,657508
2020-09-21,0.92,0.94,0.88,0.88,472219
2020-09-22,0.9,0.9287,0.881,0.881,399769
2020-09-23,0.8881,0.8975,0.8251,0.8267,543897
2020-09-24,0.816,0.83,0.7532,0.7831,1069162
2020-09-25,0.79,0.8495,0.78,0.8374,884505
2020-09-28,0.859,0.88,0.823,0.8584,716653
2020-09-29,0.86,0.946,0.8352,0.9341,1533268
2020-09-30,0.9462,0.95,0.88,0.915,828797
2020-10-01,0.96,0.96,0.9021,0.9267,1250083
2020-10-02,0.888,1.07,0.8401,0.9998,4729523
2020-10-05,0.96,0.99,0.9111,0.92,3076799
2020-10-06,0.93,0.94,0.8708,0.893,1602096
2020-10-07,1.01,1.25,0.9996,1.03,20147748
2020-10-08,0.93,0.9673,0.92,0.9483,2851655
2020-10-09,0.9322,0.93505,0.9123,0.925,896241
2020-10-12,0.92,0.925,0.888,0.8929,1175887
2020-10-13,0.8963,0.9,0.87,0.872,895622
2020-10-14,0.89,0.9,0.8615,0.8699,733369
2020-10-15,0.888,0.91,0.84,0.862,3221212
2020-10-16,0.841,0.853,0.79,0.7975,2021295
2020-10-19,0.782,0.9,0.77,0.7845,3696599
2020-10-20,0.7797,0.801,0.7721,0.7849,848929
2020-10-21,0.79,0.8389,0.7295,0.7596,2621017
2020-10-22,0.75,0.769599,0.73,0.765,746080
2020-10-23,0.763,0.7852,0.74,0.7683,583426
2020-10-26,0.769,0.78,0.74,0.7566,297158
2020-10-27,0.7475,0.75,0.71,0.715,691944
2020-10-28,0.7,0.715,0.65,0.7055,2464327
2020-10-29,0.713,0.7283,0.6811,0.7051,1577169
2020-10-30,0.69,0.696,0.6301,0.676,1074114
2020-11-02,0.66,0.71,0.6501,0.6843,1389675
2020-11-03,0.699,0.699,0.6621,0.6722,726406
2020-11-04,0.69,0.69,0.66,0.6685,817965
2020-11-05,0.6649,0.74,0.6605,0.6979,1070444
2020-11-06,0.6979,0.7,0.6754,0.6984,384052
2020-11-09,0.7007,0.7377,0.68,0.7377,1037510
2020-11-10,0.68,0.69,0.625,0.651,1333730
2020-11-11,0.659,0.71,0.651,0.6887,1194082
2020-11-12,0.68,0.6896,0.65,0.6699,1694403
2020-11-13,0.6652,0.675,0.63,0.64,1656069
2020-11-16,0.65,0.65989,0.636,0.6423,958980
2020-11-17,0.634,0.7095,0.633,0.67,4097135
2020-11-18,0.69,0.6951,0.6609,0.6951,2669992
2020-11-19,0.7127,0.75,0.663,0.6842,4044686
2020-11-20,0.6751,0.6799,0.6533,0.6644,1498993
2020-11-23,0.6666,0.669,0.6023,0.6427,2359241
2020-11-24,0.65,0.72,0.635,0.709,6166834
2020-11-25,0.7,0.77,0.670101,0.69,5724923
2020-11-27,0.685,0.6885,0.655,0.6684,1416175
2020-11-30,0.67,0.68,0.645,0.68,1986557
2020-12-01,0.68,0.7498,0.6602,0.7209,5981517
2020-12-02,0.705,0.7124,0.6607,0.6779,2516610
2020-12-03,0.68,0.7179,0.665,0.704,3496396
2020-12-04,0.7163,0.82,0.7,0.76,10409052
2020-12-07,0.76,0.83,0.721,0.8088,5703632
2020-12-08,0.7995,0.8862,0.775,0.8375,9523339
2020-12-09,0.8636,0.9091,0.78,0.795,4395082
2020-12-10,0.82,0.82,0.7311,0.7826,1997236
2020-12-11,0.7642,0.777,0.711,0.7731,4196070
2020-12-14,0.8101,0.83,0.778,0.797,2754335
2020-12-15,0.8296,0.8296,0.73,0.7766,4242507
2020-12-16,0.9124,1.03,0.8101,0.9728,31355161
2020-12-17,0.945,1.33,0.871,1.24,57002611
2020-12-18,1.09,1.22,1.05,1.06,9961757
2020-12-21,0.9925,1.12,0.9411,1.06,7172359
2020-12-22,1.15,1.16,0.9809,1.01,7231098
2020-12-23,1.01,1.0492,0.934,1.0,4636553
2020-12-24,1.0,1.05,1.0,1.01,2082184
2020-12-28,1.2,1.2699,1.11,1.19,13038166
2020-12-29,1.13,1.1331,1.03,1.08,3667500
2020-12-30,1.1729,1.5,1.1,1.36,20810053
2020-12-31,1.31,1.34,1.21,1.26,5938024
2021-01-04,1.37,1.37,1.16,1.2,5911880
2021-01-05,1.2,1.3273,1.123,1.29,4548193
2021-01-06,1.28,1.2833,1.0601,1.11,7478615
2021-01-07,1.17,1.35,1.15,1.22,16813776
2021-01-08,1.2897,1.46,1.25,1.35,13287812
2021-01-11,1.24,1.3401,1.2079,1.27,4120713
2021-01-12,1.28,1.33,1.22,1.29,3930899
2021-01-13,1.29,1.29,1.2,1.21,4648785
2021-01-14,1.2613,1.34,1.22,1.32,8459224
2021-01-15,1.39,1.55,1.29,1.34,11586350
2021-01-19,1.31,1.4,1.25,1.33,3695301
2021-01-20,1.33,1.3492,1.27,1.29,2236677
2021-01-21,1.33,1.35,1.29,1.29,3492153
2021-01-22,1.28,1.35,1.22,1.32,6907574
2021-01-25,1.43,1.48,1.27,1.45,14090089
2021-01-26,2.14,2.41,1.75,1.81,114058019
2021-01-27,1.56,1.8,1.54,1.59,9636549
2021-01-28,1.5606,1.83,1.5,1.64,9490727
2021-01-29,1.74,2.24,1.63,2.08,71581173
2021-02-01,3.06,3.17,2.43,2.69,77910698
2021-02-02,2.35,2.54,2.1,2.51,18411243
2021-02-03,2.33,2.52,2.27,2.35,8475174
2021-02-04,2.39,2.41,2.16,2.16,8448666
2021-02-05,2.23,2.3,2.15,2.2,5534591
2021-02-08,2.68,2.92,2.52,2.77,20215697
2021-02-09,2.68,2.87,2.55,2.68,9682363
2021-02-10,2.7,3.27,2.4,3.04,24722557
2021-02-11,3.06,3.3376,2.75,2.81,12892750
2021-02-12,2.66,2.77,2.575,2.64,9776607
2021-02-16,2.84,3.039,2.63,2.77,12223101
2021-02-17,2.89,3.0708,2.66,2.89,27066134
2021-02-18,2.81,2.845,2.41,2.42,14305495
2021-02-19,2.49,2.62,2.43,2.55,9130214
2021-02-22,2.4,2.4408,2.26,2.32,7317170
2021-02-23,1.98,2.09,1.71,2.0,9737922
2021-02-24,2.01,2.24,2.01,2.17,4821830
2021-02-25,2.1359,2.1359,1.86,1.87,5885890
2021-02-26,1.78,1.92,1.7,1.8,3985783
2021-03-01,1.86,1.99,1.775,1.8,6881029
2021-03-02,1.87,1.9,1.71,1.75,4024952
2021-03-03,1.81,1.85,1.6,1.64,4577688
2021-03-04,1.55,1.6,1.25,1.32,6666004
2021-03-05,1.3914,1.3914,1.14,1.31,4921024
2021-03-08,1.38,1.59,1.32,1.56,3719311
2021-03-09,1.5795,1.73,1.53,1.65,3653554
2021-03-10,1.71,1.75,1.52,1.62,4864603
2021-03-11,2.18,3.07,1.83,1.93,173015358
2021-03-12,1.94,2.15,1.92,2.1,14835366
2021-03-15,2.08,2.1,1.98,2.04,4860664
2021-03-16,2.0,2.15,1.92,2.0,8021816
2021-03-17,2.03,2.335,2.0,2.28,12648415
2021-03-18,2.12,2.38,2.08,2.11,6046094
2021-03-19,2.15,2.25,2.07,2.09,3228714
2021-03-22,2.14,2.16,1.99,2.05,3140714
2021-03-23,2.05,2.22,1.94,1.97,8268548
2021-03-24,2.0481,2.4,1.88,1.92,20675698
2021-03-25,1.8077,2.02,1.75,1.9,9000723
2021-03-26,1.7763,1.82,1.48,1.63,13015493
2021-03-29,1.57,1.63,1.51,1.58,2948347
2021-03-30,1.54,1.58,1.48,1.57,2185497
2021-03-31,1.57,1.68,1.562,1.65,3242030
2021-04-01,1.65,1.74,1.6,1.62,2598843
2021-04-05,1.65,1.72,1.6,1.72,2611927
2021-04-06,2.15,2.47,1.86,1.92,151509397
2021-04-07,1.85,2.02,1.83,2.02,10884511
2021-04-08,1.92,1.98,1.87,1.9,6786289
2021-04-09,1.88,2.02,1.85,1.89,6871146
2021-04-12,1.93,1.94,1.7,1.75,6159480
2021-04-13,1.78,1.79,1.695,1.71,2205456
2021-04-14,1.82,1.82,1.685,1.71,4364733
2021-04-15,1.73,1.73,1.57,1.59,3049764
2021-04-16,1.55,1.55,1.41,1.46,4074620
2021-04-19,1.46,1.52,1.41,1.515,1840429
2021-04-20,1.5,1.51,1.35,1.38,2273738
2021-04-21,1.35,1.54,1.35,1.54,1465547
2021-04-22,1.56,1.68,1.4618,1.51,3790528
2021-04-23,1.53,1.575,1.46,1.49,1486393
2021-04-26,1.51,1.68,1.48,1.63,2714646
2021-04-27,1.65,1.68,1.56,1.6,1545111
2021-04-28,1.5834,1.65,1.534,1.64,1163484
2021-04-29,1.64,1.65,1.54,1.62,1025748
2021-04-30,1.59,1.625,1.55,1.59,857072
2021-05-03,1.57,1.6,1.51,1.53,1211868
2021-05-04,1.509,1.54,1.42,1.52,1536372
2021-05-05,1.5,1.51,1.42,1.46,1281971
2021-05-06,1.43,1.46,1.32,1.36,1935089
2021-05-07,1.34,1.4,1.32,1.35,1143546
2021-05-10,1.34,1.36,1.22,1.23,2322704
2021-05-11,1.31,1.57,1.31,1.4,22259865
2021-05-12,1.37,1.41,1.27,1.36,5670634
2021-05-13,1.33,1.36,1.14,1.15,3741766
2021-05-14,1.185,1.275,1.15,1.25,2017817
2021-05-17,1.3,1.37,1.2,1.36,1890180
2021-05-18,1.35,1.4,1.3101,1.38,1241804
2021-05-19,1.2717,1.32,1.24,1.28,1529222
2021-05-20,1.35,1.35,1.2618,1.3,761708
2021-05-21,1.29,1.34,1.27,1.31,1086696
2021-05-24,1.28,1.3,1.2301,1.25,1002560
2021-05-25,1.27,1.3,1.25,1.3,869973
2021-05-26,1.3,1.35,1.26,1.33,1362081
2021-05-27,1.33,1.37,1.295,1.37,1481063
2021-05-28,1.32,1.3685,1.31,1.36,876560
2021-06-01,1.34,1.42,1.31,1.4,1670330
2021-06-02,1.39,1.435,1.35,1.41,1491899
2021-06-03,1.381,1.47,1.36,1.44,1269118
2021-06-04,1.41,1.44,1.39,1.42,1021350
2021-06-07,1.4,1.47,1.4,1.46,1242366
2021-06-08,1.51,1.55,1.42,1.47,2010258
2021-06-09,1.47,1.48,1.38,1.44,1515695
2021-06-10,1.42,1.47,1.355,1.38,1089987
2021-06-11,1.38,1.42,1.38,1.41,874734
2021-06-14,1.44,1.5,1.43,1.47,2393775
2021-06-15,1.46,1.47,1.36,1.39,1347902
2021-06-16,1.39,1.4,1.31,1.34,867748
2021-06-17,1.38,1.38,1.28,1.3,637347
2021-06-18,1.26,1.325,1.26,1.3,1036298
2021-06-21,1.26,1.28,1.25,1.26,610712
2021-06-22,1.27,1.29,1.22,1.27,599344
2021-06-23,1.27,1.37,1.27,1.36,1016147
2021-06-24,1.35,1.4,1.33,1.36,1099230
2021-06-25,1.37,1.38,1.31,1.37,1395812
2021-06-28,1.3967,1.4,1.32,1.33,952926
2021-06-29,1.45,1.585,1.38,1.56,15414223
2021-06-30,1.52,1.537,1.37,1.39,5448825
2021-07-01,1.35,1.38,1.34,1.34,1952668
2021-07-02,1.3618,1.38,1.27,1.3,2703008
2021-07-06,1.29,1.29,1.25,1.29,820233
2021-07-07,1.2708,1.2708,1.18,1.24,2012659
2021-07-08,1.1884,1.3261,1.16,1.27,3573754
2021-07-09,1.27,1.27,1.2291,1.25,758062
2021-07-12,1.26,1.26,1.2,1.22,769190
2021-07-13,1.2,1.22,1.17,1.18,859292
2021-07-14,1.18,1.22,1.09,1.13,1809001
2021-07-15,1.15,1.15,1.05,1.1,1330255
2021-07-16,1.1017,1.14,1.08,1.11,798940
2021-07-19,1.08,1.09,1.03,1.07,753057
2021-07-20,1.0832,1.15,1.075,1.11,859487
2021-07-21,1.1,1.22,1.1,1.17,936001
2021-07-22,1.17,1.171,1.09,1.11,805830
2021-07-23,1.11,1.1299,1.07,1.08,658610
2021-07-26,1.09,1.15,1.05,1.09,3609346
2021-07-27,1.08,1.09,1.0,1.03,1865201
2021-07-28,1.07,1.16,1.0411,1.13,3558994
2021-07-29,1.11,1.13,1.07,1.09,798366
2021-07-30,1.09,1.15,1.09,1.1,815725
2021-08-02,1.12,1.12,1.09,1.1,614070
2021-08-03,1.09,1.1,1.06,1.07,575853
2021-08-04,1.06,1.09,1.06,1.08,959099
2021-08-05,1.06,1.07,1.0101,1.05,1354237
2021-08-06,1.04,1.11,1.04,1.08,4376899
2021-08-09,1.11,1.195,1.1,1.15,6065072
2021-08-10,1.13,1.145,1.07,1.09,2126068
2021-08-11,1.09,1.145,1.09,1.1,1833641
2021-08-12,1.1,1.1,1.0511,1.09,1654907
2021-08-13,1.0,1.01,0.88,0.9201,6384906
2021-08-16,0.9057,0.91,0.8402,0.8502,1658720
2021-08-17,0.8773,0.9551,0.8414,0.8599,7507222
2021-08-18,0.8553,0.8967,0.8301,0.8728,2932512
2021-08-19,0.8602,0.8699,0.8201,0.821,899943
2021-08-20,0.832,0.9199,0.83,0.8656,3566532
2021-08-23,0.8811,0.93,0.87,0.9101,2013542
2021-08-24,0.91,0.9696,0.8859,0.9632,1305215
2021-08-25,0.98,1.05,0.951,1.04,2154596
2021-08-26,1.02,1.04,0.9805,1.01,938803
2021-08-27,1.04,1.05,1.0,1.05,1856777
2021-08-30,1.08,1.09,1.02,1.06,1311575
2021-08-31,1.04,1.13,1.04,1.11,1434965
2021-09-01,1.13,1.16,1.08,1.11,2544225
2021-09-02,1.1177,1.19,1.11,1.15,2130713
2021-09-03,1.13,1.15,1.08,1.12,1105669
2021-09-07,1.13,1.14,1.04,1.08,994828
2021-09-08,1.06,1.07,1.01,1.05,1344657
2021-09-09,1.03,1.1,1.03,1.08,930026
2021-09-10,1.0625,1.07,1.03,1.04,492918
2021-09-13,1.04,1.06,1.03,1.04,976140
2021-09-14,1.05,1.05,0.98,0.9987,772701
2021-09-15,0.9987,1.04,0.964,1.01,911449
2021-09-16,1.0,1.01,0.9802,1.01,520077
2021-09-17,1.0,1.055,0.985,1.05,1053753
2021-09-20,0.982,1.01,0.9707,0.99,744362
2021-09-21,0.9734,1.01,0.97,0.9776,476716
2021-09-22,0.974,1.0,0.972,0.985,555553
2021-09-23,0.99,1.0,0.9701,0.9979,455175
2021-09-24,1.0,1.01,0.984,1.01,328758
2021-09-27,0.9988,1.03,0.9801,0.9908,585617
2021-09-28,0.9916,0.9916,0.95,0.9505,688686
2021-09-29,0.96,0.9699,0.9301,0.9449,365845
2021-09-30,0.93,0.941,0.9102,0.9288,637501
2021-10-01,0.925,0.9399,0.92,0.9228,582668
2021-10-04,0.92,0.92,0.8726,0.881,756709
2021-10-05,0.9,0.9,0.87,0.879,716130
2021-10-06,0.87,0.9202,0.85,0.8902,1366233
2021-10-07,0.9,0.9247,0.861,0.8848,792286
2021-10-08,0.893,0.9088,0.861,0.9024,676105
2021-10-11,0.906,0.9399,0.9,0.9099,1826129
2021-10-12,0.91,0.945,0.89,0.93,1206947
2021-10-13,0.9413,0.95,0.9101,0.932,1528623
2021-10-14,0.9223,0.955,0.915,0.9282,794370
2021-10-15,0.93,1.06,0.929862,1.03,3986833
2021-10-18,1.03,1.065,1.0,1.02,1703902
2021-10-19,1.04,1.06,0.9779,1.02,3201200
2021-10-20,1.0,1.09,0.98,1.05,3238007
2021-10-21,1.05,1.92,1.03,1.53,105882308
2021-10-22,7.53,24.04,5.5185,8.74,629929553
2021-10-25,11.92,12.0,6.65,7.16,237701615
2021-10-26,6.35,6.69,4.2,4.35,126906902
2021-10-27,5.04,5.65,4.51,4.78,173307708
2021-10-28,4.95,5.12,4.51,4.79,58883734
2021-10-29,4.58,4.66,4.16,4.29,39602963
2021-11-01,4.179,4.2,3.77,3.83,26492181
2021-11-02,3.59,5.18,3.19,4.57,96466818
2021-11-03,4.4,5.14,4.25,4.39,56743863
2021-11-04,4.36,4.42,4.12,4.19,14306577
2021-11-05,4.32,4.35,4.01,4.22,12149967
2021-11-08,4.16,4.6,4.08,4.34,20642142
2021-11-09,4.17,4.1956,3.96,4.08,10178453
2021-11-10,4.03,4.32,3.8301,3.9,18884710
2021-11-11,3.93,4.04,3.86,3.91,14758344
2021-11-12,4.02,4.6,3.835,4.09,38872239
2021-11-15,4.06,4.18,3.955,4.01,12621968
2021-11-16,3.98,4.125,3.88,3.93,16448060
2021-11-17,3.9,3.91,3.65,3.76,9381195
2021-11-18,3.69,3.69,3.43,3.53,9155566
2021-11-19,3.91,4.12,3.54,3.7,43495892
2021-11-22,3.6238,3.64,3.31,3.38,10015103
2021-11-23,3.39,3.53,3.23,3.37,8029952
2021-11-24,3.32,3.48,3.27,3.4,8184857
2021-11-26,3.23,3.44,3.18,3.32,5541746
2021-11-29,3.3375,3.38,3.11,3.19,6631674
2021-11-30,3.15,3.175,2.8315,2.91,11386663
2021-12-01,3.01,3.26,2.78,3.25,43758621
2021-12-02,3.71,4.04,3.36,3.5,107940609
2021-12-03,3.3,3.33,2.9101,3.03,17226149
2021-12-06,3.11,3.15,2.89,2.99,12858862
2021-12-07,3.06,3.28,3.01,3.23,18594796
2021-12-08,3.13,3.94,3.07,3.91,55341574
2021-12-09,3.7,3.78,3.28,3.34,25991181
2021-12-10,3.37,3.455,3.28,3.39,10481713
2021-12-13,3.35,3.3599,3.05,3.09,8193601
2021-12-14,3.0,3.145,3.0,3.04,6865385
2021-12-15,3.07,3.11,2.86,3.1,9549363
2021-12-16,3.08,3.1451,2.96,3.04,6209015
2021-12-17,2.99,3.17,2.92,3.06,6580981
2021-12-20,2.97,3.05,2.85,2.91,7447700
2021-12-21,2.95,3.07,2.885,3.07,5747041
2021-12-22,3.03,3.13,2.98,3.04,7372995
2021-12-23,3.0118,3.1,2.96,3.06,6408392
2021-12-27,3.05,3.12,2.88,2.88,6700700
2021-12-28,2.87,2.91,2.785,2.8,4821849
2021-12-29,2.7724,2.79,2.61,2.68,5151438
2021-12-30,2.65,2.85,2.6,2.74,5939525
2021-12-31,2.72,2.8199,2.62,2.63,5954397
2022-01-03,2.65,2.8,2.62,2.8,5326629
2022-01-04,2.7521,2.83,2.7,2.78,3138517
2022-01-05,2.72,2.7699,2.5,2.56,4185704
2022-01-06,2.6,3.18,2.41,3.07,33242254
2022-01-07,2.86,2.98,2.65,2.66,18223857
2022-01-10,2.62,2.85,2.5,2.67,26185059
2022-01-11,2.6445,2.96,2.56,2.83,48116987
2022-01-12,2.8114,3.15,2.76,3.14,48175869
2022-01-13,3.0491,3.11,2.77,2.79,26918699
2022-01-14,2.73,2.94,2.72,2.89,13918425
2022-01-18,2.8892,3.37,2.83,3.25,63353562
2022-01-19,3.21,3.23,2.8,2.83,25852780
2022-01-20,2.87,3.02,2.72,2.73,17241430
2022-01-21,2.72,2.75,2.36,2.38,17809267
2022-01-24,2.21,2.35,2.11,2.35,12008153
2022-01-25,2.26,2.37,2.215,2.27,10568092
2022-01-26,2.32,2.48,2.23,2.26,10330422
2022-01-27,2.31,2.32,2.07,2.1,8285755
2022-01-28,2.1,2.13,1.93,2.09,9326775
2022-01-31,2.09,2.3,2.06,2.23,7831370
2022-02-01,2.2354,2.41,2.1759,2.36,16650510
2022-02-02,2.32,2.34,2.17,2.25,7013451
2022-02-03,2.16,2.595,2.1553,2.43,17940476
2022-02-04,2.4576,2.61,2.43,2.54,12157430
2022-02-07,3.02,3.43,2.84,2.96,126876550
2022-02-08,2.8451,3.45,2.8,3.44,34184014
2022-02-09,3.55,3.625,3.28,3.53,33656020
2022-02-10,3.33,3.87,3.32,3.54,26138056
2022-02-11,3.52,3.7296,3.2,3.34,17129438
2022-02-14,3.36,3.67,3.29,3.52,16759276
2022-02-15,3.6034,3.79,3.45,3.58,13249152
2022-02-16,3.6,3.6893,3.4,3.51,13465657
2022-02-17,3.45,3.52,3.26,3.28,11211913
2022-02-18,3.3,3.35,3.01,3.18,9586454
2022-02-22,3.59,3.62,3.14,3.28,46756823
2022-02-23,3.19,3.22,2.78,2.82,13080381
2022-02-24,2.31,2.88,2.26,2.85,12173489
2022-02-25,2.92,3.02,2.85,2.97,8533527
2022-02-28,2.92,3.08,2.87,2.99,6780696
2022-03-01,2.94,2.98,2.84,2.93,4600248
2022-03-02,2.93,2.95,2.78,2.88,7337254
2022-03-03,2.89,2.9,2.72,2.77,5358362
2022-03-04,2.74,2.75,2.53,2.55,4670196
2022-03-07,2.53,2.54,2.3,2.31,7293428
2022-03-08,2.28,2.44,2.11,2.35,7606340
2022-03-09,2.42,2.54,2.38,2.45,4141461
2022-03-10,2.35,2.45,2.35,2.42,2959200
2022-03-11,2.4,2.42,2.25,2.34,3147866
2022-03-14,2.27,2.385,2.2,2.3,4142587
2022-03-15,2.25,2.44,2.18,2.43,3426599
2022-03-16,2.49,2.6,2.4,2.59,8400747
2022-03-17,2.55,2.68,2.52,2.66,2840824
2022-03-18,2.67,2.8,2.61,2.73,7682568
2022-03-21,2.74,2.76,2.595,2.66,3477908
2022-03-22,2.67,2.78,2.66,2.75,3337779
2022-03-23,2.79,2.955,2.75,2.88,7124600
2022-03-24,2.6,2.75,2.45,2.75,7764940
2022-03-25,2.68,2.8,2.66,2.74,2871815
2022-03-28,2.68,2.76,2.6115,2.73,3401249
2022-03-29,2.73,2.93,2.6916,2.92,5393279
2022-03-30,2.86,3.03,2.79,2.8,3548304
2022-03-31,2.8,2.82,2.73,2.78,2156884
2022-04-01,2.74,2.74,2.57,2.6,3647775
2022-04-04,2.56,2.64,2.5,2.57,4272465
2022-04-05,2.54,2.61,2.42,2.42,3577017
2022-04-06,2.3601,2.42,2.3,2.37,3270468
2022-04-07,2.32,2.42,2.22,2.26,3489774
2022-04-08,2.26,2.32,2.2,2.2,2332311
2022-04-11,2.22,2.2922,2.18,2.2,3544766
2022-04-12,2.22,2.37,2.175,2.22,5928978
2022-04-13,2.23,2.31,2.19,2.24,3315230
2022-04-14,2.24,2.25,2.17,2.2,3057954
2022-04-18,2.18,2.19,2.05,2.11,2876107
2022-04-19,2.11,2.265,2.07,2.22,2713923
2022-04-20,2.22,2.22,2.08,2.12,2009997
2022-04-21,2.12,2.14,1.99,1.99,2887285
2022-04-22,2.0,2.105,1.97,2.04,2706368
2022-04-25,1.98,2.08,1.98,2.05,3572713
2022-04-26,2.0,2.13,1.99,2.07,4303193
2022-04-27,2.04,2.17,1.965,2.14,7898425
2022-04-28,2.14,2.15,1.99,2.08,4321450
2022-04-29,2.11,2.18,2.01,2.02,5182612
2022-05-02,1.99,2.07,1.96,2.03,3419510
2022-05-03,2.02,2.08,1.97,2.08,2408481
2022-05-04,2.04,2.1,1.98,2.08,2850024
2022-05-05,2.02,2.0391,1.94,1.96,2523490
2022-05-06,1.94,1.95,1.81,1.9,2567214
2022-05-09,1.82,1.855,1.65,1.66,2393864
2022-05-10,1.69,1.69,1.52,1.59,2814262
2022-05-11,1.51,1.555,1.34,1.35,3027739
2022-05-12,1.32,1.5192,1.29,1.495,2870633
2022-05-13,1.55,1.64,1.5,1.58,3497363
2022-05-16,1.56,1.57,1.42,1.43,3229140
2022-05-17,1.47,1.51,1.43,1.51,1840594
2022-05-18,1.46,1.54,1.41,1.43,1481859
2022-05-19,1.41,1.45,1.35,1.43,1801586
2022-05-20,1.46,1.46,1.34,1.44,1818014
2022-05-23,1.4,1.48,1.3637,1.47,1283293
2022-05-24,1.44,1.4461,1.3608,1.38,1229861
2022-05-25,1.35,1.42,1.35,1.39,1028709
2022-05-26,1.38,1.44,1.38,1.4,1082593
2022-05-27,1.4,1.44,1.39,1.44,768638
2022-05-31,1.45,1.52,1.42,1.45,1143523
2022-06-01,1.45,1.51,1.435,1.47,1673544
2022-06-02,1.46,1.51,1.38,1.49,1621218
2022-06-03,1.45,1.5094,1.37,1.38,1732265
2022-06-06,1.4,1.4189,1.35,1.37,1589038
2022-06-07,1.34,1.4,1.32,1.39,1154415
2022-06-08,1.37,1.47,1.37,1.4,1522174
2022-06-09,1.39,1.4,1.32,1.32,1334341
2022-06-10,1.32,1.33,1.21,1.27,1358917
2022-06-13,1.16,1.19,1.14,1.17,1311684
2022-06-14,1.16,1.2,1.12,1.13,1245339
2022-06-15,1.12,1.1799,1.11,1.17,1910325
2022-06-16,1.03,1.1,1.03,1.1,1545982
2022-06-17,1.08,1.17,1.07,1.17,1321450
2022-06-21,1.15,1.225,1.15,1.21,1424280
2022-06-22,1.16,1.2,1.14,1.18,1401901
2022-06-23,1.15,1.25,1.15,1.21,971623
2022-06-24,1.21,1.245,1.15,1.18,1354301
2022-06-27,1.18,1.18,1.14,1.16,718313
2022-06-28,1.15,1.19,1.1,1.1,1268630
2022-06-29,1.1,1.1027,1.04,1.07,965166
2022-06-30,1.04,1.08,1.02,1.08,1498830
2022-07-01,1.08,1.0894,1.03,1.05,519895
2022-07-05,1.05,1.13,1.0273,1.1,1223960
2022-07-06,1.09,1.1,1.06,1.07,418360
2022-07-07,1.08,1.16,1.07,1.15,1214359
2022-07-08,1.14,1.29,1.11,1.22,5310062
2022-07-11,1.48,1.54,1.3,1.38,36588493
2022-07-12,1.27,1.42,1.27,1.39,7729520
2022-07-13,1.28,1.35,1.26,1.3,2430395
2022-07-14,1.27,1.325,1.21,1.28,3466631
2022-07-15,1.29,1.33,1.22,1.25,3073436
2022-07-18,1.25,1.38,1.24,1.36,2948042
2022-07-19,1.35,1.4,1.3407,1.4,1919809
2022-07-20,1.38,1.43,1.365,1.41,1592526
2022-07-21,1.41,1.89,1.4,1.76,17335469
2022-07-22,1.72,1.7398,1.5,1.57,3959546
2022-07-25,1.51,1.62,1.48,1.57,2002948
2022-07-26,1.52,1.525,1.4,1.43,1977872
2022-07-27,1.44,1.52,1.42,1.52,869849
2022-07-28,1.51,1.5108,1.42,1.47,1412273
2022-07-29,1.47,1.5,1.39,1.47,1602964
2022-08-01,1.44,1.4895,1.39,1.43,1159383
2022-08-02,1.4,1.5,1.38,1.45,1984000
2022-08-03,1.45,1.5899,1.44,1.5,2806270
2022-08-04,1.51,1.6,1.49,1.52,1741602
2022-08-05,1.53,1.64,1.515,1.63,1661301
2022-08-08,1.74,1.77,1.662,1.71,3340459
2022-08-09,1.68,1.71,1.6001,1.7,1747688
2022-08-10,1.7,1.8,1.65,1.78,2202963
2022-08-11,1.8,1.81,1.7135,1.74,2428687
2022-08-12,1.54,1.75,1.54,1.71,2197360
2022-08-15,1.66,1.74,1.64,1.66,1194117
2022-08-16,1.66,1.79,1.6109,1.76,3198106
2022-08-17,1.7,1.74,1.62,1.62,2362997
2022-08-18,1.64,1.64,1.51,1.52,1662423
2022-08-19,1.49,1.5,1.37,1.38,1705672
2022-08-22,1.35,1.3994,1.33,1.38,1451689
2022-08-23,1.37,1.44,1.36,1.37,804166
2022-08-24,1.39,1.42,1.36,1.39,872982
2022-08-25,1.39,1.405,1.35,1.37,675561
2022-08-26,1.37,1.38,1.3,1.31,633755
2022-08-29,1.31,1.388,1.29,1.35,1300719
2022-08-30,1.34,1.36,1.28,1.34,487157
2022-08-31,1.32,1.37,1.29,1.33,832185
2022-09-01,1.32,1.3201,1.2601,1.31,505004
2022-09-02,1.29,1.35,1.2645,1.33,508463
2022-09-06,1.27,1.38,1.24,1.37,1843450
2022-09-07,1.35,1.38,1.31,1.33,774240
2022-09-08,1.31,1.41,1.31,1.38,793687
2022-09-09,1.41,1.44,1.38,1.4,697875
2022-09-12,1.39,1.43,1.37,1.41,446918
2022-09-13,1.42,1.7,1.4,1.63,7500914
2022-09-14,1.56,1.89,1.53,1.85,13135336
2022-09-15,1.91,1.96,1.64,1.77,4805114
2022-09-16,1.72,1.86,1.69,1.83,2779598
2022-09-19,1.83,1.84,1.73,1.8,1860605
2022-09-20,1.75,1.79,1.61,1.62,1749314
2022-09-21,1.53,1.54,1.25,1.29,6058771
2022-09-22,1.31,1.33,1.14,1.15,3667537
2022-09-23,1.18,1.23,1.12,1.19,2058821
2022-09-26,1.22,1.23,1.07,1.07,3285796
2022-09-27,1.11,1.28,1.1,1.19,3319091
2022-09-28,1.19,1.32,1.1804,1.23,1884488
2022-09-29,1.24,1.275,1.15,1.18,1872983
2022-09-30,1.17,1.22,1.16,1.18,1011782
2022-10-03,1.19,1.22,1.13,1.17,1391121
2022-10-04,1.19,1.23,1.18,1.21,1262666
2022-10-05,1.21,1.23,1.14,1.22,1249435
2022-10-06,1.2,1.28,1.2,1.22,1044863
2022-10-07,1.23,1.2336,1.15,1.15,975705
2022-10-10,1.19,1.19,1.12,1.14,771736
2022-10-11,1.12,1.17,1.1,1.14,703408
2022-10-12,1.13,1.18,1.11,1.16,917264
2022-10-13,1.15,1.36,1.13,1.17,8758545
2022-10-14,1.16,1.18,1.05,1.08,2598892
2022-10-17,1.12,1.1392,1.09,1.1,856890
2022-10-18,1.13,1.13,1.08,1.11,1486202
2022-10-19,1.1,1.11,1.07,1.07,660377
2022-10-20,1.07,1.1,1.05,1.06,820052
2022-10-21,1.05,1.11,1.04,1.09,936535
2022-10-24,1.04,1.1,1.0,1.08,2698114
2022-10-25,1.03,1.09,1.02,1.06,1771527
2022-10-26,1.07,1.12,1.06,1.07,1647913
2022-10-27,1.11,1.12,1.07,1.12,1073010
2022-10-28,1.12,1.16,1.0844,1.16,1310346
2022-10-31,1.17,1.24,1.16,1.17,1484562
2022-11-01,1.17,1.21,1.16,1.18,880352
2022-11-02,1.19,1.1984,1.13,1.15,1328320
2022-11-03,1.14,1.2,1.13,1.2,982251
2022-11-04,1.21,1.25,1.16,1.2,1590761
2022-11-07,1.38,1.68,1.27,1.66,50327864
2022-11-08,1.455,1.64,1.43,1.52,29082761
2022-11-09,1.32,1.35,1.2,1.22,12890510
2022-11-10,1.19,1.3,1.16,1.28,5851525
2022-11-11,1.22,1.415,1.21,1.4,5722925
2022-11-14,1.41,1.64,1.39,1.48,16253060
2022-11-15,1.51,1.56,1.35,1.41,9683861
2022-11-16,1.47,1.47,1.25,1.27,16212199
2022-11-17,1.21,1.27,1.2,1.2,3366147
2022-11-18,1.21,1.21,1.12,1.14,6681493
2022-11-21,1.14,1.1465,1.07,1.1,3526791
2022-11-22,1.12,1.16,1.07,1.09,3977169
