2019-11-14,9.65,9.65,9.65,9.65,100
2019-11-15,9.7,9.7,9.68,9.68,200200
2019-11-18,9.68,9.68,9.67,9.67,133400
2019-11-19,9.68,9.69,9.68,9.68,319500
2019-11-20,9.68,9.69,9.68,9.69,32200
2019-11-21,9.69,9.69,9.69,9.69,200
2019-11-22,9.65,9.69,9.65,9.67,5600
2019-11-25,9.69,9.69,9.68,9.69,123900
2019-11-26,9.7,9.74,9.7,9.74,4600
2019-11-27,9.91,10.102,9.69,9.74,20912
2019-11-29,9.74,9.74,9.74,9.74,0
2019-12-02,9.74,9.74,9.74,9.74,8
2019-12-03,9.74,9.74,9.74,9.74,0
2019-12-04,9.74,9.74,9.74,9.74,0
2019-12-05,9.74,9.74,9.74,9.74,0
2019-12-06,9.72,9.72,9.72,9.72,50000
2019-12-09,9.72,9.72,9.72,9.72,0
2019-12-10,9.72,9.72,9.72,9.72,0
2019-12-11,9.77,9.77,9.77,9.77,2500
2019-12-12,9.77,9.77,9.77,9.77,0
2019-12-13,9.74,9.77,9.74,9.75,199310
2019-12-16,9.77,9.77,9.77,9.77,600
2019-12-17,9.68,9.8,9.68,9.8,18400
2019-12-18,9.8,9.81,9.76,9.8,321700
2019-12-19,9.84,9.84,9.84,9.84,137
2019-12-20,9.84,9.84,9.84,9.84,0
2019-12-23,9.84,9.84,9.84,9.84,0
2019-12-24,10.01,10.01,9.91,9.95,600
2019-12-26,9.95,9.95,9.95,9.95,2
2019-12-27,9.95,9.95,9.95,9.95,0
2019-12-30,9.95,9.95,9.95,9.95,1
2019-12-31,9.86,9.86,9.8,9.8,501
2020-01-02,9.8,9.8,9.8,9.8,0
2020-01-03,9.81,9.83,9.8,9.82,152501
2020-01-06,9.83,9.83,9.83,9.83,200
2020-01-07,9.83,9.83,9.83,9.83,1100
2020-01-08,9.83,9.83,9.83,9.83,0
2020-01-09,9.83,9.84,9.83,9.84,52000
2020-01-10,9.85,9.85,9.83,9.85,225200
2020-01-13,9.85,9.85,9.85,9.85,0
2020-01-14,9.85,9.86,9.84,9.84,8600
2020-01-15,9.88,9.88,9.88,9.88,1260
2020-01-16,9.86,9.86,9.86,9.86,225100
2020-01-17,9.75,9.9,9.75,9.87,78300
2020-01-21,9.87,9.9,9.86,9.9,130000
2020-01-22,9.9,9.9,9.9,9.9,1
2020-01-23,9.86,9.86,9.86,9.86,290
2020-01-24,9.95,9.95,9.95,9.95,4801
2020-01-27,10.0,10.02,10.0,10.0,8969
2020-01-28,10.0,10.0,10.0,10.0,0
2020-01-29,10.0,10.0,10.0,10.0,0
2020-01-30,10.0,10.0,10.0,10.0,0
2020-01-31,10.0,10.0,10.0,10.0,0
2020-02-03,10.0,10.0,10.0,10.0,0
2020-02-04,9.87,9.96,9.87,9.96,25801
2020-02-05,9.91,9.93,9.91,9.93,4800
2020-02-06,9.93,9.93,9.93,9.93,0
2020-02-07,9.93,9.93,9.93,9.93,0
2020-02-10,9.95,9.95,9.95,9.95,75100
2020-02-11,9.99,9.99,9.92,9.95,615733
2020-02-12,9.92,9.92,9.92,9.92,388
2020-02-13,9.94,9.94,9.94,9.94,178777
2020-02-14,10.0,10.06,9.99,9.99,1096
2020-02-18,9.92,9.98,9.92,9.98,58791
2020-02-19,9.8,10.0,9.8,10.0,118250
2020-02-20,9.9,9.96,9.9,9.95,1860
2020-02-21,9.95,9.95,9.95,9.95,100
2020-02-24,9.97,9.97,9.97,9.97,402
2020-02-25,9.93,10.0,9.93,9.98,51469
2020-02-26,9.98,9.98,9.98,9.98,0
2020-02-27,9.93,9.97,9.91,9.915,37629
2020-02-28,9.63,9.97,9.63,9.97,49961
2020-03-02,10.17,10.17,9.89,9.92,1786
2020-03-03,9.84,9.895,9.84,9.895,693
2020-03-04,9.83,9.95,9.83,9.95,2182
2020-03-05,9.95,10.34,9.94,10.34,4327
2020-03-06,10.0,10.0,9.9,9.94,2625
2020-03-09,9.9,9.9,9.85,9.85,800
2020-03-10,9.85,9.85,9.85,9.85,0
2020-03-11,9.9,9.9,9.9,9.9,294
2020-03-12,9.79,9.79,9.79,9.79,293
2020-03-13,9.79,9.79,9.79,9.79,0
2020-03-16,9.51,9.7,9.35,9.436,405885
2020-03-17,9.4,9.471,9.4,9.471,400
2020-03-18,9.6,9.6,9.2,9.3,320239
2020-03-19,9.2,9.2,9.2,9.2,251496
2020-03-20,9.3,9.31,9.25,9.25,1914
2020-03-23,9.25,9.35,9.24,9.35,527460
2020-03-24,9.77,9.77,9.26,9.523,23316
2020-03-25,9.523,9.523,9.523,9.523,21
2020-03-26,10.08,10.08,9.58,9.61,11218
2020-03-27,9.25,9.65,9.25,9.63,7521
2020-03-30,9.48,9.665,9.48,9.66,2397
2020-03-31,9.68,9.68,9.68,9.68,514
2020-04-01,9.68,9.68,9.68,9.68,6
2020-04-02,9.58,9.76,9.58,9.76,625
2020-04-03,9.603,9.68,9.6,9.68,2606
2020-04-06,9.83,9.83,9.68,9.681,3465
2020-04-07,9.681,9.681,9.681,9.681,106
2020-04-08,9.89,9.89,9.69,9.69,1105
2020-04-09,9.45,9.74,9.45,9.74,1015
2020-04-13,9.55,9.74,9.55,9.74,514
2020-04-14,10.07,10.07,9.75,9.8,4377
2020-04-15,9.47,9.8,9.47,9.8,2155
2020-04-16,9.737,9.8,9.7,9.8,564
2020-04-17,9.84,9.84,9.84,9.84,574
2020-04-20,9.66,9.83,9.66,9.69,625
2020-04-21,9.85,9.85,9.68,9.75,99707
2020-04-22,9.75,9.75,9.75,9.75,21
2020-04-23,10.0,10.0,9.76,9.76,1327
2020-04-24,9.86,9.86,9.86,9.86,200
2020-04-27,9.86,9.86,9.856,9.856,313
2020-04-28,9.89,9.89,9.89,9.89,220
2020-04-29,9.89,9.89,9.89,9.89,542601
2020-04-30,9.89,9.89,9.89,9.89,202
2020-05-01,9.86,9.86,9.824,9.824,318
2020-05-04,9.745,9.745,9.745,9.745,100
2020-05-05,10.0,10.0,9.77,9.77,876
2020-05-06,9.81,9.81,9.81,9.81,208
2020-05-07,9.81,9.81,9.81,9.81,6
2020-05-08,9.7,9.7,9.7,9.7,102
2020-05-11,9.7,9.7,9.7,9.7,0
2020-05-12,9.7,9.79,9.7,9.784,320
2020-05-13,9.8,9.8,9.71,9.71,412
2020-05-14,9.8,9.8,9.72,9.72,8204
2020-05-15,9.72,9.72,9.72,9.72,6
2020-05-18,9.7,9.7,9.7,9.7,104
2020-05-19,9.819,9.819,9.72,9.738,2933
2020-05-20,9.86,9.86,9.71,9.71,310
2020-05-21,9.86,9.86,9.86,9.86,206
2020-05-22,9.7,9.7,9.7,9.7,100
2020-05-26,9.7,9.7,9.7,9.7,0
2020-05-27,9.7,9.7,9.7,9.7,14
2020-05-28,9.86,9.86,9.86,9.86,200
2020-05-29,9.9,9.9,9.86,9.86,948
2020-06-01,9.8,9.94,9.8,9.94,221103
2020-06-02,9.9,9.9,9.9,9.9,104
2020-06-03,9.75,9.82,9.75,9.82,212
2020-06-04,9.82,9.82,9.82,9.82,1
2020-06-05,9.94,9.94,9.87,9.87,1600
2020-06-08,9.84,9.84,9.84,9.84,103
2020-06-09,9.75,9.75,9.75,9.75,104
2020-06-10,9.75,9.8,9.75,9.8,1700
2020-06-11,9.75,9.75,9.75,9.75,100
2020-06-12,9.75,9.75,9.75,9.75,100
2020-06-15,9.75,9.75,9.75,9.75,100
2020-06-16,9.75,9.79,9.75,9.79,1646
2020-06-17,9.77,9.85,9.77,9.85,6201
2020-06-18,9.85,9.85,9.85,9.85,121
2020-06-19,9.87,9.9,9.82,9.85,94041
2020-06-22,9.85,9.85,9.85,9.85,45
2020-06-23,9.92,9.92,9.89,9.92,28299
2020-06-24,9.86,9.93,9.86,9.93,10569
2020-06-25,9.87,9.92,9.87,9.9,25701
2020-06-26,9.88,9.91,9.88,9.88,112043
2020-06-29,9.88,9.93,9.88,9.915,8520
2020-06-30,9.88,9.94,9.88,9.91,107484
2020-07-01,9.88,9.95,9.88,9.925,5454
2020-07-02,9.88,9.88,9.88,9.88,110
2020-07-06,9.89,9.931,9.89,9.9,32830
2020-07-07,9.9,9.9,9.9,9.9,451
2020-07-08,9.9,9.95,9.9,9.94,15301
2020-07-09,9.92,9.97,9.92,9.97,362
2020-07-10,10.0,10.0,9.98,9.98,6569
2020-07-13,9.92,9.965,9.92,9.965,518024
2020-07-14,9.96,10.0,9.945,9.96,42225
2020-07-15,10.0,10.0,9.95,9.96,68995
2020-07-16,9.96,10.0,9.96,9.988,1193
2020-07-17,10.0,10.0,10.0,10.0,417
2020-07-20,10.0,10.0,9.96,9.98,6049
2020-07-21,10.0,10.0,9.98,9.99,28286
2020-07-22,9.95,9.975,9.95,9.975,2085
2020-07-23,9.97,9.98,9.96,9.98,39307
2020-07-24,9.98,9.9999,9.98,9.98,158376
2020-07-27,9.97,10.0,9.97,9.98,13175
2020-07-28,9.9899,9.99,9.9875,9.99,15448
2020-07-29,9.99,10.0,9.98,9.99,147101
2020-07-30,9.98,9.9801,9.98,9.9801,658
2020-07-31,9.97,9.99,9.97,9.9703,42517
2020-08-03,9.95,10.01,9.95,10.0,13415
2020-08-04,9.98,9.98,9.9601,9.9601,5007
2020-08-05,10.05,10.05,9.96,9.96,180202
2020-08-06,9.95,9.96,9.95,9.96,1406
2020-08-07,9.95,9.95,9.95,9.95,5121
2020-08-10,9.95,9.96,9.95,9.95,388520
2020-08-11,9.94,9.94,9.94,9.94,10107
2020-08-12,9.94,9.9534,9.94,9.94,14868
2020-08-13,9.94,9.94,9.94,9.94,102
2020-08-14,9.94,9.94,9.94,9.94,4618
2020-08-17,9.98,9.98,9.955,9.955,2879
2020-08-18,9.99,9.99,9.99,9.99,1124
2020-08-19,9.99,9.99,9.9,9.9,46948
2020-08-20,9.99,9.99,9.9,9.9,633
2020-08-21,9.88,9.9,9.87,9.87,66065
2020-08-24,9.87,9.88,9.87,9.87,110595
2020-08-25,9.93,9.93,9.87,9.87,30800
2020-08-26,9.95,9.95,9.95,9.95,202
2020-08-27,9.95,9.95,9.95,9.95,10
2020-08-28,9.95,9.95,9.95,9.95,2
2020-08-31,9.95,9.95,9.95,9.95,26
2020-09-01,9.9,9.9,9.88,9.88,3984
2020-09-02,9.9,9.95,9.87,9.95,10271
2020-09-03,9.99,9.99,9.96,9.96,711
2020-09-04,9.96,9.96,9.96,9.96,0
2020-09-08,9.95,9.9892,9.938,9.945,38138
2020-09-09,9.95,9.95,9.935,9.935,498
2020-09-10,10.0,10.0,9.89,9.905,149349
2020-09-11,9.95,9.95,9.895,9.895,732157
2020-09-14,9.9,10.02,9.9,9.9399,324051
2020-09-15,9.9,9.9,9.8901,9.8901,1153
2020-09-16,9.91,9.91,9.91,9.91,25302
2020-09-17,9.89,9.92,9.87,9.92,2334
2020-09-18,9.94,10.0,9.94,9.99,56061
2020-09-21,9.99,10.0,9.92,9.96,28627
2020-09-22,9.93,9.95,9.9,9.91,108210
2020-09-23,9.91,9.95,9.87,9.93,331413
2020-09-24,9.95,9.952,9.925,9.952,6671
2020-09-25,9.93,9.93,9.9,9.9,1016
2020-09-28,9.95,10.01,9.915,10.01,18826
2020-09-29,10.05,10.05,9.93,9.93,36149
2020-09-30,9.92,9.95,9.9,9.9,10571
2020-10-01,9.95,9.98,9.9,9.98,10785
2020-10-02,9.98,9.98,9.98,9.98,820
2020-10-05,9.95,9.96,9.943,9.943,11362
2020-10-06,9.95,9.95,9.935,9.935,2281
2020-10-07,9.94,9.94,9.94,9.94,1351
2020-10-08,9.9,9.9,9.9,9.9,10814
2020-10-09,9.9,9.9,9.9,9.9,20
2020-10-12,9.98,9.98,9.9342,9.9342,726
2020-10-13,9.98,9.98,9.9,9.915,2770
2020-10-14,9.98,9.98,9.98,9.98,100
2020-10-15,9.9522,9.956,9.92,9.92,6101
2020-10-16,9.94,9.94,9.94,9.94,200
2020-10-19,9.94,9.94,9.9,9.9,5119
2020-10-20,9.9,9.9,9.9,9.9,0
2020-10-21,9.9,9.9,9.84,9.85,12312
2020-10-22,9.82,9.863,9.81,9.863,735
2020-10-23,9.83,9.83,9.8,9.8,1424
2020-10-26,9.85,9.8798,9.845,9.8798,10853
2020-10-27,9.9,9.9,9.86,9.88,2366
2020-10-28,9.8193,9.825,9.79,9.79,22039
2020-10-29,9.88,9.885,9.81,9.88,68347
2020-10-30,9.88,9.88,9.8,9.86,46397
2020-11-02,9.9,9.92,9.83,9.85,10871
2020-11-03,9.93,9.93,9.8,9.82,863
2020-11-04,9.82,9.96,9.82,9.95,521
2020-11-05,9.91,9.91,9.82,9.82,5005
2020-11-06,9.82,9.82,9.82,9.82,200
2020-11-09,9.83,9.83,9.82,9.82,506
2020-11-10,9.83,9.83,9.82,9.8205,7276
2020-11-11,9.9,9.92,9.9,9.9,2260
2020-11-12,9.9,9.9,9.9,9.9,0
2020-11-13,9.8792,9.8792,9.8792,9.8792,3462
2020-11-16,9.8792,9.8792,9.8792,9.8792,0
2020-11-17,9.8792,9.8792,9.8792,9.8792,94
2020-11-18,9.8792,9.8792,9.8792,9.8792,20
2020-11-19,9.88,9.9,9.88,9.9,152090
2020-11-20,9.9148,9.9148,9.914,9.914,6000
2020-11-23,9.925,9.95,9.9245,9.9245,2632
2020-11-24,9.95,10.04,9.95,10.02,27351
2020-11-25,10.01,10.291,10.0,10.02,59868
2020-11-27,10.04,10.11,10.01,10.03,204606
2020-11-30,10.075,10.1353,10.06,10.09,184593
2020-12-01,10.09,10.09,10.05,10.06,22792
2020-12-02,10.07,10.14,10.07,10.09,70078
2020-12-03,10.09,10.14,10.05,10.1,1084080
2020-12-04,10.13,10.13,10.09,10.1299,180569
2020-12-07,10.08,10.15,10.08,10.1,2736
2020-12-08,10.09,10.09,10.0649,10.09,12128
2020-12-09,10.11,10.11,10.08,10.09,516429
2020-12-10,10.09,10.0999,10.0649,10.07,4253
2020-12-11,10.07,10.09,10.03,10.07,14581
2020-12-14,10.16,10.16,10.07,10.07,6154
2020-12-15,10.05,10.05,10.05,10.05,1065
2020-12-16,10.1,10.1,10.05,10.0511,2674
2020-12-17,10.13,10.19,10.1,10.18,34293
2020-12-18,10.1561,10.17,10.15,10.15,9938
2020-12-21,10.18,10.18,9.99,10.17,35652
2020-12-22,10.19,10.2,10.04,10.2,20916
2020-12-23,10.16,10.2506,10.16,10.2,24264
2020-12-24,10.26,10.2799,10.21,10.21,450
2020-12-28,10.2,10.25,10.2,10.25,4956
2020-12-29,10.275,10.275,10.2,10.2,3168
2020-12-30,10.1,10.25,10.0,10.22,30659
2020-12-31,10.17,10.25,10.17,10.2,31210
2021-01-04,10.29,10.4,10.24,10.31,227338
2021-01-05,10.31,10.3429,10.31,10.33,2049
2021-01-06,10.29,10.36,10.29,10.32,37010
2021-01-07,10.4,10.4,10.33,10.34,6114
2021-01-08,10.35,10.35,10.27,10.27,26584
2021-01-11,10.2301,10.2817,10.2301,10.28,23085
2021-01-12,10.28,10.28,10.2502,10.27,4072
2021-01-13,10.29,10.4,10.29,10.4,82681
2021-01-14,10.4,10.49,10.35,10.39,118317
2021-01-15,10.42,10.55,10.42,10.45,54557
2021-01-19,10.4,10.4,10.32,10.33,145612
2021-01-20,10.37,10.38,10.35,10.37,3529
2021-01-21,10.46,10.46,10.34,10.4,64053
2021-01-22,10.49,10.5,10.38,10.38,19623
2021-01-25,10.38,10.49,10.3685,10.46,8835
2021-01-26,10.45,10.5,10.4,10.4,47538
2021-01-27,10.31,10.31,10.12,10.2,86172
2021-01-28,10.2,10.235,10.17,10.2,13661
2021-01-29,10.15,10.2,10.0999,10.16,302173
2021-02-01,10.18,10.29,10.18,10.29,12878
2021-02-02,10.26,10.49,10.26,10.3,54212
2021-02-03,10.39,10.39,10.25,10.25,35978
2021-02-04,10.3,10.46,10.28,10.43,5395
2021-02-05,10.49,10.49,10.32,10.355,7144
2021-02-08,10.46,10.46,10.26,10.31,71644
2021-02-09,10.34,10.48,10.34,10.44,3148
2021-02-10,10.5,10.5,10.32,10.397,50067
2021-02-11,10.36,10.396,10.33,10.36,15899
2021-02-12,10.32,10.39,10.32,10.367,345114
2021-02-16,10.395,10.3989,10.32,10.32,1936
2021-02-17,10.3668,10.37,10.35,10.35,11359
2021-02-18,10.35,10.45,10.35,10.45,11989
2021-02-19,10.5,10.5,10.35,10.36,4722
2021-02-22,10.3,10.48,10.3,10.415,2140
2021-02-23,10.3,10.39,10.28,10.39,11647
2021-02-24,10.31,10.43,10.31,10.35,26343
2021-02-25,10.27,10.42,10.1524,10.36,62399
2021-02-26,10.32,10.42,10.14,10.3,61756
2021-03-01,10.4,10.4,10.07,10.1,17196
2021-03-02,10.204,10.204,9.9,9.91,16678
2021-03-03,10.01,10.06,10.0,10.0,16230
2021-03-04,10.09,10.09,9.9701,10.035,1789
2021-03-05,9.97,10.22,9.95,10.22,18895
2021-03-08,10.16,10.16,9.97,10.16,13552
2021-03-09,9.97,10.14,9.97,10.14,28332
2021-03-10,10.16,10.16,9.99,10.05,16233
2021-03-11,9.99,10.05,9.99,10.05,638
2021-03-12,9.99,10.02,9.95,10.02,14090
2021-03-15,10.1,10.1,9.97,10.01,18300
2021-03-16,10.0,10.01,9.98,10.01,39031
2021-03-17,9.96,10.0,9.96,9.99,809363
2021-03-18,9.989,9.9912,9.9863,9.99,17327
2021-03-19,9.985,9.99,9.98,9.99,186001
2021-03-22,9.99,9.99,9.99,9.99,214943
2021-03-23,9.9864,9.9864,9.96,9.98,32540
2021-03-24,9.9601,9.98,9.94,9.945,427952
2021-03-25,9.94,10.06,9.92,10.01,177079
2021-03-26,10.0,10.02,10.0,10.02,5619
2021-03-29,9.95,9.97,9.9309,9.97,314
2021-03-30,9.98,9.99,9.97,9.98,53042
2021-03-31,9.99,10.0,9.96,10.0,102628
2021-04-01,10.021,10.0267,10.0,10.0,2703
2021-04-05,9.97,10.01,9.97,10.0,26936
2021-04-06,10.06,10.06,10.0,10.0,1145
2021-04-07,10.0,10.02,10.0,10.01,13689
2021-04-08,10.02,10.07,10.02,10.02,35529
2021-04-09,10.0,10.05,9.9993,10.05,52940
2021-04-12,10.0,10.07,10.0,10.07,253
2021-04-13,10.05,10.05,10.0,10.05,22044
2021-04-14,10.04,10.05,10.04,10.05,641
2021-04-15,10.08,10.08,10.08,10.08,101
2021-04-16,10.05,10.05,10.0146,10.05,6449
2021-04-19,10.01,10.05,10.01,10.05,469
2021-04-20,10.02,10.02,10.0,10.0,2838
2021-04-21,10.0,10.0,9.99,10.0,144346
2021-04-22,10.0,10.01,10.0,10.01,2011
2021-04-23,10.02,10.16,10.01,10.0701,108205
2021-04-26,10.08,10.08,10.05,10.08,103106
2021-04-27,10.0717,10.0717,10.07,10.07,13756
2021-04-28,10.08,10.09,10.02,10.02,1658662
2021-04-29,10.16,10.22,10.08,10.13,2635888
2021-04-30,10.19,10.2,10.13,10.18,994644
2021-05-03,10.19,10.2,10.12,10.17,586834
2021-05-04,10.1,10.2,10.02,10.04,225967
2021-05-05,10.09,10.1,9.96,10.04,341400
2021-05-06,10.06,10.06,9.97,9.99,241116
2021-05-07,10.02,10.02,9.99,10.01,47337
2021-05-10,10.02,10.05,9.995,10.0,147539
2021-05-11,9.98,10.0,9.96,9.97,250364
2021-05-12,9.97,9.99,9.95,9.95,106052
2021-05-13,9.96,10.0,9.94,9.97,73818
2021-05-14,9.97,9.98,9.94,9.95,86877
2021-05-17,9.96,9.97,9.94,9.96,161719
2021-05-18,10.35,10.36,10.09,10.13,953632
2021-05-19,10.18,10.18,10.08,10.09,277045
2021-05-20,10.13,10.14,10.11,10.13,139699
2021-05-21,10.14,10.15,10.11,10.12,110707
2021-05-24,10.17,10.17,10.0841,10.1,261270
2021-05-25,10.11,10.12,10.075,10.09,100696
2021-05-26,10.11,10.12,10.08,10.09,208596
2021-05-27,10.12,10.12,10.07,10.08,104351
2021-05-28,10.12,10.12,10.1,10.11,60460
2021-06-01,10.14,10.16,10.08,10.11,127588
2021-06-02,10.12,10.1299,10.1,10.1,49360
2021-06-03,10.1,10.1,10.07,10.09,49015
2021-06-04,10.09,10.09,10.06,10.07,43567
2021-06-07,10.09,10.09,10.01,10.06,97591
2021-06-08,10.09,10.09,10.0,10.05,43368
2021-06-09,10.05,10.05,10.0,10.01,82621
2021-06-10,10.0,10.02,10.0,10.02,46038
2021-06-11,10.03,10.03,9.99,10.01,113755
2021-06-14,10.02,10.02,10.0,10.02,26882
2021-06-15,10.01,10.02,9.98,10.0,83870
2021-06-16,10.02,10.02,9.98,10.0,378364
2021-06-17,9.98,10.01,9.98,10.01,904477
2021-06-18,10.0,10.01,9.98,10.0,202285
2021-06-21,10.0,10.0,9.99,10.0,304904
2021-06-22,10.0,10.005,9.99,10.0,139352
2021-06-23,10.01,10.01,9.99,10.01,65109
2021-06-24,10.0,10.01,9.99,9.99,135424
2021-06-25,10.01,10.01,9.99,10.01,19453
2021-06-28,10.0,10.02,10.0,10.02,45955
2021-06-29,10.0,10.03,10.0,10.01,14258
2021-06-30,10.0,10.01,9.99,10.0,60682
2021-07-01,10.04,10.04,10.015,10.03,32402
2021-07-02,10.05,10.05,10.01,10.03,32377
2021-07-06,10.05,10.05,10.01,10.03,25670
2021-07-07,10.02,10.03,10.0,10.0,31747
2021-07-08,10.0,10.0199,10.0,10.01,26788
2021-07-09,10.04,10.04,10.01,10.02,26604
2021-07-12,10.02,10.02,10.0,10.02,91178
2021-07-13,10.05,10.05,9.99,10.0,23522
2021-07-14,9.99,10.02,9.99,10.02,17706
2021-07-15,10.0,10.02,10.0,10.015,15844
2021-07-16,10.0,10.02,9.995,10.01,115953
2021-07-19,10.02,10.0275,10.0,10.01,197210
2021-07-20,10.04,10.04,9.99,9.99,165955
2021-07-21,10.0,10.01,9.99,9.99,29624
2021-07-22,9.99,10.0,9.99,9.99,4195
2021-07-23,10.04,10.04,9.99,10.01,44947
2021-07-26,10.0,10.02,10.0,10.01,73532
2021-07-27,10.01,10.01,9.98,9.98,10264
2021-07-28,10.01,10.02,9.981,10.0,28615
2021-07-29,10.01,10.01,9.99,10.0,29679
2021-07-30,9.99,10.0001,9.99,10.0,24457
2021-08-02,10.0,10.03,10.0,10.03,96314
2021-08-03,10.0,10.03,9.9983,10.03,6735
2021-08-04,10.04,10.04,10.0001,10.03,17648
2021-08-05,10.01,10.03,10.0001,10.03,6880
2021-08-06,10.03,10.03,10.01,10.03,9491
2021-08-09,10.02,10.03,10.01,10.01,25176
2021-08-10,10.0,10.02,10.0,10.01,4669
2021-08-11,10.02,10.04,10.0001,10.04,109323
2021-08-12,10.01,10.04,10.01,10.04,25602
2021-08-13,10.01,10.03,10.01,10.02,8370
2021-08-16,10.0,10.05,10.0,10.02,15087
2021-08-17,10.02,10.049,10.02,10.03,14714
2021-08-18,10.03,10.0499,10.02,10.03,20824
2021-08-19,10.04,10.04,10.01,10.01,28679
2021-08-20,10.05,10.05,10.01,10.01,13066
2021-08-23,10.03,10.04,10.01,10.02,16653
2021-08-24,10.04,10.04,10.01,10.02,15991
2021-08-25,10.03,10.05,10.02,10.05,106354
2021-08-26,10.07,10.07,10.03,10.03,12295
2021-08-27,10.04,10.04,10.03,10.03,259739
2021-08-30,10.06,10.06,10.03,10.035,29433
2021-08-31,10.04,10.04,10.03,10.04,6635
2021-09-01,10.03,10.0598,10.03,10.04,8413
2021-09-02,10.05,10.06,10.05,10.06,19378
2021-09-03,10.06,10.06,10.05,10.06,12359
2021-09-07,10.06,10.08,10.05,10.07,47601
2021-09-08,10.08,10.08,10.05,10.055,47417
2021-09-09,10.06,10.08,10.06,10.08,3370
2021-09-10,10.09,10.09,10.065,10.07,44116
2021-09-13,10.06,10.09,10.06,10.09,32712
2021-09-14,10.09,10.09,10.07,10.08,42896
2021-09-15,10.08,10.09,10.0701,10.08,13395
2021-09-16,10.06,10.08,10.06,10.08,9175
2021-09-17,10.07,10.09,10.07,10.08,53665
2021-09-20,10.07,10.0821,10.0622,10.08,52999
2021-09-21,10.09,10.09,10.07,10.08,179885
2021-09-22,10.09,10.09,10.07,10.08,169191
2021-09-23,10.1,10.1,10.0699,10.07,144667
2021-09-24,10.08,10.2,10.06,10.08,250470
2021-09-27,10.17,10.44,9.99,10.07,258216
2021-09-28,10.13,10.79,9.9203,10.64,221174
2021-09-29,10.43,10.43,8.5,8.54,390614
2021-09-30,8.31,8.34,6.9,7.7,194008
2021-10-01,7.7,8.24,7.7,8.18,121083
2021-10-04,8.27,8.29,7.81,8.19,259339
2021-10-05,8.3,8.76,8.3,8.53,178719
2021-10-06,8.53,8.53,7.5,7.65,106489
2021-10-07,7.54,7.73,7.45,7.73,149852
2021-10-08,7.71,7.71,7.0,7.3,133863
2021-10-11,7.23,7.57,7.23,7.56,35625
2021-10-12,7.69,8.2,7.48,7.55,167688
2021-10-13,7.5,7.88,7.27,7.28,53265
2021-10-14,7.47,8.24,7.36,7.53,159571
2021-10-15,7.53,7.74,6.7518,7.41,385780
2021-10-18,7.75,8.11,7.43,7.465,132698
2021-10-19,7.72,7.77,7.1,7.15,105523
2021-10-20,7.19,11.87,7.19,10.83,9283773
2021-10-21,11.63,12.81,8.54,9.58,5337298
2021-10-22,8.61,9.0,7.72,8.23,769228
2021-10-25,8.3,8.49,7.11,7.14,859967
2021-10-26,8.3,10.43,7.77,7.86,2145184
2021-10-27,7.75,7.9799,7.2,7.33,550761
2021-10-28,7.3,7.47,7.06,7.24,295989
2021-10-29,7.24,7.41,7.06,7.35,160325
2021-11-01,7.35,7.4,6.91,7.16,299429
2021-11-02,7.16,7.25,6.8,6.86,228547
2021-11-03,6.91,7.2999,6.9,7.2,175559
2021-11-04,7.3,7.71,7.29,7.6,171759
2021-11-05,7.7,7.82,7.16,7.23,193032
2021-11-08,7.17,7.46,7.02,7.25,136984
2021-11-09,7.16,7.46,6.86,7.24,178082
2021-11-10,7.1,7.2,6.81,6.9,149349
2021-11-11,7.26,7.26,6.51,6.72,189955
2021-11-12,6.68,6.89,6.2063,6.45,183819
2021-11-15,6.51,6.8925,6.49,6.86,158587
2021-11-16,6.05,6.3899,5.76,6.24,360019
2021-11-17,6.29,6.34,5.9,6.15,178417
2021-11-18,6.0,6.22,5.85,5.89,237081
2021-11-19,5.8,5.97,5.45,5.5,247468
2021-11-22,5.5,5.6,4.65,4.96,374466
2021-11-23,5.07,5.07,4.4,4.52,452273
2021-11-24,4.41,4.82,4.36,4.7,300076
2021-11-26,4.66,4.96,4.56,4.85,149347
2021-11-29,5.0,5.0,4.33,4.58,352954
2021-11-30,4.55,6.04,4.2,4.26,3102688
2021-12-01,4.25,4.39,3.87,3.87,819551
2021-12-02,3.96,4.21,3.47,3.85,2603506
2021-12-03,4.01,4.0427,3.6,3.6,480828
2021-12-06,3.68,3.84,3.48,3.53,457027
2021-12-07,3.61,3.8368,3.58,3.62,298172
2021-12-08,3.68,3.7837,3.61,3.69,365771
2021-12-09,3.69,3.9,3.69,3.8,364846
2021-12-10,3.79,3.92,3.6,3.6,221071
2021-12-13,3.72,3.73,3.52,3.53,240390
2021-12-14,3.5,3.6,3.36,3.4,153077
2021-12-15,3.44,3.62,3.4156,3.62,236905
2021-12-16,3.69,3.91,3.52,3.64,444425
2021-12-17,3.64,3.93,3.6,3.63,783902
2021-12-20,3.64,3.69,3.39,3.6,597326
2021-12-21,3.7,3.78,3.57,3.74,742484
2021-12-22,3.73,3.81,3.66,3.74,222077
2021-12-23,3.72,3.81,3.63,3.68,202628
2021-12-27,3.75,3.97,3.54,3.91,452959
2021-12-28,3.95,3.96,3.74,3.88,358781
2021-12-29,3.92,4.16,3.74,4.09,383474
2021-12-30,4.0,4.08,3.69,3.73,250430
2021-12-31,3.73,3.75,3.47,3.71,471891
2022-01-03,3.71,3.77,3.52,3.77,205547
2022-01-04,3.75,3.75,3.4,3.46,154408
2022-01-05,3.42,3.43,3.11,3.13,337650
2022-01-06,3.1,3.235,3.04,3.04,147717
2022-01-07,3.06,3.09,2.91,2.98,160368
2022-01-10,2.89,2.91,2.75,2.76,269727
2022-01-11,2.76,2.94,2.68,2.83,342588
2022-01-12,2.93,2.93,2.77,2.84,231325
2022-01-13,2.86,2.94,2.68,2.71,139872
2022-01-14,2.7,2.73,2.47,2.51,377206
2022-01-18,2.63,2.63,2.46,2.53,183459
2022-01-19,2.595,2.69,2.41,2.56,534761
2022-01-20,2.56,2.835,2.53,2.78,297196
2022-01-21,2.71,3.18,2.65,3.16,673625
2022-01-24,3.21,3.21,2.86,3.11,408248
2022-01-25,3.1,3.1,2.85,3.01,224733
2022-01-26,3.02,3.05,2.94,3.01,137098
2022-01-27,3.025,3.03,2.9,3.02,178390
2022-01-28,2.97,3.17,2.88,3.17,174198
2022-01-31,3.16,3.2488,3.11,3.2,128715
2022-02-01,3.23,3.24,3.13,3.17,123312
2022-02-02,3.23,3.23,3.0,3.04,109684
2022-02-03,3.0,3.04,2.93,3.01,557259
2022-02-04,2.96,3.07,2.88,3.05,123132
2022-02-07,3.05,3.275,3.01,3.22,106265
2022-02-08,3.19,3.58,3.15,3.57,132612
2022-02-09,3.7,3.72,3.5,3.7,111182
2022-02-10,3.7,3.79,3.59,3.71,173635
2022-02-11,3.66,3.76,3.38,3.41,142932
2022-02-14,3.37,3.48,3.37,3.38,83312
2022-02-15,3.37,3.49,3.3501,3.45,84022
2022-02-16,3.48,3.48,3.29,3.34,71106
2022-02-17,3.51,3.69,3.45,3.63,251788
2022-02-18,3.79,3.82,3.5,3.67,153034
2022-02-22,3.7,3.75,3.35,3.42,127024
2022-02-23,3.46,3.51,3.25,3.33,112447
2022-02-24,3.0,3.82,2.93,3.57,247103
2022-02-25,3.57,3.649,3.4001,3.47,66267
2022-02-28,3.47,3.47,3.2,3.27,104758
2022-03-01,3.32,3.3899,3.16,3.22,51253
2022-03-02,3.21,3.33,3.09,3.13,81622
2022-03-03,3.12,3.2191,2.79,2.9,94148
2022-03-04,2.87,2.94,2.545,2.58,252956
2022-03-07,2.53,2.5691,2.42,2.42,98822
2022-03-08,2.41,2.62,2.3551,2.53,77710
2022-03-09,2.58,2.7865,2.49,2.7,90315
2022-03-10,2.65,2.68,2.51,2.53,78629
2022-03-11,2.51,2.5294,2.31,2.35,93181
2022-03-14,2.4,2.42,2.16,2.24,197469
2022-03-15,2.24,2.31,2.11,2.13,262176
2022-03-16,2.16,2.2763,2.11,2.19,126717
2022-03-17,2.22,2.4099,2.15,2.35,98892
2022-03-18,2.5,2.72,2.44,2.51,200602
2022-03-21,2.57,2.63,2.41,2.44,102801
2022-03-22,2.5,2.6628,2.45,2.59,83022
2022-03-23,2.52,2.73,2.52,2.61,46776
2022-03-24,2.67,2.72,2.56,2.65,70403
2022-03-25,2.7,2.73,2.5,2.56,71264
2022-03-28,2.6,2.7,2.5224,2.68,77383
2022-03-29,2.68,2.89,2.6559,2.83,80010
2022-03-30,2.85,3.18,2.7927,3.0,158998
2022-03-31,2.94,2.965,2.7,2.86,181202
2022-04-01,2.82,2.82,2.21,2.26,253718
2022-04-04,2.28,2.29,2.2,2.27,217159
2022-04-05,2.28,2.3392,2.2,2.2,87767
2022-04-06,2.3,2.36,2.19,2.27,71909
2022-04-07,2.27,2.47,2.24,2.45,108811
2022-04-08,2.5,2.5,2.19,2.37,198615
2022-04-11,2.4,2.4,2.26,2.28,64066
2022-04-12,2.29,2.35,2.21,2.31,115709
2022-04-13,2.26,2.4,2.21,2.33,614562
2022-04-14,2.31,2.58,2.31,2.55,366924
2022-04-18,2.52,2.83,2.46,2.8,626163
2022-04-19,2.75,2.83,2.65,2.8,281209
2022-04-20,2.8,2.8,2.59,2.6,329478
2022-04-21,2.62,2.6498,2.32,2.36,80221
2022-04-22,2.41,2.43,2.3,2.3,42630
2022-04-25,2.29,2.37,2.06,2.12,152829
2022-04-26,2.13,2.1499,2.05,2.08,99774
2022-04-27,2.04,2.07,1.88,1.92,97951
2022-04-28,1.92,1.98,1.8637,1.87,82148
2022-04-29,1.9,1.95,1.8,1.9,89298
2022-05-02,1.95,2.04,1.87,1.87,93000
2022-05-03,1.85,1.89,1.81,1.81,65614
2022-05-04,1.81,1.82,1.62,1.68,103983
2022-05-05,1.76,1.86,1.73,1.83,66463
2022-05-06,1.8,1.87,1.75,1.81,83533
2022-05-09,1.83,1.83,1.65,1.66,333007
2022-05-10,1.65,1.71,1.4701,1.55,267044
2022-05-11,1.55,1.6,1.5,1.5,106437
2022-05-12,1.43,1.54,1.37,1.52,107865
2022-05-13,1.6,1.72,1.6,1.65,103261
2022-05-16,1.75,1.75,1.65,1.67,82900
2022-05-17,1.71,1.7199,1.6,1.68,84777
2022-05-18,1.66,1.73,1.66,1.67,28918
2022-05-19,1.63,1.71,1.53,1.54,88104
2022-05-20,1.6,1.635,1.56,1.57,187646
2022-05-23,1.61,1.71,1.57,1.71,50075
2022-05-24,1.65,1.7,1.57,1.6,36908
2022-05-25,1.57,1.7,1.57,1.66,20935
2022-05-26,1.7,1.75,1.61,1.65,82437
2022-05-27,1.6954,1.7,1.64,1.67,104500
2022-05-31,1.68,1.7,1.63,1.63,46724
2022-06-01,1.67,1.7,1.56,1.58,33668
2022-06-02,1.62,1.63,1.57,1.59,113236
2022-06-03,1.55,1.62,1.55,1.59,38440
2022-06-06,1.6,1.63,1.53,1.55,44595
2022-06-07,1.55,1.6,1.55,1.57,21893
2022-06-08,1.565,1.59,1.54,1.58,37292
2022-06-09,1.548,1.5817,1.52,1.53,31359
2022-06-10,1.52,1.54,1.4,1.41,74339
2022-06-13,1.37,1.38,1.21,1.22,109740
2022-06-14,1.2,1.2,1.18,1.18,61897
2022-06-15,1.17,1.3,1.17,1.25,57743
2022-06-16,1.31,1.31,1.14,1.14,64699
2022-06-17,1.15,1.195,1.07,1.07,90750
2022-06-21,1.09,1.2,1.09,1.11,194914
2022-06-22,1.1,1.15,1.09,1.09,93526
2022-06-23,1.1,1.16,1.09,1.15,86497
2022-06-24,1.19,1.19,1.12,1.17,165079
2022-06-27,1.15,1.2799,1.145,1.26,90429
2022-06-28,1.25,1.31,1.21,1.23,40406
2022-06-29,1.16,1.2281,1.13,1.13,38889
2022-06-30,1.15,1.1764,1.1,1.17,25687
2022-07-01,1.17,1.22,1.17,1.19,208034
2022-07-05,1.24,1.24,1.19,1.19,57103
2022-07-06,1.17,1.265,1.16,1.23,46514
2022-07-07,1.21,1.29,1.2,1.24,72544
2022-07-08,1.24,1.35,1.24,1.29,60124
2022-07-11,1.3,1.3079,1.25,1.26,62842
2022-07-12,1.31,1.31,1.2,1.21,32016
2022-07-13,1.2248,1.25,1.18,1.2,24920
2022-07-14,1.17,1.21,1.11,1.12,167810
2022-07-15,1.15,1.17,0.933,0.9415,356927
2022-07-18,0.9899,0.99,0.9552,0.96,137856
2022-07-19,0.9896,1.008,0.96,0.9852,118387
2022-07-20,0.9783,0.985,0.95,0.965,209434
2022-07-21,1.06,1.06,0.9208,0.9296,266575
2022-07-22,0.9393,0.967,0.85,0.8705,215513
2022-07-25,0.8787,0.9,0.8782,0.8946,181525
2022-07-26,0.8644,0.907,0.8644,0.8903,199796
2022-07-27,0.9,0.91,0.88,0.8959,120462
2022-07-28,0.92,0.9527,0.9,0.9,358127
2022-07-29,0.9,0.92,0.853,0.856,186651
2022-08-01,0.9399,0.9399,0.88,0.8919,76103
2022-08-02,0.9263,0.94,0.8233,0.8769,173679
2022-08-03,0.8689,0.935,0.8409,0.8711,492526
2022-08-04,0.9099,0.9099,0.86,0.88,236964
2022-08-05,0.88,0.88,0.8233,0.8699,191116
2022-08-08,0.8753,0.9089,0.8641,0.9084,973331
2022-08-09,0.93,0.94,0.85,0.9,810749
2022-08-10,0.9343,0.967,0.89,0.9301,274941
2022-08-11,0.96,0.9966,0.94,0.97,342823
2022-08-12,1.01,1.23,0.9033,0.9441,181996
2022-08-15,0.9547,0.9667,0.9033,0.9402,285209
2022-08-16,0.99,1.04,0.921,0.9349,479502
2022-08-17,0.95,0.97,0.91,0.9426,218176
2022-08-18,0.96,0.9699,0.889975,0.9201,1595132
2022-08-19,0.91,0.92,0.89,0.9101,259116
2022-08-22,0.9055,0.910001,0.84,0.84,312046
2022-08-23,0.88,0.9059,0.844,0.85,270974
2022-08-24,0.86,0.909899,0.846,0.85,190613
2022-08-25,0.84,0.8999,0.84,0.866,67078
2022-08-26,0.8799,0.89,0.85,0.86,138143
2022-08-29,0.852,0.885,0.85,0.8675,111357
2022-08-30,0.8611,0.91,0.85,0.87,64622
2022-08-31,0.85,0.89,0.85,0.8544,36988
2022-09-01,0.87,0.8889,0.8333,0.863,212759
2022-09-02,0.866,0.8669,0.8339,0.8426,25932
2022-09-06,0.83,0.88,0.83,0.8364,158073
2022-09-07,0.83,0.87,0.83,0.8417,93686
2022-09-08,0.8699,0.87,0.8333,0.8352,186908
2022-09-09,0.83,0.86,0.8064,0.8218,154260
2022-09-12,0.8299,0.83,0.82,0.82,106039
2022-09-13,0.8001,0.83,0.8001,0.81,43067
2022-09-14,0.81,0.855,0.81,0.8275,73774
2022-09-15,0.81,0.85,0.81,0.8355,112694
2022-09-16,0.82,0.85,0.75,0.75,212203
2022-09-19,0.79,0.812,0.7,0.7633,517200
2022-09-20,0.7575,0.797,0.72,0.7425,128837
2022-09-21,0.7,0.737999,0.6829,0.71,147003
2022-09-22,0.6904,0.7075,0.68,0.6874,94856
2022-09-23,0.7099,0.7099,0.66,0.6737,137990
2022-09-26,0.65,0.7099,0.6198,0.6567,224002
2022-09-27,0.6799,0.71,0.66,0.6601,103538
2022-09-28,0.66,0.699899,0.6417,0.67,286183
2022-09-29,0.6999,0.6999,0.63,0.6336,90916
2022-09-30,0.64,0.65,0.621,0.6241,91793
2022-10-03,0.621,0.661,0.6177,0.6486,85817
2022-10-04,0.6999,0.7,0.6418,0.65,99971
2022-10-05,0.67,0.6797,0.6533,0.6618,71762
2022-10-06,0.68,0.6983,0.649,0.6649,59674
2022-10-07,0.63,0.65,0.62,0.62,67342
2022-10-10,0.7,0.7,0.65,0.6848,150592
2022-10-11,0.66,0.67,0.63,0.64,162690
2022-10-12,0.65,0.7423,0.5735,0.6069,1298604
2022-10-13,0.6499,0.6499,0.59,0.6246,63931
2022-10-14,0.63,0.65,0.605,0.611,36402
2022-10-17,0.6,0.6498,0.58,0.6,435886
2022-10-18,0.6299,0.6336,0.58,0.6179,216940
2022-10-19,0.6,0.629999,0.58,0.59,75934
2022-10-20,0.6,0.615,0.59,0.6059,50035
2022-10-21,0.6299,0.6538,0.6,0.6301,203571
2022-10-24,0.6624,0.6624,0.631,0.64,151542
2022-10-25,0.658,0.665,0.6326,0.6389,255568
2022-10-26,0.65,0.66,0.6207,0.6385,82808
2022-10-27,0.64,0.656535,0.6225,0.6322,136392
2022-10-28,0.635,0.6659,0.635,0.6376,90149
2022-10-31,0.6928,0.694,0.64,0.643,34091
2022-11-01,0.6999,0.6999,0.6134,0.6363,87889
2022-11-02,0.6172,0.6474,0.59,0.5925,99858
2022-11-03,0.6299,0.6492,0.59,0.6126,44276
2022-11-04,0.6694,0.6694,0.5954,0.6166,161008
2022-11-07,0.62,0.6401,0.595,0.6035,39150
2022-11-08,0.6,0.6,0.57,0.5947,172286
2022-11-09,0.5769,0.6042,0.535,0.5545,105003
2022-11-10,0.5601,0.5999,0.5426,0.5714,92452
2022-11-11,0.59,0.6317,0.56,0.5927,216251
2022-11-14,0.6399,0.6399,0.5688,0.5842,200049
2022-11-15,0.68,0.6816,0.6,0.6647,225934
2022-11-16,0.62,0.6988,0.62,0.65,123001
2022-11-17,0.6305,0.6599,0.5801,0.5982,177349
2022-11-18,0.5836,0.62,0.56,0.5898,101872
2022-11-21,0.6,0.6363,0.549,0.55,251997
2022-11-22,0.599,0.599,0.52,0.546,288992
2022-11-23,0.55,0.5813,0.55,0.5644,59952
