2019-01-04,4.49,5.99,4.4,5.74,41490
2019-01-07,6.8,6.8,5.685,6.11,26502
2019-01-08,6.45,7.0,6.05,6.51,22618
2019-01-09,6.75,15.68,6.75,11.95,85387
2019-01-10,17.6,23.35,6.81,7.75,630790
2019-01-11,7.84,7.84,6.15,6.2,267508
2019-01-14,6.21,6.64,5.4,5.55,99859
2019-01-15,5.51,5.79,4.7,5.0,145654
2019-01-16,4.7,5.0,4.53,4.76,124179
2019-01-17,4.55,5.29,4.534,5.0,90110
2019-01-18,4.75,5.08,4.48,4.7,57828
2019-01-22,4.6,4.86,4.3,4.37,50717
2019-01-23,4.19,4.578,3.72,3.94,57313
2019-01-24,3.989,4.06,3.8,3.88,29403
2019-01-25,3.95,4.0,3.72,3.796,21116
2019-01-28,3.72,4.04,3.618,3.79,27721
2019-01-29,3.68,4.27,3.68,4.2,29663
2019-01-30,4.07,8.47,4.015,6.04,5270251
2019-01-31,5.56,7.95,5.56,7.11,3298814
2019-02-01,6.92,8.09,6.302,6.66,893729
2019-02-04,6.6,6.6,5.7,5.76,128000
2019-02-05,5.76,6.746,5.76,6.26,164412
2019-02-06,6.14,6.198,5.9,5.92,32298
2019-02-07,6.07,6.15,5.75,5.88,43674
2019-02-08,5.889,6.1,5.7,5.71,20169
2019-02-11,5.77,6.3,5.76,5.81,55363
2019-02-12,5.84,5.919,5.54,5.61,54856
2019-02-13,5.4,5.65,5.25,5.35,34182
2019-02-14,5.31,5.742,5.174,5.24,39265
2019-02-15,5.42,5.42,5.19,5.25,19940
2019-02-19,5.2658,5.64,5.15,5.33,22721
2019-02-20,5.395,5.44,5.15,5.15,16930
2019-02-21,5.2826,5.2826,5.1601,5.2,9244
2019-02-22,5.2,5.28,4.7297,5.03,39474
2019-02-25,5.26,6.5,5.26,6.3,207173
2019-02-26,6.41,6.93,6.15,6.45,125681
2019-02-27,6.14,6.25,5.67,5.81,46559
2019-02-28,5.73,6.212,5.73,6.21,23701
2019-03-01,6.25,7.23,6.085,7.056,361517
2019-03-04,7.6,7.98,6.8,7.34,214664
2019-03-05,7.47,7.8,7.2,7.79,172344
2019-03-06,7.51,7.9,7.0,7.12,209594
2019-03-07,7.3,7.499,5.76,6.19,210281
2019-03-08,6.0,7.1,6.0,6.74,275766
2019-03-11,6.74,6.808,6.41,6.75,176975
2019-03-12,6.48,6.638,6.287,6.44,220821
2019-03-13,6.5,6.75,6.34,6.39,173214
2019-03-14,6.5,6.7,6.29,6.38,186074
2019-03-15,6.44,6.5,6.15,6.3,136312
2019-03-18,6.3,6.99,6.3,6.96,233355
2019-03-19,7.08,7.08,6.42,6.42,219661
2019-03-20,6.57,6.6,6.15,6.16,273709
2019-03-21,6.11,6.25,6.03,6.15,216971
2019-03-22,6.18,6.549,6.02,6.13,359120
2019-03-25,6.15,6.379,6.0,6.32,196382
2019-03-26,6.16,6.53,6.08,6.38,234009
2019-03-27,8.56,9.24,6.24,6.65,695580
2019-03-28,6.65,6.86,6.38,6.6,255208
2019-03-29,6.66,6.82,6.4,6.82,229598
2019-04-01,6.85,6.85,6.54,6.57,252341
2019-04-02,6.87,7.0,6.35,6.37,364107
2019-04-03,6.4,6.55,6.19,6.29,264003
2019-04-04,6.43,6.7,6.3,6.42,60704
2019-04-05,6.4,6.69,6.3,6.5,284571
2019-04-08,6.35,6.502,6.2,6.3,286498
2019-04-09,6.34,6.49,6.23,6.32,250522
2019-04-10,6.32,6.49,6.27,6.41,195463
2019-04-11,6.32,6.431,6.06,6.21,199546
2019-04-12,6.21,6.245,6.06,6.12,209807
2019-04-15,6.13,6.295,5.82,6.13,191049
2019-04-16,6.11,6.58,5.67,6.23,325310
2019-04-17,6.11,6.199,5.5,5.5,224345
2019-04-18,5.59,5.62,5.29,5.3,201975
2019-04-22,5.21,5.52,5.17,5.28,200549
2019-04-23,5.16,5.49,5.16,5.32,215921
2019-04-24,5.532,5.549,5.0,5.01,243808
2019-04-25,5.01,5.16,4.78,4.85,237353
2019-04-26,4.82,5.01,4.5,4.91,362742
2019-04-29,4.81,5.2,4.81,5.2,93811
2019-04-30,5.2,5.23,5.05,5.22,106833
2019-05-01,5.16,5.22,4.71,4.71,404780
2019-05-02,4.76,5.25,4.76,4.77,43035
2019-05-03,4.8,5.008,4.74,4.84,188349
2019-05-06,4.88,4.99,4.83,4.95,192629
2019-05-07,4.89,4.97,4.7,4.85,254981
2019-05-08,4.8,4.92,4.7,4.82,198989
2019-05-09,4.79,4.87,4.51,4.52,196853
2019-05-10,4.62,4.62,4.41,4.51,204661
2019-05-13,4.42,4.55,4.23,4.24,170783
2019-05-14,4.27,4.28,3.89,4.05,236838
2019-05-15,3.97,4.37,3.9,4.31,96846
2019-05-16,4.27,4.326,4.1,4.17,92807
2019-05-17,4.08,4.54,4.08,4.38,50721
2019-05-20,4.3,4.54,4.0,4.01,18908
2019-05-21,4.06,4.26,4.06,4.12,51729
2019-05-22,4.06,4.41,4.06,4.115,49485
2019-05-23,4.08,4.12,3.91,3.96,43846
2019-05-24,4.181,4.181,3.889,4.12,8936
2019-05-28,4.16,4.19,3.99,4.0,32915
2019-05-29,4.45,4.45,4.01,4.02,34206
2019-05-30,4.05,4.36,4.0,4.35,33880
2019-05-31,4.2,4.2,3.94,3.94,23695
2019-06-03,3.88,4.11,3.74,3.74,36971
2019-06-04,3.72,3.88,3.45,3.81,38441
2019-06-05,3.81,4.0,3.69,4.0,4774
2019-06-06,3.85,3.9,3.43,3.9,45003
2019-06-07,3.88,3.88,3.11,3.13,62113
2019-06-10,3.23,3.5407,3.2205,3.23,3528
2019-06-11,3.428,3.428,3.38,3.38,474
2019-06-12,3.26,3.306,3.0,3.18,17356
2019-06-13,3.18,3.18,2.969,3.05,16688
2019-06-14,3.03,3.14,2.94,3.14,2566
2019-06-17,2.89,3.6,2.841,3.6,6532
2019-06-18,3.35,3.49,3.18,3.41,11616
2019-06-19,3.36,3.58,3.3514,3.573,4997
2019-06-20,3.57,3.82,3.3,3.51,41505
2019-06-21,3.46,4.34,3.126,4.34,55489
2019-06-24,4.11,4.11,3.36,3.6,23089
2019-06-25,3.58,3.58,3.19,3.44,2952
2019-06-26,3.42,3.42,3.146,3.21,4793
2019-06-27,3.28,4.0,3.28,4.0,12214
2019-06-28,3.86,3.94,3.26,3.58,46494
2019-07-01,4.02,4.02,3.75,3.94,56934
2019-07-02,3.87,3.97,3.68,3.97,3974
2019-07-03,3.98,5.0,3.98,4.03,730717
2019-07-05,4.01,4.063,3.065,3.14,360128
2019-07-08,3.14,3.28,2.98,3.09,146297
2019-07-09,3.19,3.19,2.9,2.91,77139
2019-07-10,3.2,3.22,2.97,3.22,96469
2019-07-11,3.22,3.22,2.69,2.8,60514
2019-07-12,2.8,2.99,2.8,2.94,44324
2019-07-15,2.88,2.97,2.88,2.88,18026
2019-07-16,2.99,3.01,2.802,2.99,15967
2019-07-17,2.99,3.0,2.907,2.96,4363
2019-07-18,2.87,2.94,2.81,2.92,46283
2019-07-19,2.94,2.97,2.82,2.82,4667
2019-07-22,2.82,2.92,2.75,2.92,4458
2019-07-23,2.91,2.91,2.53,2.59,16772
2019-07-24,2.61,2.79,2.61,2.78,6981
2019-07-25,2.83,2.83,2.6,2.72,5181
2019-07-26,2.58,2.61,2.56,2.6,4648
2019-07-29,2.61,2.65,2.52,2.52,5154
2019-07-30,2.577,2.606,2.49,2.5,25515
2019-07-31,2.575,2.575,2.338,2.45,6873
2019-08-01,2.59,2.59,2.18,2.4,5781
2019-08-02,2.25,2.53,2.22,2.25,6998
2019-08-05,2.37,2.37,2.103,2.13,7467
2019-08-06,2.115,2.22,2.115,2.16,764
2019-08-07,1.97,2.32,1.97,2.215,8403
2019-08-08,2.16,2.3,2.03,2.295,10077
2019-08-09,2.29,2.35,2.17,2.32,5803
2019-08-12,2.45,2.95,2.45,2.79,141591
2019-08-13,2.82,2.9,2.3,2.69,67910
2019-08-14,2.7,2.8,2.384,2.8,21365
2019-08-15,2.79,2.88,2.4,2.56,15107
2019-08-16,2.523,2.68,2.44,2.66,4320
2019-08-19,2.58,2.723,2.56,2.7,12674
2019-08-20,2.768,2.787,2.59,2.665,5027
2019-08-21,2.53,2.72,2.5,2.682,8020
2019-08-22,2.738,2.738,2.519,2.659,8607
2019-08-23,2.523,2.729,2.498,2.498,961
2019-08-26,2.577,2.6,2.51,2.58,5339
2019-08-27,2.6,2.6,2.301,2.59,16664
2019-08-28,2.59,2.59,2.36,2.391,15563
2019-08-29,2.35,2.49,2.18,2.18,13780
2019-08-30,2.26,2.45,2.2,2.45,10196
2019-09-03,2.41,2.41,2.03,2.16,19221
2019-09-04,2.16,2.32,2.16,2.17,39241
2019-09-05,2.32,2.32,2.14,2.18,12692
2019-09-06,2.26,2.26,2.18,2.18,8462
2019-09-09,2.36,2.37,2.16,2.27,16233
2019-09-10,2.256,2.38,2.24,2.27,14544
2019-09-11,2.34,2.8,2.2,2.36,85249
2019-09-12,2.39,2.4,2.16,2.4,6915
2019-09-13,2.39,2.39,2.28,2.28,10891
2019-09-16,2.25,2.31,2.2,2.28,11669
2019-09-17,2.25,2.33,2.2,2.2,8565
2019-09-18,2.26,2.28,2.195,2.2,9194
2019-09-19,2.18,2.3,2.16,2.2,10796
2019-09-20,2.24,2.39,2.08,2.22,49611
2019-09-23,2.24,2.25,2.05,2.1,45806
2019-09-24,2.125,2.15,1.87,1.9,54389
2019-09-25,1.92,1.92,1.56,1.64,92984
2019-09-26,1.65,1.65,1.27,1.33,165978
2019-09-27,1.31,1.42,1.25,1.255,62459
2019-09-30,1.28,1.4,1.13,1.26,271515
2019-10-01,1.176,1.29,1.14,1.17,176603
2019-10-02,1.23,1.48,0.913,1.056,497236
2019-10-03,1.05,1.11,1.0,1.06,151840
2019-10-04,1.04,1.16,1.04,1.113,94224
2019-10-07,1.12,1.222,1.06,1.12,41321
2019-10-08,1.11,1.11,0.96,0.983,120694
2019-10-09,1.01,1.05,0.911,1.03,196604
2019-10-10,1.02,1.05,0.97,0.98,147843
2019-10-11,1.05,1.24,1.0,1.164,420704
2019-10-14,1.24,1.24,0.99,1.02,171757
2019-10-15,0.99,1.39,0.99,1.15,522125
2019-10-16,1.16,1.19,1.06,1.1,80524
2019-10-17,1.17,1.269,1.07,1.15,75015
2019-10-18,1.14,1.18,1.04,1.07,53863
2019-10-21,1.07,1.15,1.055,1.1,87222
2019-10-22,1.1,1.13,1.05,1.1,37482
2019-10-23,1.07,1.14,1.061,1.09,66452
2019-10-24,1.11,1.17,1.1,1.12,83342
2019-10-25,1.1,1.13,1.02,1.06,65296
2019-10-28,1.08,1.33,1.01,1.19,471321
2019-10-29,1.16,1.2,1.05,1.09,80879
2019-10-30,1.06,1.119,1.06,1.09,44515
2019-10-31,1.06,1.19,1.06,1.14,78217
2019-11-01,1.14,1.24,1.14,1.18,16751
2019-11-04,1.19,1.24,1.19,1.21,25624
2019-11-05,1.25,1.56,1.11,1.12,584254
2019-11-06,1.17,1.2,1.1,1.16,60617
2019-11-07,1.18,1.18,1.09,1.12,72493
2019-11-08,1.1,1.1,1.04,1.07,57930
2019-11-11,1.05,1.055,0.88,0.98,77625
2019-11-12,0.98,0.99,0.93,0.95,42633
2019-11-13,0.9,0.95,0.882,0.91,12588
2019-11-14,0.91,0.91,0.85,0.869,117535
2019-11-15,0.88,0.9,0.83,0.87,172558
2019-11-18,0.87,0.918,0.75,0.872,38928
2019-11-19,0.816,0.99,0.794,0.9,364172
2019-11-20,0.905,0.93,0.831,0.844,33891
2019-11-21,0.886,0.951,0.755,0.8,75195
2019-11-22,0.79,0.9,0.777,0.85,325500
2019-11-25,0.852,1.005,0.85,0.89,257554
2019-11-26,1.01,1.01,0.855,0.93,301151
2019-11-27,0.9,0.95,0.857,0.91,80451
2019-11-29,0.88,0.91,0.86,0.885,43147
2019-12-02,0.91,0.91,0.83,0.842,68457
2019-12-03,0.81,0.88,0.79,0.83,122254
2019-12-04,0.85,0.878,0.802,0.82,31023
2019-12-05,0.82,0.82,0.75,0.76,152231
2019-12-06,0.787,0.808,0.7,0.754,101934
2019-12-09,0.754,0.78,0.724,0.73,79815
2019-12-10,0.73,0.85,0.73,0.81,147499
2019-12-11,0.84,0.85,0.79,0.814,80787
2019-12-12,0.814,0.84,0.81,0.838,29770
2019-12-13,0.85,0.898,0.803,0.83,133542
2019-12-16,0.94,0.987,0.73,0.739,618255
2019-12-17,0.71,0.72,0.66,0.695,141142
2019-12-18,0.7,0.71,0.681,0.704,134670
2019-12-19,0.7,0.72,0.66,0.671,151031
2019-12-20,0.699,0.72,0.65,0.7,50356
2019-12-23,0.701,0.741,0.684,0.741,54919
2019-12-24,0.74,0.75,0.705,0.74,22811
2019-12-26,0.75,0.79,0.75,0.765,52478
2019-12-27,0.78,0.784,0.73,0.765,70814
2019-12-30,0.79,0.858,0.79,0.83,166981
2019-12-31,0.85,0.855,0.772,0.82,423590
2020-01-02,0.82,0.83,0.79,0.8,158824
2020-01-03,0.783,0.8,0.771,0.78,73626
2020-01-06,0.78,0.83,0.75,0.76,76048
2020-01-07,0.78,0.78,0.74,0.775,87234
2020-01-08,0.76,0.775,0.741,0.77,39783
2020-01-09,0.77,0.77,0.742,0.751,48227
2020-01-10,0.75,1.2,0.75,1.07,3066899
2020-01-13,0.98,1.054,0.88,1.01,1120010
2020-01-14,0.98,1.01,0.88,0.931,440118
2020-01-15,0.92,0.96,0.82,0.888,508606
2020-01-16,1.34,1.38,0.9,0.95,8808121
2020-01-17,0.94,0.95,0.86,0.88,1755010
2020-01-21,0.88,0.946,0.82,0.865,1999847
2020-01-22,0.899,0.94,0.812,0.896,1666913
2020-01-23,0.868,0.93,0.85,0.86,1396495
2020-01-24,0.863,1.06,0.77,0.889,5532252
2020-01-27,1.1,1.29,1.02,1.11,9133097
2020-01-28,1.08,1.15,0.95,0.96,3069119
2020-01-29,0.96,0.96,0.85,0.926,2122663
2020-01-30,0.99,1.09,0.92,0.951,3824594
2020-01-31,0.981,1.03,0.9,0.981,1736883
2020-02-03,1.11,1.48,1.06,1.44,10154012
2020-02-04,1.24,1.26,1.08,1.15,3132079
2020-02-05,1.08,1.135,1.05,1.07,1291502
2020-02-06,1.0,1.07,0.921,0.939,2382457
2020-02-07,0.922,1.09,0.9,1.03,2050759
2020-02-10,1.0,1.1,1.0,1.025,797076
2020-02-11,0.97,1.03,0.922,0.958,983366
2020-02-12,0.96,0.97,0.862,0.913,1248481
2020-02-13,0.94,0.95,0.89,0.897,764300
2020-02-14,0.9,0.91,0.85,0.875,1078463
2020-02-18,0.8949,0.9,0.8576,0.8819,533757
2020-02-19,0.871,0.92,0.87,0.89,623895
2020-02-20,0.92,0.92,0.813,0.86,1290306
2020-02-21,0.884,0.989,0.87,0.938,1560654
2020-02-24,0.98,1.03,0.9,0.938,1931519
2020-02-25,0.94,0.94,0.85,0.899,762685
2020-02-26,0.88,0.94,0.83,0.9,1292394
2020-02-27,0.924,1.08,0.87,1.02,5388236
2020-02-28,1.2,1.24,0.95,1.06,4422404
2020-03-02,1.06,1.06,0.952,0.974,1443591
2020-03-03,0.901,1.04,0.901,1.02,1333558
2020-03-04,0.99,1.02,0.88,0.907,2227942
2020-03-05,0.89,0.94,0.84,0.85,1440946
2020-03-06,0.9,1.03,0.845,0.873,5843119
2020-03-09,1.07,1.08,0.89,1.03,5645083
2020-03-10,1.0,1.0,0.86,0.877,1861751
2020-03-11,0.85,0.85,0.76,0.78,2275070
2020-03-12,0.73,0.76,0.65,0.666,1171623
2020-03-13,0.86,0.86,0.552,0.591,1267760
2020-03-16,0.62,0.63,0.5,0.523,694449
2020-03-17,0.53,0.59,0.51,0.58,675214
2020-03-18,0.552,0.58,0.525,0.56,466729
2020-03-19,0.545,0.64,0.535,0.601,626966
2020-03-20,0.639,0.639,0.564,0.58,362557
2020-03-23,0.58,0.619,0.53,0.615,1142719
2020-03-24,0.62,0.658,0.584,0.615,610465
2020-03-25,0.61,0.64,0.591,0.596,377027
2020-03-26,0.59,0.62,0.58,0.604,227926
2020-03-27,0.6,0.64,0.572,0.64,291800
2020-03-30,0.65,0.659,0.601,0.63,341777
2020-03-31,0.629,0.84,0.531,0.56,4733635
2020-04-01,0.531,0.541,0.431,0.459,3699491
2020-04-02,0.446,0.45,0.35,0.403,1129438
2020-04-03,0.37,0.405,0.37,0.384,480317
2020-04-06,0.4,0.4,0.34,0.383,706505
2020-04-07,0.387,0.387,0.37,0.38,649266
2020-04-08,0.38,0.404,0.371,0.4,484988
2020-04-09,0.405,0.405,0.374,0.385,568665
2020-04-13,0.429,0.429,0.375,0.4,554831
2020-04-14,0.41,0.44,0.4,0.427,740826
2020-04-15,0.445,0.45,0.42,0.43,822017
2020-04-16,0.449,0.45,0.391,0.407,637976
2020-04-17,0.41,0.44,0.381,0.4,543559
2020-04-20,0.395,0.41,0.38,0.39,565031
2020-04-21,0.386,0.39,0.37,0.372,539801
2020-04-22,0.37,0.38,0.34,0.38,815613
2020-04-23,0.39,0.475,0.36,0.448,7869009
2020-04-24,0.438,0.44,0.41,0.43,1599441
2020-04-27,0.437,0.479,0.4,0.43,2436300
2020-04-28,0.48,0.54,0.43,0.46,5971396
2020-04-29,0.452,0.461,0.433,0.44,1409375
2020-04-30,0.45,0.47,0.42,0.44,2431411
2020-05-01,0.44,0.441,0.41,0.436,1549174
2020-05-04,0.45,0.473,0.43,0.467,4968646
2020-05-05,0.47,0.52,0.445,0.51,9382284
2020-05-06,0.52,0.56,0.471,0.54,11556804
2020-05-07,0.536,0.536,0.493,0.514,2847033
2020-05-08,0.511,0.52,0.488,0.499,2349753
2020-05-11,0.505,0.505,0.47,0.484,2183874
2020-05-12,0.48,0.498,0.46,0.47,4438812
2020-05-13,0.505,0.507,0.436,0.468,6002968
2020-05-14,0.45,0.46,0.4,0.441,2371830
2020-05-15,0.43,0.443,0.415,0.423,2580975
2020-05-18,0.43,0.45,0.42,0.44,2158783
2020-05-19,0.43,0.437,0.422,0.424,1567535
2020-05-20,0.425,0.455,0.415,0.43,6763031
2020-05-21,0.43,0.442,0.415,0.426,2455199
2020-05-22,0.415,0.423,0.403,0.423,1596274
2020-05-26,0.423,0.425,0.401,0.414,2917023
2020-05-27,0.414,0.43,0.403,0.421,2877919
2020-05-28,0.415,0.426,0.405,0.419,2682795
2020-05-29,0.409,0.41,0.38,0.396,3756623
2020-06-01,0.38,0.425,0.38,0.403,2307614
2020-06-02,0.395,0.407,0.381,0.4,1977938
2020-06-03,0.4,0.4,0.382,0.394,2396340
2020-06-04,0.39,0.41,0.376,0.409,3342486
2020-06-05,0.408,0.445,0.395,0.425,9402711
2020-06-08,0.44,0.455,0.42,0.44,7849065
2020-06-09,0.475,0.537,0.46,0.482,11264019
2020-06-10,0.485,0.549,0.45,0.479,13784053
2020-06-11,0.441,0.482,0.42,0.426,5927072
2020-06-12,0.454,0.462,0.43,0.45,3881996
2020-06-15,0.43,0.497,0.4,0.473,11080191
2020-06-16,0.47,0.508,0.449,0.474,5817698
2020-06-17,0.451,0.47,0.441,0.46,2651011
2020-06-18,0.448,0.697,0.445,0.649,58756310
2020-06-19,0.613,0.625,0.506,0.523,19596093
2020-06-22,0.53,0.54,0.47,0.509,9437272
2020-06-23,0.482,0.545,0.481,0.517,8514576
2020-06-24,0.515,0.52,0.42,0.48,6954748
2020-06-25,0.474,0.57,0.451,0.566,16832995
2020-06-26,0.557,0.574,0.511,0.534,11555246
2020-06-29,0.5894,0.59,0.534,0.5495,16270334
2020-06-30,0.517,0.559,0.481,0.527,5494191
2020-07-01,0.5,0.53,0.49,0.505,4143704
2020-07-02,0.499,0.538,0.482,0.532,5056016
2020-07-06,0.544,0.58,0.515,0.567,10367146
2020-07-07,0.57,0.61,0.533,0.569,11346349
2020-07-08,0.55,0.565,0.525,0.547,3795819
2020-07-09,0.53,0.545,0.52,0.54,2366753
2020-07-10,0.525,0.54,0.515,0.535,3407793
2020-07-13,0.521,0.529,0.49,0.505,4590664
2020-07-14,0.49,0.492,0.411,0.435,10990524
2020-07-15,0.445,0.459,0.431,0.444,3067636
2020-07-16,0.44,0.455,0.431,0.441,1848303
2020-07-17,0.437,0.437,0.423,0.434,2529618
2020-07-20,0.432,0.495,0.43,0.468,6634354
2020-07-21,0.469,0.52,0.458,0.488,6038818
2020-07-22,0.4758,0.489899,0.447,0.4663,3174737
2020-07-23,0.45,0.475,0.45,0.4515,1551036
2020-07-24,0.45,0.45,0.4356,0.4404,1723549
2020-07-27,0.45,0.4789,0.4316,0.44,2690705
2020-07-28,0.43,0.4499,0.43,0.43611,1523976
2020-07-29,0.44,0.4435,0.421,0.43,1707490
2020-07-30,0.4211,0.4299,0.39,0.42,2302273
2020-07-31,0.405,0.41,0.362,0.3966,5933470
2020-08-03,0.4,0.41,0.385,0.3919,3163635
2020-08-04,0.39,0.4249,0.3852,0.41,3844132
2020-08-05,0.405,0.418,0.3954,0.4149,2846241
2020-08-06,0.4002,0.408099,0.3923,0.3991,1750773
2020-08-07,0.3967,0.4,0.3816,0.3925,2628898
2020-08-10,0.3881,0.3965,0.3722,0.39,3728965
2020-08-11,0.39,0.3907,0.375,0.3786,2355691
2020-08-12,0.3764,0.3786,0.3602,0.3757,2844693
2020-08-13,0.3688,0.3745,0.355,0.3617,3782174
2020-08-14,0.358,0.4041,0.3482,0.3698,14278301
2020-08-17,0.368,0.3797,0.3526,0.375,3664377
2020-08-18,0.3799,0.3799,0.355,0.3699,3453880
2020-08-19,0.36,0.3877,0.3564,0.381,7389723
2020-08-20,0.391,0.4099,0.3755,0.383,6454336
2020-08-21,0.372,0.38,0.3522,0.364,3992286
2020-08-24,0.36,0.365,0.3201,0.34,6404337
2020-08-25,0.33,0.3377,0.325,0.3328,1800422
2020-08-26,0.333,0.35,0.33,0.3336,1341430
2020-08-27,0.3399,0.3399,0.325,0.326,1142294
2020-08-28,0.3307,0.3307,0.3003,0.3146,2202158
2020-08-31,0.308,0.3231,0.3002,0.3002,1674090
2020-09-01,0.2952,0.3,0.27,0.2786,2747966
2020-09-02,0.2733,0.28,0.2525,0.2666,2650237
2020-09-03,0.2601,0.28,0.2555,0.2691,2191908
2020-09-04,0.265,0.27,0.2222,0.241,2020374
2020-09-08,0.2413,0.2474,0.231,0.2394,906191
2020-09-09,0.277,0.2894,0.2513,0.256,6654903
2020-09-10,0.241,0.2535,0.2402,0.2409,1692651
2020-09-11,0.246,0.2567,0.235,0.2518,1761307
2020-09-14,0.2533,0.308,0.25051,0.27,11022304
2020-09-15,0.2658,0.2728,0.251,0.2556,2298810
2020-09-16,0.245,0.2588,0.2431,0.2535,1436918
2020-09-17,0.242,0.2498,0.242,0.2452,736656
2020-09-18,0.2449,0.2498,0.2407,0.2425,692472
2020-09-21,0.242,0.2466,0.23,0.2315,952130
2020-09-22,0.2315,0.2549,0.2315,0.2411,981230
2020-09-23,0.2526,0.2526,0.24,0.2429,867362
2020-09-24,0.2402,0.259,0.24,0.259,1620583
2020-09-25,0.26,0.274,0.2506,0.2522,1176304
2020-09-28,0.2646,0.2646,0.24,0.2429,740271
2020-09-29,0.2432,0.2674,0.2423,0.254799,1401970
2020-09-30,0.2524,0.259099,0.244,0.2448,652889
2020-10-01,0.25,0.27,0.2441,0.264,945456
2020-10-02,0.2501,0.261,0.241,0.2587,535022
2020-10-05,0.252,0.2593,0.2501,0.2565,382101
2020-10-06,0.259,0.2615,0.2499,0.2508,573867
2020-10-07,0.2508,0.2549,0.2415,0.247,1072337
2020-10-08,0.249,0.2541,0.244,0.2524,599786
2020-10-09,0.255,0.2562,0.2475,0.2537,454891
2020-10-12,0.27,0.2705,0.2537,0.2651,1345752
2020-10-13,0.2731,0.309,0.26,0.2875,4479762
2020-10-14,0.2892,0.289799,0.263,0.2696,1501105
2020-10-15,0.2694,0.2694,0.2503,0.26,1032750
2020-10-16,0.2508,0.29,0.2508,0.265,3360079
2020-10-19,0.27,0.3092,0.2609,0.3,4024042
2020-10-20,0.3173,0.325,0.28,0.285,3276506
2020-10-21,0.3179,0.3642,0.2951,0.3125,11204185
2020-10-22,0.301,0.335,0.2827,0.306,2151361
2020-10-23,0.31,0.349,0.305,0.326,4157384
2020-10-26,0.3297,0.3789,0.3,0.325,5246911
2020-10-27,0.3206,0.35,0.3151,0.3315,2002828
2020-10-28,0.3287,0.332399,0.3005,0.305,1544358
2020-10-29,0.305,0.3148,0.29,0.2925,1028613
2020-10-30,0.2999,0.2999,0.276,0.2832,793577
2020-11-02,0.284,0.293,0.2811,0.2849,619787
2020-11-03,0.2777,0.2969,0.2727,0.2901,467525
2020-11-04,0.2874,0.29,0.2804,0.2847,228974
2020-11-05,0.285,0.3236,0.273,0.3032,2914479
2020-11-06,0.3337,0.3337,0.2953,0.30121,810020
2020-11-09,0.31,0.32,0.2851,0.2993,830614
2020-11-10,0.3,0.31,0.283,0.2882,695535
2020-11-11,0.288,0.2991,0.275,0.276,665144
2020-11-12,0.28,0.28,0.25,0.2608,1419216
2020-11-13,0.26,0.2742,0.255,0.26245,818138
2020-11-16,0.271,0.277,0.2601,0.2767,873770
2020-11-17,0.285,0.285,0.2626,0.27,919532
2020-11-18,0.27,0.304,0.27,0.278,2706526
2020-11-19,0.3,0.3,0.2693,0.274,1165396
2020-11-20,0.27,0.2979,0.268,0.275,3251233
2020-11-23,0.2829,0.29,0.27,0.2876,1381337
2020-11-24,0.289,0.3235,0.2831,0.315,2889945
2020-11-25,0.322,0.33,0.3033,0.3086,1915822
2020-11-27,0.31,0.31,0.2812,0.2949,866595
2020-11-30,0.295,0.3,0.2851,0.3,1616097
2020-12-01,0.292,0.345,0.2918,0.34,6257246
2020-12-02,0.3155,0.317963,0.3,0.3065,2716256
2020-12-03,0.4032,0.455,0.3412,0.3795,40768809
2020-12-04,0.35,0.366,0.3311,0.3429,6503251
2020-12-07,0.3301,0.3324,0.31,0.323,3840607
2020-12-08,0.315,0.32,0.3,0.307,4773157
2020-12-09,0.3,0.3298,0.3,0.3162,4572631
2020-12-10,0.3053,0.323,0.304,0.323,1721851
2020-12-11,0.323,0.3328,0.311,0.3134,1193685
2020-12-14,0.3187,0.3192,0.3056,0.3072,1169671
2020-12-15,0.3065,0.3095,0.3021,0.3041,908435
2020-12-16,0.3038,0.3178,0.3001,0.3132,1850181
2020-12-17,0.3164,0.317499,0.3051,0.3097,1501953
2020-12-18,0.31,0.31,0.3,0.3009,1435743
2020-12-21,0.3,0.3,0.283,0.2926,2099857
2020-12-22,0.293,0.293,0.2773,0.2883,2789926
2020-12-23,0.29,0.333,0.29,0.3135,4266931
2020-12-24,0.325,0.385999,0.32,0.3388,8586252
2020-12-28,0.34,0.3444,0.32,0.3399,3215973
2020-12-29,0.348,0.35,0.3191,0.3241,2090476
2020-12-30,0.3235,0.3599,0.3235,0.345,3245524
2020-12-31,0.345,0.348,0.3236,0.3287,1856582
2021-01-04,0.3335,0.406799,0.3305,0.3916,10239658
2021-01-05,0.3894,0.4898,0.3736,0.475,17004196
2021-01-06,0.4421,0.454,0.4002,0.41,8015883
2021-01-07,0.412,0.4249,0.4,0.4081,2674389
2021-01-08,0.41,0.435,0.406,0.427,4890112
2021-01-11,0.4749,0.7299,0.4551,0.574,69639657
2021-01-12,0.55,0.649,0.5,0.58,17170383
2021-01-13,0.5799,0.72,0.55,0.7,26631879
2021-01-14,0.66,0.6649,0.605,0.6329,11122399
2021-01-15,0.627,0.628,0.553,0.58,7002844
2021-01-19,0.5678,0.639,0.56,0.5974,7588674
2021-01-20,0.6,0.66,0.5836,0.6217,8220734
2021-01-21,0.6376,0.766,0.62,0.7,22211237
2021-01-22,0.671,0.6995,0.654,0.6674,5020479
2021-01-25,0.6698,0.719799,0.61,0.6451,6221566
2021-01-26,0.6599,0.7199,0.655,0.7,8608389
2021-01-27,0.6425,0.6689,0.6011,0.6141,5533661
2021-01-28,0.6564,0.86,0.6501,0.6734,41465714
2021-01-29,0.8,0.8399,0.7,0.728,12698440
2021-02-01,0.7,0.7979,0.681,0.73,6549538
2021-02-02,0.72,0.7388,0.7,0.715,2841331
2021-02-03,0.7104,0.76,0.7031,0.722,3479782
2021-02-04,0.7267,0.807,0.701,0.7721,15013674
2021-02-05,0.8097,0.81,0.741,0.787,7722568
2021-02-08,0.8687,0.94,0.83,0.9,12012333
2021-02-09,0.93,0.9786,0.9087,0.9489,7919970
2021-02-10,1.0086,1.06,0.9188,1.04,12835605
2021-02-11,1.09,1.14,1.01,1.03,11582530
2021-02-12,1.03,1.04,0.9615,0.9983,4324239
2021-02-16,1.01,1.28,1.0,1.28,22727424
2021-02-17,1.1689,1.17,1.0698,1.13,6577235
2021-02-18,1.11,1.12,1.01,1.02,4216592
2021-02-19,0.795,0.87,0.71,0.785,28329475
2021-02-22,2.47,2.92,2.46,2.66,2384244
2021-02-23,2.28,2.38,1.91,2.15,2712521
2021-02-24,2.24,2.5499,2.19,2.33,2693821
2021-02-25,2.32,2.35,2.03,2.08,857783
2021-02-26,2.02,2.12,1.9,1.92,842085
2021-03-01,2.02,2.18,2.0,2.08,875070
2021-03-02,2.1,2.27,2.03,2.08,1619585
2021-03-03,2.03,2.05,1.86,1.9,1058306
2021-03-04,1.83,1.86,1.58,1.63,850348
2021-03-05,1.65,1.68,1.36,1.63,993220
2021-03-08,1.61,1.75,1.55,1.66,500190
2021-03-09,1.7,1.83,1.7,1.7799,508924
2021-03-10,1.83,2.05,1.82,1.96,884646
2021-03-11,1.99,2.19,1.895,2.03,1296905
2021-03-12,1.97,2.0,1.88,2.0,302337
2021-03-15,1.99,2.57,1.95,2.51,4729944
2021-03-16,2.3,2.43,2.1,2.17,4137904
2021-03-17,2.06,2.18,2.0,2.13,544632
2021-03-18,2.13,2.3,2.025,2.07,2122085
2021-03-19,2.03,2.14,1.95,2.03,781195
2021-03-22,2.03,2.06,1.97,1.99,330229
2021-03-23,1.97,1.98,1.81,1.82,421454
2021-03-24,1.86,1.94,1.76,1.77,559516
2021-03-25,1.72,1.83,1.6701,1.77,323640
2021-03-26,1.77,1.9252,1.76,1.83,493312
2021-03-29,2.07,2.23,1.84,1.97,5025706
2021-03-30,1.93,1.94,1.8,1.86,704332
2021-03-31,1.88,1.88,1.8,1.84,242737
2021-04-01,1.87,2.02,1.815,1.91,838105
2021-04-05,1.86,1.91,1.8,1.81,504100
2021-04-06,1.77,1.81,1.7,1.76,283309
2021-04-07,1.74,1.75,1.64,1.67,288341
2021-04-08,1.65,1.66,1.56,1.63,282418
2021-04-09,1.62,1.63,1.59,1.61,178131
2021-04-12,1.61,1.625,1.44,1.45,367820
2021-04-13,1.42,1.46,1.41,1.42,204454
2021-04-14,1.41,1.51,1.41,1.48,417760
2021-04-15,1.4573,1.48,1.29,1.29,426501
2021-04-16,1.3,1.32,1.22,1.29,280354
2021-04-19,1.29,1.36,1.26,1.29,230559
2021-04-20,1.29,1.3093,1.23,1.26,158856
2021-04-21,1.24,1.41,1.24,1.39,298676
2021-04-22,1.33,1.42,1.31,1.35,206153
2021-04-23,1.36,1.4287,1.36,1.42,142448
2021-04-26,1.42,1.47,1.42,1.45,231710
2021-04-27,1.47,1.519,1.41,1.43,146883
2021-04-28,1.43,1.55,1.43,1.51,159062
2021-04-29,1.5,1.56,1.4,1.44,204567
2021-04-30,1.43,1.48,1.4,1.42,107071
2021-05-03,1.44,1.4999,1.39,1.425,497451
2021-05-04,1.4,1.54,1.34,1.38,611189
2021-05-05,1.36,1.39,1.26,1.26,221452
2021-05-06,1.26,1.28,1.13,1.24,289515
2021-05-07,1.22,1.3,1.2001,1.2401,72920
2021-05-10,1.24,1.27,1.2,1.2,147008
2021-05-11,1.14,1.28,1.11,1.23,450121
2021-05-12,1.19,1.24,1.18,1.19,127450
2021-05-13,1.2,1.25,1.1301,1.15,172650
2021-05-14,1.19,1.2,1.16,1.18,84747
2021-05-17,1.16,1.25,1.15,1.23,119678
2021-05-18,1.24,1.31,1.21,1.27,202838
2021-05-19,1.24,1.29,1.2035,1.28,121996
2021-05-20,1.27,1.3,1.26,1.27,52785
2021-05-21,1.29,1.3495,1.25,1.29,275355
2021-05-24,1.27,1.3,1.21,1.22,125618
2021-05-25,1.22,1.27,1.21,1.24,183781
2021-05-26,1.23,1.3,1.23,1.27,127302
2021-05-27,1.28,1.41,1.28,1.36,333064
2021-05-28,1.34,1.36,1.29,1.29,142251
2021-06-01,1.33,1.43,1.29,1.38,246281
2021-06-02,1.38,1.65,1.38,1.45,1354874
2021-06-03,1.49,1.49,1.381,1.42,177728
2021-06-04,1.48,1.5,1.4,1.42,123801
2021-06-07,1.42,1.5,1.39,1.48,227172
2021-06-08,1.49,1.54,1.4201,1.52,281296
2021-06-09,1.53,1.62,1.51,1.56,702249
2021-06-10,1.52,1.68,1.5101,1.65,708854
2021-06-11,1.66,1.66,1.53,1.57,221684
2021-06-14,1.58,1.6199,1.5101,1.58,125001
2021-06-15,1.58,1.5807,1.41,1.41,335275
2021-06-16,1.4,1.47,1.3526,1.37,117463
2021-06-17,1.36,1.44,1.36,1.4,107739
2021-06-18,1.38,1.41,1.37,1.4,105486
2021-06-21,1.41,1.41,1.31,1.39,85785
2021-06-22,1.37,1.43,1.35,1.37,60722
2021-06-23,1.36,1.46,1.36,1.39,118723
2021-06-24,1.38,1.49,1.38,1.43,290886
2021-06-25,1.42,1.43,1.4,1.43,49494
2021-06-28,1.41,1.56,1.41,1.48,851476
2021-06-29,1.46,1.49,1.36,1.41,210911
2021-06-30,1.4,1.51,1.38,1.45,192834
2021-07-01,1.45,1.45,1.4,1.42,53550
2021-07-02,1.4,1.41,1.3701,1.4,95488
2021-07-06,1.4,1.42,1.37,1.4,155388
2021-07-07,1.39,1.4,1.33,1.36,110067
2021-07-08,1.31,1.3138,1.24,1.29,101076
2021-07-09,1.31,1.42,1.28,1.35,296736
2021-07-12,1.37,1.43,1.33,1.42,132749
2021-07-13,1.43,1.44,1.36,1.4,156203
2021-07-14,1.37,1.4267,1.31,1.31,170154
2021-07-15,1.31,1.51,1.3,1.5,628315
2021-07-16,1.49,2.28,1.46,2.12,117458028
2021-07-19,1.64,1.76,1.51,1.66,11034815
2021-07-20,1.58,1.59,1.35,1.49,2799334
2021-07-21,1.43,1.56,1.42,1.56,966312
2021-07-22,1.5,1.52,1.45,1.45,589673
2021-07-23,1.42,1.4204,1.31,1.36,635102
2021-07-26,1.35,1.3942,1.25,1.25,398918
2021-07-27,1.257,1.27,1.12,1.18,547478
2021-07-28,1.18,1.3011,1.18,1.26,341912
2021-07-29,1.28,1.32,1.22,1.23,295390
2021-07-30,1.2,1.51,1.19,1.25,4526181
2021-08-02,1.24,1.28,1.21,1.26,396158
2021-08-03,1.23,1.32,1.21,1.26,633360
2021-08-04,1.25,1.3299,1.2,1.2,1098434
2021-08-05,1.22,1.27,1.21,1.25,306766
2021-08-06,1.24,1.27,1.221,1.25,173792
2021-08-09,1.24,1.33,1.23,1.29,205076
2021-08-10,1.31,1.32,1.25,1.26,215798
2021-08-11,1.29,1.29,1.2301,1.28,139699
2021-08-12,1.28,1.28,1.22,1.24,137082
2021-08-13,1.25,1.25,1.17,1.18,178636
2021-08-16,1.2,1.22,1.1,1.11,194112
2021-08-17,1.07,1.15,1.07,1.13,166740
2021-08-18,1.13,1.1499,1.0817,1.12,83169
2021-08-19,1.11,1.1389,1.03,1.04,174990
2021-08-20,1.04,1.11,1.025,1.09,176381
2021-08-23,1.14,1.14,1.05,1.09,84067
2021-08-24,1.13,1.29,1.1,1.22,1047777
2021-08-25,1.18,1.2049,1.12,1.14,250434
2021-08-26,1.12,1.17,1.11,1.11,123176
2021-08-27,1.11,1.15,1.11,1.13,62315
2021-08-30,1.11,1.16,1.11,1.14,82956
2021-08-31,1.14,1.17,1.11,1.17,263227
2021-09-01,1.17,1.1899,1.14,1.16,204462
2021-09-02,1.14,1.18,1.12,1.16,155253
2021-09-03,1.151,1.17,1.13,1.14,110588
2021-09-07,1.16,1.18,1.11,1.12,199293
2021-09-08,1.12,1.125,1.06,1.0815,80577
2021-09-09,1.07,1.11,1.07,1.07,96781
2021-09-10,1.0827,1.15,1.08,1.11,141928
2021-09-13,1.11,1.13,1.08,1.1,130698
2021-09-14,1.1,1.1101,1.06,1.07,113067
2021-09-15,1.06,1.09,1.04,1.04,180351
2021-09-16,1.04,1.07,1.02,1.07,69737
2021-09-17,1.06,1.0799,1.05,1.05,59453
2021-09-20,1.03,1.0724,0.98,0.9993,140399
2021-09-21,0.9882,1.0588,0.9796,1.0323,32647
2021-09-22,1.07,1.07,1.02,1.04,44870
2021-09-23,1.02,1.06,1.02,1.05,78894
2021-09-24,1.04,1.09,1.04,1.08,98689
2021-09-27,1.09,1.09,1.05,1.066,23815
2021-09-28,1.03,1.0776,1.03,1.0572,61663
2021-09-29,1.04,1.08,1.01,1.0275,368838
2021-09-30,1.02,1.038,1.0,1.03,134101
2021-10-01,1.03,1.03,0.9579,0.970549,251663
2021-10-04,0.9706,0.99,0.95,0.95,98031
2021-10-05,0.95,0.98,0.95,0.9576,47297
2021-10-06,0.966,0.978,0.89,0.91,97062
2021-10-07,0.9121,0.98,0.9121,0.9599,113683
2021-10-08,0.978,0.979515,0.9118,0.9121,88068
2021-10-11,0.9312,0.96,0.9121,0.9489,49041
2021-10-12,0.9606,0.973,0.941,0.97,33636
2021-10-13,0.961,0.961101,0.9207,0.9474,53159
2021-10-14,0.9516,0.9773,0.94,0.95,44211
2021-10-15,0.94,0.959899,0.93,0.9307,65090
2021-10-18,0.96,1.18,0.96,1.02,3875497
2021-10-19,1.01,1.02,0.9601,0.971,350443
2021-10-20,0.9798,1.08,0.973,1.05,440716
2021-10-21,1.05,1.08,1.02,1.04,137756
2021-10-22,1.03,1.14,0.98,1.06,1033260
2021-10-25,1.05,1.05,1.0,1.0188,353991
2021-10-26,1.01,1.4,1.0,1.19,8579385
2021-10-27,1.14,1.27,1.01,1.04,5989304
2021-10-28,1.04,1.09,0.985,1.01,1181201
2021-10-29,1.02,1.02,0.945,0.9506,1295724
2021-11-01,0.9501,0.9995,0.9475,0.99,350345
2021-11-02,0.99,0.9901,0.9501,0.9554,206870
2021-11-03,0.956,0.985,0.9556,0.96,181076
2021-11-04,0.96,1.02,0.9511,0.9862,395277
2021-11-05,0.97,0.9916,0.94,0.96,201159
2021-11-08,0.96,0.975,0.9475,0.9558,146387
2021-11-09,0.95,0.9599,0.9212,0.9329,185981
2021-11-10,0.921,0.9295,0.851,0.8603,458441
2021-11-11,0.885,0.89,0.8505,0.8574,266432
2021-11-12,0.8648,0.8998,0.8555,0.88,235433
2021-11-15,0.8831,0.8979,0.84,0.86,132556
2021-11-16,0.8782,0.8782,0.85,0.8518,83674
2021-11-17,0.8553,0.879999,0.8061,0.8249,178567
2021-11-18,0.8233,0.8298,0.7636,0.8,181376
2021-11-19,0.776,0.825,0.776,0.8108,131777
2021-11-22,0.8034,0.8085,0.7125,0.7415,193037
2021-11-23,0.73,0.74,0.725,0.7339,94412
2021-11-24,0.72,0.799,0.7158,0.753741,108740
2021-11-26,0.7599,0.779799,0.7128,0.7224,89830
2021-11-29,0.75,0.788,0.7395,0.747,127747
2021-11-30,0.744,0.754,0.6901,0.706451,113683
2021-12-01,0.7,0.734999,0.6333,0.6521,158202
2021-12-02,0.6782,0.7195,0.64,0.6849,140753
2021-12-03,0.6685,0.6685,0.505,0.578,395705
2021-12-06,0.55,0.5873,0.52,0.5831,138306
2021-12-07,0.587,0.637499,0.5746,0.6,126901
2021-12-08,0.636,0.6604,0.59,0.64,140325
2021-12-09,0.6566,0.7049,0.6321,0.649551,110065
2021-12-10,0.6652,0.6652,0.6172,0.6186,47073
2021-12-13,0.605,0.716,0.605,0.6948,264119
2021-12-14,0.6799,0.6799,0.5851,0.6241,190683
2021-12-15,0.63,0.6596,0.6,0.6449,89356
2021-12-16,0.72,0.72,0.6,0.625,27992
2021-12-17,0.63,0.64,0.585,0.6257,39695
2021-12-20,0.6014,0.638,0.551,0.6189,84937
2021-12-21,0.619,0.64,0.522,0.599999,622400
2021-12-22,0.6,0.6,0.56,0.57,56410
2021-12-23,0.57,0.5989,0.51,0.57372,390457
2021-12-27,0.572,0.572,0.540101,0.57,74452
2021-12-28,0.5447,0.5863,0.5351,0.5642,319928
2021-12-29,0.55,0.628,0.534,0.5932,430638
2021-12-30,0.5778,0.769899,0.560101,0.7028,1289850
2021-12-31,0.72,0.72,0.621,0.6503,806297
2022-01-03,0.68,0.74,0.6704,0.6706,204607
2022-01-04,0.656,0.738899,0.62,0.6641,883078
2022-01-05,0.6581,0.69,0.6028,0.6099,357293
2022-01-06,0.6024,0.6676,0.5127,0.54,586021
2022-01-07,0.5238,0.56,0.52,0.532,219313
2022-01-10,0.52,0.5321,0.4906,0.506,143024
2022-01-11,0.509,0.555,0.509,0.521,264742
2022-01-12,0.569,0.57,0.5255,0.5424,195571
2022-01-13,0.53,0.568999,0.521,0.5399,124794
2022-01-14,0.6593,0.7899,0.4664,0.5375,23516748
2022-01-18,0.25,0.2659,0.19,0.2216,18589387
2022-01-19,0.2075,0.2168,0.192,0.2012,8166059
2022-01-20,0.2,0.2199,0.19,0.1918,9053654
2022-01-21,0.189,0.1965,0.1802,0.1866,5080671
2022-01-24,0.189,0.189,0.1656,0.176,4194510
2022-01-25,0.1661,0.255,0.1661,0.2123,26232260
2022-01-26,0.22,0.23,0.188,0.1915,8231129
2022-01-27,0.2,0.20499,0.1801,0.1864,4566532
2022-01-28,0.1886,0.2346,0.1851,0.2177,11569446
2022-01-31,0.205,0.229,0.2011,0.2153,4139637
2022-02-01,0.205,0.2213,0.205,0.2176,2229352
2022-02-02,0.225,0.225,0.192,0.2,3729963
2022-02-03,0.1997,0.205,0.183,0.1895,2181491
2022-02-04,0.196,0.2046,0.1856,0.1974,3121592
2022-02-07,0.205,0.205,0.1905,0.196,2605552
2022-02-08,0.2,0.218,0.1871,0.202899,9709440
2022-02-09,0.21,0.21,0.1901,0.2003,3633085
2022-02-10,0.196,0.2092,0.195,0.1993,4266161
2022-02-11,0.2019,0.2048,0.186,0.1866,2790878
2022-02-14,0.198,0.198,0.173,0.1776,2477868
2022-02-15,0.18,0.188,0.1777,0.183,2464514
2022-02-16,0.179,0.196,0.179,0.1893,3062710
2022-02-17,0.189,0.206,0.185,0.1905,3793718
2022-02-18,0.1912,0.199399,0.1825,0.1826,1824023
2022-02-22,0.1826,0.1826,0.16,0.165,3495821
2022-02-23,0.1665,0.1665,0.125,0.13,4645915
2022-02-24,0.1239,0.1499,0.1137,0.1479,3288248
2022-02-25,0.1525,0.165,0.1424,0.1491,2567497
2022-02-28,0.1553,0.235,0.15,0.218,29125296
2022-03-01,0.2,0.2,0.1661,0.173,9397407
2022-03-02,0.2007,0.32,0.18,0.2181,77944413
2022-03-03,0.2062,0.2076,0.1851,0.1916,9894636
2022-03-04,0.1855,0.1979,0.165,0.1715,5318286
2022-03-07,0.17,0.195,0.1661,0.176,4215168
2022-03-08,0.1697,0.1989,0.1685,0.188,4344280
2022-03-09,0.1892,0.201399,0.1851,0.191,4413019
2022-03-10,0.195,0.2047,0.1828,0.1871,2400036
2022-03-11,0.189,0.2047,0.1863,0.1885,3239340
2022-03-14,0.1885,0.1898,0.166,0.17,2961143
2022-03-15,0.1782,0.1782,0.1616,0.168,4496636
2022-03-16,0.1826,0.213,0.1761,0.212,15113742
2022-03-17,0.188,0.222,0.1853,0.198,7361644
2022-03-18,0.207,0.2301,0.198,0.219,7589824
2022-03-21,0.211,0.22,0.1993,0.2027,3254797
2022-03-22,0.2033,0.225,0.202,0.2132,3843661
2022-03-23,0.2175,0.2422,0.2023,0.238,5951656
2022-03-24,0.219,0.249,0.2133,0.2402,6125817
2022-03-25,0.2353,0.24,0.2201,0.2217,2215006
2022-03-28,0.2276,0.2282,0.1969,0.202,3071731
2022-03-29,0.2949,0.4991,0.2874,0.2937,217753506
2022-03-30,0.328,0.346,0.291,0.3022,33358292
2022-03-31,0.283,0.31,0.2615,0.28,8719045
2022-04-01,0.2662,0.31,0.2551,0.26,10617584
2022-04-04,0.26,0.266099,0.2549,0.2576,3507379
2022-04-05,0.2503,0.2594,0.2329,0.239,3621365
2022-04-06,0.23,0.2513,0.2221,0.2438,6042225
2022-04-07,0.25,0.256,0.23,0.23,1307486
2022-04-08,0.2302,0.265,0.22,0.236,4883371
2022-04-11,0.2351,0.241,0.2216,0.23,1431946
2022-04-12,0.2285,0.24,0.2125,0.2153,3033834
2022-04-13,0.2235,0.235,0.21,0.2268,3239421
2022-04-14,0.224,0.226,0.215,0.22,1079172
2022-04-18,0.2094,0.22,0.19,0.2,2390076
2022-04-19,0.1996,0.206,0.19,0.2049,2679854
2022-04-20,0.202,0.2175,0.2,0.21,1906856
2022-04-21,0.2037,0.2099,0.1917,0.195,1661468
2022-04-22,0.1911,0.199899,0.185,0.1882,614535
2022-04-25,0.185,0.1854,0.17,0.176,2075184
2022-04-26,0.1802,0.198,0.1787,0.1864,3399048
2022-04-27,0.1911,0.2098,0.1825,0.2049,2608234
2022-04-28,0.195,0.24,0.195,0.2283,3966286
2022-04-29,0.23,0.2499,0.213,0.2142,2622652
2022-05-02,0.216,0.2304,0.2007,0.2173,1183372
2022-05-03,0.22,0.235,0.215,0.22,1177620
2022-05-04,0.24,0.24,0.215,0.2241,771916
2022-05-05,0.23,0.234899,0.192,0.1943,2008938
2022-05-06,0.2,0.2018,0.184,0.1913,656297
2022-05-09,0.1868,0.1868,0.15,0.1618,2125085
2022-05-10,0.1843,0.1843,0.1511,0.163,1035727
2022-05-11,0.1594,0.1677,0.15,0.1516,570109
2022-05-12,0.1427,0.1688,0.1427,0.155,897629
2022-05-13,0.1598,0.17,0.1551,0.1654,524474
2022-05-16,0.166,0.175,0.162,0.165,676973
2022-05-17,0.174,0.174,0.1536,0.1561,2064999
2022-05-18,0.14,0.1649,0.09,0.1125,9600596
2022-05-19,1.85,2.0,1.7838,1.9,224425
2022-05-20,1.89,2.07,1.8,1.83,145749
2022-05-23,1.83,1.95,1.79,1.9,79694
2022-05-24,1.85,1.93,1.81,1.81,88552
2022-05-25,1.8,2.05,1.8,1.945,124140
2022-05-26,2.02,2.02,1.85,1.89,47434
2022-05-27,1.91,1.9899,1.8737,1.89,82795
2022-05-31,1.92,2.2,1.89,2.1,78102
2022-06-01,2.07,2.1833,1.93,2.06,132874
2022-06-02,2.04,2.1301,1.91,1.93,59347
2022-06-03,1.9583,1.9583,1.81,1.82,36847
2022-06-06,1.86,1.9245,1.81,1.82,49898
2022-06-07,1.83,1.83,1.661,1.73,138705
2022-06-08,1.69,1.8999,1.69,1.84,257637
2022-06-09,1.8362,2.15,1.7,2.13,277930
2022-06-10,2.07,2.143,1.92,1.92,97199
2022-06-13,1.86,1.86,1.69,1.72,120859
2022-06-14,1.71,1.8199,1.66,1.66,73771
2022-06-15,1.7238,1.7238,1.61,1.66,24148
2022-06-16,1.5841,1.6799,1.53,1.65,44247
2022-06-17,1.61,1.65,1.61,1.61,11225
2022-06-21,1.62,1.72,1.62,1.68,41236
2022-06-22,1.76,1.84,1.66,1.71,37017
2022-06-23,1.82,2.28,1.7,2.09,695746
2022-06-24,2.0,2.0898,1.77,1.95,250423
2022-06-27,1.89,2.1798,1.86,2.01,39627
2022-06-28,1.98,2.01,1.8,1.8,34673
2022-06-29,1.83,1.83,1.71,1.74,59206
2022-06-30,1.71,1.81,1.71,1.75,23779
2022-07-01,1.94,2.061,1.8,1.89,120496
2022-07-05,2.0,2.04,1.82,1.89,48453
2022-07-06,1.84,1.94,1.8,1.85,40192
2022-07-07,1.86,1.99,1.82,1.86,52245
2022-07-08,1.83,1.9519,1.81,1.86,56132
2022-07-11,1.8,1.93,1.74,1.78,50065
2022-07-12,1.74,2.0,1.74,1.9,97927
2022-07-13,1.85,1.99,1.822,1.98,46044
2022-07-14,1.94,1.9458,1.87,1.88,20893
2022-07-15,1.85,1.91,1.82,1.87,39426
2022-07-18,1.86,1.9599,1.86,1.94,13845
2022-07-19,2.01,2.01,1.8868,1.92,11717
2022-07-20,1.94,2.0,1.9,1.94,48200
2022-07-21,1.91,1.97,1.9,1.93,34529
2022-07-22,1.89,1.9227,1.6,1.62,244768
2022-07-25,1.6,1.66,1.6,1.64,29752
2022-07-26,1.61,1.625,1.55,1.56,18335
2022-07-27,1.56,1.5894,1.2601,1.47,77832
2022-07-28,1.47,1.5199,1.335,1.46,14028
2022-07-29,1.5,1.51,1.4,1.46,24231
2022-08-01,1.47,1.53,1.46,1.47,8757
2022-08-02,1.49,1.74,1.3,1.67,973466
2022-08-03,1.89,1.89,1.48,1.82,677617
2022-08-04,2.1,2.18,1.74,2.04,1388488
2022-08-05,1.97,2.015,1.71,1.795,473295
2022-08-08,1.72,1.7732,1.53,1.65,177732
2022-08-09,1.7,1.7,1.56,1.6,65690
2022-08-10,1.63,1.635,1.45,1.52,122245
2022-08-11,1.47,1.58,1.47,1.48,99081
2022-08-12,1.48,1.6207,1.47,1.57,101701
2022-08-15,1.57,1.6454,1.52,1.63,45891
2022-08-16,1.65,1.65,1.46,1.53,98554
2022-08-17,1.47,1.5508,1.47,1.55,22977
2022-08-18,1.52,1.52,1.47,1.48,33108
2022-08-19,1.45,1.4688,1.4,1.4,24165
2022-08-22,1.4,1.5,1.36,1.445,157710
2022-08-23,1.41,1.55,1.41,1.5,83163
2022-08-24,1.5299,1.54,1.43,1.49,55871
2022-08-25,1.53,1.78,1.482,1.74,2887809
2022-08-26,1.84,2.17,1.39,1.41,6765219
2022-08-29,1.37,1.45,1.35,1.45,389804
2022-08-30,1.44,1.45,1.24,1.24,493057
2022-08-31,1.21,1.75,1.15,1.405,3083190
2022-09-01,1.73,1.85,1.31,1.35,5890692
2022-09-02,1.3,1.34,1.18,1.2,566524
2022-09-06,1.17,1.18,1.08,1.11,435166
2022-09-07,1.09,1.18,1.05,1.06,618223
2022-09-08,1.02,1.1,1.02,1.06,188317
2022-09-09,1.06,1.11,1.06,1.0818,111147
2022-09-12,1.14,1.17,1.07,1.15,181137
2022-09-13,1.101,1.1451,1.08,1.1,108585
2022-09-14,1.1,1.18,1.05,1.13,185335
2022-09-15,1.1,1.1499,1.09,1.12,42127
2022-09-16,1.13,1.13,1.03,1.07,194911
2022-09-19,1.04,1.0886,1.02,1.05,92198
2022-09-20,1.02,1.08,1.0,1.04,116920
2022-09-21,1.01,1.02,0.9025,0.93,198063
2022-09-22,0.9021,0.910001,0.79,0.89,297045
2022-09-23,0.8633,0.8645,0.75,0.8336,91279
2022-09-26,0.8086,0.907356,0.8086,0.86,30476
2022-09-27,0.94,0.96,0.87,0.94,63200
2022-09-28,0.9118,0.93,0.89,0.9001,17894
2022-09-29,0.9007,0.9008,0.801,0.8019,59517
2022-09-30,0.8,0.8401,0.6309,0.77,39961
2022-10-03,0.765,0.8853,0.659,0.8159,457163
2022-10-04,0.81,0.87,0.7144,0.8111,131492
2022-10-05,0.8,0.94,0.77,0.8133,292187
2022-10-06,0.89,0.9,0.79,0.8151,38791
2022-10-07,0.7963,0.825,0.721,0.77,93983
2022-10-10,0.7799,0.7799,0.6666,0.68,122129
2022-10-11,0.659401,0.7338,0.6201,0.6713,61008
2022-10-12,0.69,0.805,0.63,0.7185,477936
2022-10-13,0.69,0.72,0.65,0.6901,161587
2022-10-14,0.671145,0.75,0.65,0.68,294551
2022-10-17,0.7,0.709,0.665,0.67,52944
2022-10-18,0.6701,0.69,0.6411,0.6411,87492
2022-10-19,0.65,0.6797,0.645,0.666919,49402
2022-10-20,0.6835,0.6835,0.65,0.6521,24418
2022-10-21,0.6396,0.6899,0.63,0.6501,58112
2022-10-24,0.63,0.66,0.6,0.6245,97532
2022-10-25,0.68,0.68,0.62,0.6497,26375
2022-10-26,0.665,0.68,0.62,0.66,95554
2022-10-27,0.6598,0.7,0.6101,0.6398,122207
2022-10-28,0.64,0.67,0.62,0.6309,19345
2022-10-31,0.62,0.6613,0.6,0.6,114651
2022-11-01,0.632531,0.65,0.6103,0.647,75577
2022-11-02,0.6498,0.6498,0.6011,0.6011,86581
2022-11-03,0.6012,0.63,0.5211,0.5773,207376
2022-11-04,0.5812,0.65,0.5812,0.6399,148619
2022-11-07,0.635701,0.67,0.6058,0.635,142746
2022-11-08,0.6398,0.639999,0.573,0.5868,73861
2022-11-09,0.57,0.609,0.56,0.5612,71703
2022-11-10,0.6,0.6058,0.5701,0.58,44113
2022-11-11,0.6189,0.7,0.6,0.639849,342596
2022-11-14,0.68,0.68,0.586,0.63,127614
2022-11-15,0.669999,0.7,0.6313,0.669999,205951
2022-11-16,0.67,0.6765,0.625,0.6598,88072
2022-11-17,0.659,0.73,0.632,0.67,287980
2022-11-18,0.6984,0.7083,0.6112,0.6201,124462
2022-11-21,0.63,0.639299,0.595,0.61,96922
2022-11-22,0.625,0.6399,0.571,0.6057,112354
2022-11-23,0.61,0.639999,0.595,0.6149,155896
2022-11-25,0.6456,0.6456,0.5702,0.6058,349094
2022-11-28,0.63,0.63,0.5853,0.614499,124173
2022-11-29,0.624999,0.69,0.5991,0.6383,264109
