2015-11-25,1.85,1.95,1.85,1.95,2000
2015-11-27,2.0,2.25,2.0,2.25,2000
2015-11-30,2.2,2.8,2.2,2.8,7000
2015-12-01,3.0,3.5,3.0,3.5,8900
2015-12-02,3.6,3.6,3.6,3.6,1500
2015-12-03,2.25,3.59,2.25,3.59,3100
2015-12-04,3.59,3.59,3.59,3.59,3100
2015-12-07,2.25,2.35,2.25,2.35,2000
2015-12-08,2.4,2.4,2.4,2.4,1000
2015-12-09,2.4,2.45,2.4,2.45,2000
2015-12-10,2.5,2.5,2.45,2.45,1500
2015-12-11,2.5,2.5,2.5,2.5,600
2015-12-14,2.5,2.5,2.5,2.5,0
2015-12-15,2.5,2.5,2.5,2.5,0
2015-12-16,2.5,2.5,2.5,2.5,0
2015-12-17,2.5,2.5,2.5,2.5,500
2015-12-18,2.55,2.7,2.55,2.7,5600
2015-12-21,2.7,2.7,2.7,2.7,5600
2015-12-22,2.7,2.7,2.7,2.7,0
2015-12-23,2.7,2.7,2.7,2.7,0
2015-12-24,2.7,2.7,2.7,2.7,25
2015-12-28,2.7,2.8,2.7,2.8,2280
2015-12-29,2.8,2.8,2.8,2.8,1000
2015-12-30,2.8,2.8,2.8,2.8,0
2015-12-31,2.8,2.8,2.8,2.8,0
2016-01-04,2.8,2.8,2.8,2.8,0
2016-01-05,2.8,2.85,2.8,2.85,10500
2016-01-06,2.89,2.9,2.89,2.9,6750
2016-01-07,2.9,2.9,2.9,2.9,0
2016-01-08,2.9,2.9,2.9,2.9,0
2016-01-11,2.9,2.9,2.9,2.9,0
2016-01-12,2.9,2.9,2.9,2.9,0
2016-01-13,2.9,2.9,2.9,2.9,0
2016-01-14,2.95,3.0,2.95,3.0,600
2016-01-15,3.0,3.0,3.0,3.0,0
2016-01-19,3.0,3.0,3.0,3.0,100
2016-01-20,3.0,3.0,3.0,3.0,0
2016-01-21,3.0,3.0,3.0,3.0,0
2016-01-22,3.0,3.0,3.0,3.0,100
2016-01-25,3.0,3.0,3.0,3.0,0
2016-01-26,3.0,3.0,3.0,3.0,0
2016-01-27,3.0,3.0,3.0,3.0,0
2016-01-28,3.0,3.0,3.0,3.0,0
2016-01-29,3.0,3.0,3.0,3.0,0
2016-02-01,3.0,3.0,3.0,3.0,0
2016-02-02,3.0,3.0,3.0,3.0,100
2016-02-03,2.908,2.908,2.908,2.908,100
2016-02-04,2.908,2.908,2.908,2.908,0
2016-02-05,2.908,2.908,2.908,2.908,0
2016-02-08,2.9,3.0,2.9,3.0,3050
2016-02-09,3.0,3.0,3.0,3.0,0
2016-02-10,3.1,3.1,3.1,3.1,2200
2016-02-11,3.1,3.1,3.1,3.1,200
2016-02-12,3.1,3.1,3.1,3.1,0
2016-02-16,3.1,3.1,3.1,3.1,0
2016-02-17,3.1,3.1,3.1,3.1,2000
2016-02-18,3.1,3.15,3.1,3.15,6280
2016-02-19,3.15,3.2,3.1,3.1,9450
2016-02-22,3.1,3.1,3.1,3.1,0
2016-02-23,3.18,3.18,3.18,3.18,1000
2016-02-24,3.18,3.18,3.18,3.18,0
2016-02-25,3.2,3.23,3.2,3.23,900
2016-02-26,3.23,3.3,3.23,3.3,3400
2016-02-29,3.3,3.3,3.3,3.3,0
2016-03-01,3.3,3.35,3.28,3.35,5030
2016-03-02,3.38,3.38,3.38,3.38,200
2016-03-03,3.38,3.5,3.38,3.5,2040
2016-03-04,3.5,3.5,3.5,3.5,700
2016-03-07,3.5,3.5,3.5,3.5,0
2016-03-08,3.5,3.55,3.5,3.52,3970
2016-03-09,3.55,3.55,3.55,3.55,1000
2016-03-10,3.55,3.55,3.55,3.55,0
2016-03-11,3.58,3.58,3.58,3.58,500
2016-03-14,3.6,3.6,3.6,3.6,900
2016-03-15,3.6,3.6,3.6,3.6,0
2016-03-16,3.6,3.6,3.6,3.6,0
2016-03-17,3.6,3.6,3.6,3.6,0
2016-03-18,3.6,3.6,3.6,3.6,0
2016-03-21,3.6,3.6,3.6,3.6,0
2016-03-22,3.6,3.6,3.6,3.6,0
2016-03-23,3.6,3.6,3.6,3.6,1900
2016-03-24,3.6,3.6,3.6,3.6,0
2016-03-28,3.6,3.6,3.6,3.6,0
2016-03-29,3.62,3.65,3.62,3.65,1930
2016-03-30,3.65,3.65,3.65,3.65,1070
2016-03-31,3.68,3.82,3.68,3.82,6540
2016-04-01,3.83,4.0,3.83,4.0,6400
2016-04-04,4.0,4.2,4.0,4.2,6150
2016-04-05,4.25,4.83,4.25,4.83,16062
2016-04-06,4.83,4.91,4.83,4.91,4169
2016-04-07,4.93,5.0,4.93,5.0,3920
2016-04-08,4.01,4.85,4.0,4.85,300
2016-04-11,4.95,4.95,4.75,4.83,1465
2016-04-12,4.84,4.95,4.84,4.95,420
2016-04-13,4.95,4.98,4.86,4.86,4196
2016-04-14,4.98,4.98,4.98,4.98,1140
2016-04-15,4.98,4.98,4.9777,4.9777,806
2016-04-18,5.0,5.05,4.998,5.05,600
2016-04-19,5.05,5.15,5.05,5.1,2075
2016-04-20,5.1,5.15,5.1,5.15,200
2016-04-21,5.15,5.3,5.15,5.29,3911
2016-04-22,5.3001,5.5,5.3001,5.5,1330
2016-04-25,6.0,6.2,6.0,6.2,2300
2016-04-26,6.2,6.2,6.2,6.2,600
2016-04-27,5.75,6.2,5.75,6.2,4052
2016-04-28,5.95,9.5,5.95,9.5,6670
2016-04-29,6.1,6.2,6.1,6.1,690
2016-05-02,6.15,6.2,6.15,6.2,921
2016-05-03,6.1,6.1,5.95,5.95,700
2016-05-04,6.1,6.3,6.1,6.3,1848
2016-05-05,6.3,6.3,6.0,6.0,784
2016-05-06,6.15,6.15,6.15,6.15,300
2016-05-09,6.15,6.22,6.15,6.22,1721
2016-05-10,6.0,6.0,6.0,6.0,450
2016-05-11,6.1,6.27,6.1,6.25,4142
2016-05-12,6.25,6.25,6.25,6.25,10
2016-05-13,6.18,6.2,6.18,6.2,1114
2016-05-16,6.15,6.15,6.0,6.0,1170
2016-05-17,6.0,6.0,6.0,6.0,10
2016-05-18,6.0,6.0,6.0,6.0,1000
2016-05-19,6.0,6.0,6.0,6.0,0
2016-05-20,6.0,6.0,6.0,6.0,1946
2016-05-23,5.5,5.5,5.5,5.5,323
2016-05-24,5.75,5.85,5.75,5.85,500
2016-05-25,5.85,5.85,5.85,5.85,30
2016-05-26,5.85,5.85,5.85,5.85,500
2016-05-27,5.85,5.85,5.85,5.85,0
2016-05-31,5.75,5.75,5.75,5.75,275
2016-06-01,5.8,5.95,5.8,5.95,2300
2016-06-02,5.95,6.12,5.95,6.12,2914
2016-06-03,6.12,6.17,6.12,6.15,2300
2016-06-06,6.05,6.05,6.05,6.05,200
2016-06-07,6.17,6.2,6.17,6.2,793
2016-06-08,6.05,6.05,6.05,6.05,200
2016-06-09,6.05,6.05,6.05,6.05,0
2016-06-10,6.05,6.05,6.05,6.05,0
2016-06-13,6.2,6.25,6.2,6.25,4500
2016-06-14,6.27,6.27,6.25,6.25,615
2016-06-15,6.16,6.21,6.16,6.21,400
2016-06-16,6.21,6.21,6.21,6.21,0
2016-06-17,6.1908,6.2,6.1908,6.2,500
2016-06-20,6.2,6.2,6.2,6.2,200
2016-06-21,6.22,6.25,6.19,6.19,1580
2016-06-22,6.28,6.29,6.25,6.29,1450
2016-06-23,6.3,6.35,6.3,6.35,1305
2016-06-24,6.35,6.41,6.35,6.41,3655
2016-06-27,6.42,6.5,6.42,6.5,2475
2016-06-28,6.5,6.6,6.5,6.55,1856
2016-06-29,6.55,6.63,6.55,6.63,1478
2016-06-30,6.63,6.63,6.6,6.6,745
2016-07-01,6.65,6.65,6.65,6.65,1423
2016-07-05,6.65,6.65,6.65,6.65,23
2016-07-06,6.67,6.7,6.67,6.7,2537
2016-07-07,6.74,6.8,6.74,6.8,2220
2016-07-08,6.7862,6.8,6.7862,6.8,460
2016-07-11,6.8,6.8,6.8,6.8,7
2016-07-12,6.8,6.8,6.8,6.8,610
2016-07-13,6.8,6.8,6.731,6.8,450
2016-07-14,6.8,6.8,6.8,6.8,0
2016-07-15,6.75,6.8,6.6925,6.8,1356
2016-07-18,6.8,6.82,6.8,6.8,1100
2016-07-19,6.82,6.82,6.82,6.82,450
2016-07-20,6.82,6.82,6.82,6.82,20
2016-07-21,6.7464,6.82,6.7464,6.82,506
2016-07-22,6.8277,6.83,6.8277,6.83,436
2016-07-25,6.83,6.86,6.76,6.86,2668
2016-07-26,6.86,6.87,6.85,6.85,1660
2016-07-27,6.86,6.87,6.21,6.21,1593
2016-07-28,6.21,6.21,6.21,6.21,0
2016-07-29,6.7,6.7,6.7,6.7,105
2016-08-01,6.7,6.7,6.7,6.7,0
2016-08-02,6.72,6.76,6.72,6.76,878
2016-08-03,6.76,6.76,6.76,6.76,0
2016-08-04,6.76,6.76,6.76,6.76,4
2016-08-05,6.76,6.76,6.76,6.76,0
2016-08-08,6.76,6.76,6.76,6.76,0
2016-08-09,6.76,6.76,6.76,6.76,6
2016-08-10,6.7231,6.74,6.7,6.7,920
2016-08-11,6.25,6.45,6.25,6.45,485
2016-08-12,6.6348,6.69,6.6348,6.69,1454
2016-08-15,6.69,6.69,6.69,6.69,50
2016-08-16,6.59,6.59,6.59,6.59,110
2016-08-17,6.59,6.59,6.59,6.59,10
2016-08-18,6.6,6.61,6.6,6.61,541
2016-08-19,6.65,6.8,6.65,6.8,1990
2016-08-22,6.8,6.8,6.7,6.7,1688
2016-08-23,6.71,6.71,6.6,6.71,2189
2016-08-24,6.69,6.69,6.69,6.69,285
2016-08-25,6.69,6.69,6.69,6.69,100
2016-08-26,6.69,6.69,6.69,6.69,220
2016-08-29,6.68,6.69,6.68,6.68,909
2016-08-30,6.6731,6.68,6.6731,6.68,1070
2016-08-31,6.6731,6.71,5.795,6.59,5906
2016-09-01,6.6,6.61,5.6,6.2,1395
2016-09-02,6.19,6.4,6.19,6.4,524
2016-09-06,6.6077,6.61,6.6077,6.61,449
2016-09-07,6.6,6.68,6.19,6.58,5871
2016-09-08,6.4926,6.7,6.4926,6.69,821
2016-09-09,6.69,6.69,6.69,6.69,190
2016-09-12,6.67,6.67,6.67,6.67,200
2016-09-13,6.6155,6.65,6.5924,6.62,870
2016-09-14,6.55,6.56,6.54,6.54,870
2016-09-15,6.55,6.55,6.55,6.55,350
2016-09-16,6.55,6.55,6.55,6.55,432
2016-09-19,6.55,6.55,6.55,6.55,408
2016-09-20,6.55,6.55,6.53,6.54,755
2016-09-21,6.5,6.5,6.4,6.4,530
2016-09-22,6.46,6.46,6.0,6.45,440
2016-09-23,6.48,6.48,6.48,6.48,144
2016-09-26,6.4777,6.49,6.4777,6.48,806
2016-09-27,6.48,6.5,6.48,6.5,1780
2016-09-28,6.5,6.59,6.5,6.59,2200
2016-09-29,6.59,6.65,6.588,6.63,2100
2016-09-30,6.63,6.66,6.6277,6.66,1957
2016-10-03,6.65,6.7,6.65,6.68,3395
2016-10-04,6.69,6.69,6.6854,6.69,1202
2016-10-05,6.6854,6.7,6.6854,6.7,2023
2016-10-06,6.71,6.75,6.7077,6.75,3394
2016-10-07,6.75,6.8,6.75,6.8,1270
2016-10-10,6.8,6.8,6.7877,6.8,1284
2016-10-11,6.8031,6.82,6.8031,6.81,4558
2016-10-12,6.81,6.83,6.808,6.83,2200
2016-10-13,6.825,6.84,6.81,6.84,1300
2016-10-14,6.833,6.85,6.833,6.85,3200
2016-10-17,6.85,6.87,6.85,6.87,2165
2016-10-18,6.87,6.88,6.85,6.88,2552
2016-10-19,6.88,6.9,6.75,6.8854,3228
2016-10-20,6.88,6.89,6.88,6.89,1446
2016-10-21,6.89,6.89,6.8777,6.89,2088
2016-10-24,6.88,6.92,6.88,6.92,5129
2016-10-25,6.9131,6.92,6.88,6.91,2903
2016-10-26,6.9,6.9,6.86,6.8731,3046
2016-10-27,6.8654,6.87,6.8377,6.85,2246
2016-10-28,6.85,6.86,6.7772,6.7772,2496
2016-10-31,6.85,6.85,6.78,6.83,2200
2016-11-01,6.83,6.83,6.78,6.78,1000
2016-11-02,6.8,6.8,6.79,6.79,4600
2016-11-03,6.78,6.78,6.55,6.55,1300
2016-11-04,6.55,6.65,6.431,6.431,1000
2016-11-07,6.354,6.4,5.31,6.2,1500
2016-11-08,6.1,6.1,6.0,6.0,1600
2016-11-09,5.8,5.8,5.4,5.6,2100
2016-11-10,5.6,5.63,5.6,5.63,1100
2016-11-11,5.62,5.8,5.62,5.747,2300
2016-11-14,5.77,5.8,5.74,5.779,2000
2016-11-15,5.78,5.85,5.78,5.84,4900
2016-11-16,5.87,5.97,5.8,5.95,5500
2016-11-17,5.95,6.07,5.95,6.07,2100
2016-11-18,6.07,6.25,6.07,6.25,2100
2016-11-21,6.27,6.9,6.26,6.9,5900
2016-11-22,6.85,6.85,6.85,6.85,400
2016-11-23,6.85,6.88,6.85,6.88,1300
2016-11-25,6.88,6.9,6.88,6.89,3300
2016-11-28,6.89,6.91,6.89,6.9,3000
2016-11-29,6.9,6.9,6.9,6.9,500
2016-11-30,6.78,7.25,6.05,7.05,6300
2016-12-01,6.9,6.9,6.75,6.8,600
2016-12-02,6.95,7.0,6.95,7.0,1500
2016-12-05,7.0,7.0,6.75,7.0,11000
2016-12-06,6.75,6.9425,6.55,6.9425,600
2016-12-07,6.95,6.95,6.75,6.75,10150
2016-12-08,6.75,7.1,6.75,7.1,7601
2016-12-09,7.15,7.38,7.15,7.3,7230
2016-12-12,7.35,7.87,7.0,7.87,3943
2016-12-13,7.7,7.88,7.7,7.88,1149
2016-12-14,7.5,7.5,7.15,7.4195,970
2016-12-15,7.1615,7.78,7.1615,7.78,905
2016-12-16,7.5,7.5,7.5,7.5,743
2016-12-19,7.277,7.3001,7.277,7.3001,500
2016-12-20,7.5,7.5,7.5,7.5,946
2016-12-21,7.5,7.88,7.5,7.55,1191
2016-12-22,7.5,7.8,7.5,7.6,3389
2016-12-23,7.55,7.7,7.55,7.7,4950
2016-12-27,7.5,7.64,7.5,7.5345,2170
2016-12-28,7.51,7.6,7.5,7.6,2440
2016-12-29,7.61,7.61,7.5,7.6,2800
2016-12-30,7.6115,7.6115,7.6,7.6,1568
2017-01-03,7.58,7.58,7.5,7.5,1712
2017-01-04,7.346,7.346,7.3,7.3,4663
2017-01-05,7.35,7.3615,7.35,7.35,2190
2017-01-06,7.3654,7.37,7.3654,7.37,855
2017-01-09,7.35,7.37,7.35,7.37,1520
2017-01-10,7.36,7.36,7.36,7.36,1560
2017-01-11,7.1948,7.27,7.1948,7.27,2089
2017-01-12,7.02,7.2,7.02,7.2,3168
2017-01-13,7.1616,7.1616,7.077,7.1,2610
2017-01-17,7.0385,7.0385,6.95,7.02,2166
2017-01-18,6.94,7.1,6.94,7.1,2260
2017-01-19,7.0885,7.0885,7.0577,7.08,2158
2017-01-20,7.0961,7.0961,7.06,7.0731,2613
2017-01-23,7.07,7.11,7.0654,7.11,3718
2017-01-24,7.1099,7.16,7.1099,7.16,3160
2017-01-25,7.17,7.22,7.17,7.22,3702
2017-01-26,7.2523,7.26,7.2224,7.26,3378
2017-01-27,7.2577,7.2654,7.2577,7.2654,1760
2017-01-30,7.27,7.27,7.21,7.21,3290
2017-01-31,7.21,7.24,7.2062,7.2354,2900
2017-02-01,7.16,7.23,7.16,7.16,1700
2017-02-02,7.162,7.21,7.162,7.21,2600
2017-02-03,7.209,7.254,7.209,7.254,2200
2017-02-06,7.209,7.26,7.209,7.252,2500
2017-02-07,7.25,7.389,7.25,7.389,3300
2017-02-08,7.346,7.35,7.25,7.35,3600
2017-02-09,7.35,7.4,7.3,7.3,4600
2017-02-10,7.3,7.5,7.3,7.5,3800
2017-02-13,7.5,7.5,7.45,7.48,1400
2017-02-14,7.48,7.49,7.424,7.43,3000
2017-02-15,7.418,7.42,7.35,7.41,2600
2017-02-16,7.45,7.45,7.389,7.4,3500
2017-02-17,7.45,7.46,7.423,7.436,2100
2017-02-21,7.42,8.43,7.42,8.1,2700
2017-02-22,8.01,8.15,7.6,7.6,2100
2017-02-23,7.71,7.71,7.71,7.71,400
2017-02-24,7.731,7.9,7.708,7.708,2300
2017-02-27,8.0,8.1,7.839,8.1,2600
2017-02-28,8.5,9.0,8.5,8.5,2900
2017-03-01,8.5,8.5,8.192,8.192,1700
2017-03-02,8.5,8.75,8.5,8.75,500
2017-03-03,8.65,8.65,8.65,8.65,200
2017-03-06,8.677,9.65,8.677,9.65,4200
2017-03-07,9.55,9.65,9.2,9.2,1400
2017-03-08,9.277,9.5,9.277,9.5,1000
2017-03-09,9.531,9.65,9.531,9.65,800
2017-03-10,9.604,9.739,9.604,9.739,1100
2017-03-13,10.5,10.5,9.5,9.9,4400
2017-03-14,10.012,10.012,9.692,10.0,2000
2017-03-15,10.0,10.0,10.0,10.0,0
2017-03-16,9.673,10.0,9.673,10.0,8200
2017-03-17,9.933,10.0,9.933,10.0,3300
2017-03-20,10.0,10.25,9.7,9.7,10600
2017-03-21,10.01,10.01,9.65,9.75,3100
2017-03-22,10.1,10.1,9.5,9.7,25611
2017-03-23,9.7,9.793,9.54,9.675,4494
2017-03-24,9.78,9.9899,9.7721,9.9378,2749
2017-03-27,9.9198,9.96,9.5902,9.644,7523
2017-03-28,9.7399,9.7399,9.5316,9.5316,4400
2017-03-29,9.35,9.475,7.56,7.99,32339
2017-03-30,8.09,8.1199,8.0,8.015,8292
2017-03-31,7.9001,7.9001,7.42,7.74,10039
2017-04-03,7.717,7.717,7.4889,7.4889,4401
2017-04-04,7.672,7.7,7.1,7.1,16311
2017-04-05,6.7,7.1,6.66,7.05,23290
2017-04-06,7.12,7.12,6.95,6.95,2875
2017-04-07,7.091,7.091,7.0,7.0432,1625
2017-04-10,6.98,7.09,6.98,7.05,3053
2017-04-11,7.4,7.75,7.21,7.6,6635
2017-04-12,7.19,7.55,7.19,7.48,3224
2017-04-13,7.5,7.5,7.4,7.5,2000
2017-04-17,7.7026,7.7026,7.44,7.44,947
2017-04-18,7.4929,7.4929,7.49,7.49,368
2017-04-19,7.5,7.5,7.3,7.5,4500
2017-04-20,7.24,7.24,7.24,7.24,188
2017-04-21,7.15,7.23,6.5,6.685,11526
2017-04-24,6.7,6.9,6.59,6.89,7297
2017-04-25,7.0,7.1,6.995,7.0838,1760
2017-04-26,7.15,7.257,7.15,7.2,1720
2017-04-27,7.25,7.8,7.25,7.8,5459
2017-04-28,7.8137,7.9999,7.75,7.98,11361
2017-05-01,8.0,8.0,7.96,7.972,3731
2017-05-02,8.05,8.05,7.868,7.98,8051
2017-05-03,8.05,8.05,8.024,8.024,1050
2017-05-04,8.04,8.05,8.0251,8.0301,3900
2017-05-05,8.0449,8.0499,8.036,8.0419,1000
2017-05-08,8.05,8.0902,7.9,7.9,5800
2017-05-09,8.0,8.0,7.8,7.85,4100
2017-05-10,7.5,7.99,7.27,7.65,3875
2017-05-11,7.25,7.4599,7.25,7.44,3990
2017-05-12,7.27,7.287,7.07,7.19,5500
2017-05-15,7.53,7.55,7.53,7.5426,696
2017-05-16,7.3,7.3,7.0932,7.0932,2200
2017-05-17,7.0929,7.0932,6.6,6.868,730
2017-05-18,6.94,7.05,6.89,6.96,6749
2017-05-19,7.233,7.233,7.0,7.05,26300
2017-05-22,6.98,6.99,6.98,6.98,400
2017-05-23,7.01,7.01,6.98,6.98,447
2017-05-24,6.99,6.99,6.97,6.97,447
2017-05-25,6.8867,6.8867,6.8867,6.8867,1011
2017-05-26,6.89,6.89,6.73,6.89,768
2017-05-30,6.88,6.88,6.5899,6.6936,6150
2017-05-31,6.69,6.7,6.55,6.55,924
2017-06-01,6.55,6.55,6.0,6.27,2115
2017-06-02,6.28,6.28,6.2,6.2,790
2017-06-05,6.3,6.42,6.29,6.3,1400
2017-06-06,6.2938,6.2938,5.66,5.66,2162
2017-06-07,5.7,6.1981,5.7,6.1,1800
2017-06-08,6.09,6.09,6.0,6.0,300
2017-06-09,6.39,6.39,6.0,6.08,915
2017-06-12,6.0,6.08,5.9564,6.0,2000
2017-06-13,6.0349,6.0349,5.933,5.933,2000
2017-06-14,5.8,5.8,5.5,5.69,11375
2017-06-15,5.69,5.7,5.66,5.6819,2591
2017-06-16,5.65,5.6814,5.5,5.6814,2475
2017-06-19,5.55,5.55,5.2501,5.523,976
2017-06-20,5.53,5.6,5.26,5.26,2700
2017-06-21,5.3,5.3,5.07,5.26,500
2017-06-22,5.09,5.2847,5.09,5.281,900
2017-06-23,5.243,5.243,4.64,5.1295,3235
2017-06-26,5.3,5.3,5.05,5.19,400
2017-06-27,5.2,5.2,5.05,5.05,1400
2017-06-28,5.203,5.203,5.203,5.203,166
2017-06-29,5.2949,5.2949,5.2949,5.2949,100
2017-06-30,5.2247,5.2247,5.15,5.2185,1300
2017-07-03,5.23,5.23,5.23,5.23,239
2017-07-05,5.4348,5.4348,4.64,4.89,5650
2017-07-06,4.76,4.7673,4.52,4.6351,2550
2017-07-07,4.41,4.6,4.35,4.6,2139
2017-07-10,4.7603,4.7852,4.7603,4.7852,900
2017-07-11,4.83,4.83,4.75,4.8,9040
2017-07-12,4.15,4.23,4.1,4.165,5225
2017-07-13,4.2,4.22,3.51,3.69,18423
2017-07-14,3.8,3.8,3.78,3.8,650
2017-07-17,3.9,3.9,3.897,3.899,450
2017-07-18,3.85,3.85,3.8337,3.8337,3050
2017-07-19,3.772,3.772,3.772,3.772,551
2017-07-20,3.6,3.6,3.49,3.5,3385
2017-07-21,3.5,3.5,3.5,3.5,0
2017-07-24,3.5,3.73,3.5,3.73,600
2017-07-25,3.74,3.98,3.5035,3.98,7130
2017-07-26,3.9,3.9,3.9,3.9,400
2017-07-27,3.73,3.84,3.7,3.84,600
2017-07-28,3.84,3.84,3.84,3.84,0
2017-07-31,3.42,3.42,3.4034,3.4034,210
2017-08-01,3.2,3.276,3.0,3.1994,1530
2017-08-02,3.1,3.1,3.1,3.1,200
2017-08-03,3.26,3.26,3.26,3.26,250
2017-08-04,3.2905,3.45,3.2905,3.45,1300
2017-08-07,3.25,3.25,3.25,3.25,1000
2017-08-08,3.34,3.49,3.34,3.49,450
2017-08-09,3.48,4.675,3.48,4.0,1990
2017-08-10,4.0,4.0,4.0,4.0,0
2017-08-11,4.0,4.0,4.0,4.0,0
2017-08-14,4.0,4.0,4.0,4.0,0
2017-08-15,4.0,4.0,4.0,4.0,0
2017-08-16,4.0,4.0,4.0,4.0,0
2017-08-17,3.78,3.78,3.78,3.78,100
2017-08-18,3.9,3.9,3.9,3.9,250
2017-08-21,3.9,3.9,3.9,3.9,0
2017-08-22,3.26,3.26,3.26,3.26,600
2017-08-23,3.35,3.35,3.35,3.35,1250
2017-08-24,3.35,3.35,3.35,3.35,0
2017-08-25,3.35,3.35,3.25,3.25,400
2017-08-28,3.15,3.16,3.0,3.0,1250
2017-08-29,3.0,3.1,3.0,3.025,1100
2017-08-30,3.0,3.138,3.0,3.138,1050
2017-08-31,3.01,3.01,3.0,3.0,725
2017-09-01,3.0,3.0,2.9925,3.0,967
2017-09-05,3.0,3.2899,3.0,3.0519,3083
2017-09-06,3.0,3.07,3.0,3.07,1020
2017-09-07,3.05,3.05,3.0,3.05,1010
2017-09-08,3.29,3.29,3.0,3.05,1941
2017-09-11,3.02,3.02,3.01,3.01,239
2017-09-12,3.008,3.008,3.0,3.0,733
2017-09-13,3.0,3.0,3.0,3.0,353
2017-09-14,3.0,3.006,3.0,3.0,601
2017-09-15,3.0814,3.0814,2.8,2.8,3289
2017-09-18,2.8,2.8,2.7,2.74,3611
2017-09-19,2.75,2.76,2.69,2.76,2100
2017-09-20,2.55,2.55,2.55,2.55,6622
2017-09-21,2.5,2.5,2.5,2.5,301
2017-09-22,2.75,3.082,2.7,2.7,697
2017-09-25,2.75,2.8,2.633,2.633,6440
2017-09-26,2.633,2.633,2.633,2.633,29
2017-09-27,2.633,2.633,2.633,2.633,0
2017-09-28,2.633,2.633,2.633,2.633,50
2017-09-29,2.55,2.63,2.15,2.3,4720
2017-10-02,2.58,2.58,2.3,2.3,2721
2017-10-03,2.3,2.3,2.3,2.3,212
2017-10-04,2.412,2.424,2.4,2.4,650
2017-10-05,2.45,2.45,2.45,2.45,102
2017-10-06,2.455,2.9,2.455,2.66,5800
2017-10-09,2.759,3.1,2.75,3.1,6284
2017-10-10,3.0,3.05,3.0,3.04,775
2017-10-11,3.05,3.056,3.05,3.05,2854
2017-10-12,2.95,3.5,2.95,3.162,1025
2017-10-13,3.24,3.28,3.24,3.266,2777
2017-10-16,3.5,3.624,3.5,3.56,5951
2017-10-17,3.696,3.85,3.671,3.671,7592
2017-10-18,3.58,3.723,3.37,3.37,8871
2017-10-19,3.37,3.37,3.37,3.37,5
2017-10-20,3.35,3.43,3.35,3.43,1250
2017-10-23,3.526,3.526,3.2,3.2,6810
2017-10-24,3.43,3.43,3.43,3.43,2000
2017-10-25,3.25,3.42,3.21,3.42,2977
2017-10-26,3.42,3.42,3.42,3.42,0
2017-10-27,3.4201,3.4201,3.4201,3.4201,10
2017-10-30,3.2,3.2,3.2,3.2,658
2017-10-31,3.25,3.25,2.98,2.98,530
2017-11-01,3.2,3.507,3.2,3.507,3800
2017-11-02,3.49,3.51,3.49,3.49,530
2017-11-03,3.49,4.499,3.49,4.0,24445
2017-11-06,4.49,5.05,4.095,4.171,15256
2017-11-07,4.17,4.253,3.89,4.074,9103
2017-11-08,4.08,4.22,4.0,4.0,5855
2017-11-09,3.93,4.14,3.9,4.0,4972
2017-11-10,4.0,4.0,4.0,4.0,75
2017-11-13,4.05,4.2,4.0,4.07,9611
2017-11-14,4.0,4.1,3.79,3.8,10389
2017-11-15,4.0,4.0,3.012,3.012,11517
2017-11-16,2.73,3.5,2.73,3.3,12940
2017-11-17,3.299,3.3,3.183,3.275,5751
2017-11-20,3.2,3.215,3.05,3.05,10601
2017-11-21,2.91,3.022,2.9,3.022,1857
2017-11-22,2.899,2.92,2.899,2.911,2420
2017-11-24,2.8,2.81,2.73,2.76,4969
2017-11-27,2.7091,2.82,2.7,2.82,1957
2017-11-28,2.808,2.9865,2.808,2.9865,1125
2017-11-29,2.987,2.987,2.987,2.987,30
2017-11-30,2.7414,3.0,2.7001,2.9665,2715
2017-12-01,2.9852,3.01,2.9744,3.0,4605
2017-12-04,3.0,3.15,2.73,2.8,10244
2017-12-05,2.86,3.0,2.8479,2.95,9901
2017-12-06,2.95,2.95,2.95,2.95,200
2017-12-07,2.98,3.0,2.98,2.99,683
2017-12-08,2.98,3.0,2.8371,2.8371,4080
2017-12-11,2.89,2.89,2.89,2.89,135
2017-12-12,2.94,2.95,2.87,2.95,624
2017-12-13,2.7054,2.96,2.7054,2.95,2963
2017-12-14,2.95,2.95,2.7,2.7525,2045
2017-12-15,2.7,2.7892,2.7,2.7892,2880
2017-12-18,2.72,2.7596,2.71,2.7201,2439
2017-12-19,2.66,2.8559,2.63,2.67,10765
2017-12-20,2.57,2.6473,2.53,2.58,6159
2017-12-21,2.53,2.695,2.5,2.58,11912
2017-12-22,2.57,2.7334,2.4895,2.7,16541
2017-12-26,2.7,2.7,2.7,2.7,40
2017-12-27,2.54,2.7,2.54,2.7,1700
2017-12-28,2.7,2.7,2.7,2.7,0
2017-12-29,2.46,2.5101,2.45,2.5101,747
2018-01-02,2.41,2.89,2.41,2.89,2758
2018-01-03,2.9,2.9,2.4072,2.6,5780
2018-01-04,2.6,2.9,2.55,2.59,7628
2018-01-05,2.43,2.92,2.43,2.75,12580
2018-01-08,2.75,2.8899,2.75,2.82,3650
2018-01-09,2.76,2.82,2.73,2.82,5332
2018-01-10,2.82,2.82,2.82,2.82,0
2018-01-11,2.82,2.82,2.82,2.82,0
2018-01-12,2.82,2.9714,2.82,2.9091,3471
2018-01-16,2.92,3.0,2.92,2.95,6895
2018-01-17,2.59,2.8801,2.5125,2.6762,4200
2018-01-18,2.64,2.64,2.6,2.6,3600
2018-01-19,2.613,2.62,2.5055,2.5055,2663
2018-01-22,2.41,2.5984,2.41,2.5984,937
2018-01-23,2.4001,2.4001,2.4001,2.4001,250
2018-01-24,2.61,2.61,2.555,2.555,416
2018-01-25,2.5199,2.5779,2.5199,2.5779,2563
2018-01-26,2.5714,2.5728,2.56,2.56,1162
2018-01-29,2.4,2.52,2.28,2.28,16175
2018-01-30,2.2801,2.32,2.23,2.23,4800
2018-01-31,2.2391,2.36,2.2391,2.26,5841
2018-02-01,2.34,2.44,2.34,2.35,4600
2018-02-02,2.3,2.3,2.22,2.3,1300
2018-02-05,2.18,2.18,2.18,2.18,219
2018-02-06,2.19,2.19,2.18,2.19,800
2018-02-07,2.19,2.19,2.19,2.19,0
2018-02-08,2.19,2.19,2.19,2.19,0
2018-02-09,2.11,2.12,2.01,2.01,3877
2018-02-12,2.01,2.01,2.01,2.01,0
2018-02-13,2.01,2.0725,2.01,2.0101,1500
2018-02-14,2.0101,2.0201,2.0101,2.0201,830
2018-02-15,2.03,2.03,2.03,2.03,505
2018-02-16,2.03,2.0301,2.03,2.0301,1000
2018-02-20,2.0301,2.0301,2.0301,2.0301,1030
2018-02-21,2.201,2.201,2.201,2.201,312
2018-02-22,2.4,2.4,2.03,2.03,950
2018-02-23,2.03,2.03,2.01,2.01,3289
2018-02-26,2.0108,2.02,2.01,2.01,1503
2018-02-27,2.01,2.01,2.01,2.01,10
2018-02-28,2.0101,2.0101,2.0101,2.0101,500
2018-03-01,2.0101,2.0101,2.0101,2.0101,500
2018-03-02,2.11,2.11,2.01,2.045,1304
2018-03-05,2.0101,2.11,2.0101,2.03,1100
2018-03-06,2.03,2.03,2.01,2.01,2600
2018-03-07,2.01,2.0201,2.01,2.0201,1000
2018-03-08,2.0703,2.0703,2.05,2.05,3345
2018-03-09,2.04,2.05,2.0101,2.026,2400
2018-03-12,2.02,2.02,2.02,2.02,500
2018-03-13,2.1044,2.1044,2.0201,2.0201,600
2018-03-14,2.06,2.1,2.06,2.1,1100
2018-03-15,2.0999,2.0999,2.0999,2.0999,195
2018-03-16,2.0804,2.225,2.0804,2.12,800
2018-03-19,2.06,2.06,2.06,2.06,1800
2018-03-20,2.1086,2.1086,2.06,2.06,2000
2018-03-21,2.06,2.06,2.06,2.06,500
2018-03-22,2.06,2.06,2.06,2.06,0
2018-03-23,2.06,2.06,2.06,2.06,0
2018-03-26,2.1999,2.1999,2.1999,2.1999,2000
2018-03-27,2.15,2.1556,2.15,2.1556,700
2018-03-28,2.25,2.25,1.96,2.1054,2200
2018-03-29,2.19,2.19,2.0801,2.1,4380
2018-04-02,2.1,2.1,2.1,2.1,50
2018-04-03,2.175,2.175,2.0294,2.06,700
2018-04-04,2.1,2.1,2.1,2.1,1600
2018-04-05,2.05,2.05,2.0499,2.05,1587
2018-04-06,1.88,2.0201,1.88,2.0201,300
2018-04-09,2.01,2.0101,2.01,2.0101,1168
2018-04-10,2.0101,2.0101,2.0101,2.0101,0
2018-04-11,2.0999,2.0999,2.0999,2.0999,200
2018-04-12,2.01,2.01,2.01,2.01,300
2018-04-13,2.0101,2.02,2.01,2.02,609
2018-04-16,2.07,2.1499,2.07,2.1,1426
2018-04-17,2.0992,2.1,2.0989,2.1,1000
2018-04-18,2.1,2.1,2.1,2.1,0
2018-04-19,2.0201,2.0992,2.0201,2.0899,1140
2018-04-20,2.02,2.04,2.02,2.0389,1982
2018-04-23,2.0389,2.0389,2.0389,2.0389,0
2018-04-24,2.085,2.0852,2.085,2.0852,450
2018-04-25,2.02,2.02,2.01,2.01,903
2018-04-26,2.01,2.01,2.01,2.01,0
2018-04-27,2.0201,2.0201,2.0201,2.0201,600
2018-04-30,2.01,2.02,2.01,2.02,800
2018-05-01,2.01,2.01,2.01,2.01,900
2018-05-02,2.01,2.154,2.01,2.154,2000
2018-05-03,2.052,2.052,2.0458,2.0499,4236
2018-05-04,2.34,2.34,2.2,2.2,2825
2018-05-07,2.3101,2.3101,2.31,2.31,652
2018-05-08,2.2152,2.2152,2.2152,2.2152,500
2018-05-09,2.345,2.345,2.32,2.32,749
2018-05-10,2.3301,2.3301,2.33,2.33,1100
2018-05-11,2.3583,2.3583,2.3583,2.3583,200
2018-05-14,2.15,2.2701,2.15,2.27,1900
2018-05-15,2.27,2.27,2.27,2.27,50
2018-05-16,2.35,2.37,2.35,2.37,1320
2018-05-17,2.37,2.37,2.37,2.37,5
2018-05-18,2.1809,2.19,2.1809,2.19,503
2018-05-21,2.19,2.19,2.19,2.19,0
2018-05-22,2.1901,2.2,2.19,2.19,2000
2018-05-23,2.19,2.19,2.19,2.19,0
2018-05-24,2.08,2.0859,2.0201,2.0497,2810
2018-05-25,2.0497,2.0497,2.0497,2.0497,0
2018-05-29,2.03,2.03,2.03,2.03,600
2018-05-30,2.0301,2.0301,2.0301,2.0301,4
2018-05-31,2.41,3.24,2.15,2.32,151426
2018-06-01,2.59,2.59,2.1032,2.1199,20508
2018-06-04,2.2,2.2,2.02,2.03,10015
2018-06-05,2.03,2.1109,2.02,2.1109,1563
2018-06-06,2.1032,2.1032,2.02,2.0499,5501
2018-06-07,2.045,2.1154,2.045,2.1154,757
2018-06-08,2.1899,2.1899,2.1899,2.1899,100
2018-06-11,2.02,2.0852,2.02,2.0852,1700
2018-06-12,2.1,2.1,2.02,2.02,10436
2018-06-13,2.05,2.087,2.05,2.087,6800
2018-06-14,2.087,2.087,2.087,2.087,0
2018-06-15,2.087,2.087,2.087,2.087,0
2018-06-18,2.087,2.087,2.087,2.087,0
2018-06-19,2.01,2.01,2.01,2.01,500
2018-06-20,2.01,2.01,2.01,2.01,124
2018-06-21,1.9497,1.9497,1.805,1.805,5569
2018-06-22,1.805,1.805,1.805,1.805,100
2018-06-25,1.82,1.82,1.81,1.81,1800
2018-06-26,1.81,1.81,1.81,1.81,0
2018-06-27,1.81,2.0,1.5447,1.65,16193
2018-06-28,1.55,1.55,1.26,1.2601,14026
2018-06-29,1.25,1.7838,1.19,1.67,43799
2018-07-02,1.87,1.87,1.3,1.35,30715
2018-07-03,1.45,1.4772,1.36,1.4772,2103
2018-07-05,1.77,1.77,1.36,1.36,12141
2018-07-06,1.42,1.4299,1.3,1.31,2540
2018-07-09,1.3,1.3809,1.3,1.3058,1527
2018-07-10,1.35,1.4429,1.33,1.401,11491
2018-07-11,1.5075,1.78,1.5,1.6844,47337
2018-07-12,1.7416,1.75,1.48,1.4948,10876
2018-07-13,1.4401,1.5446,1.4401,1.52,2624
2018-07-16,1.6,1.6,1.3651,1.491,11351
2018-07-17,1.32,1.48,1.32,1.48,8798
2018-07-18,1.3201,1.41,1.3201,1.3301,4800
2018-07-19,1.33,1.48,1.33,1.44,2168
2018-07-20,1.3367,1.36,1.3367,1.35,1032
2018-07-23,1.3266,1.3537,1.3266,1.3537,3400
2018-07-24,1.32,1.4,1.32,1.32,5855
2018-07-25,1.33,1.342,1.33,1.342,3400
2018-07-26,1.357,1.357,1.357,1.357,3000
2018-07-27,1.36,1.3652,1.36,1.3652,3899
2018-07-30,1.3601,1.3601,1.351,1.351,5273
2018-07-31,1.25,1.3311,1.25,1.33,7379
2018-08-01,1.2509,1.2509,1.2509,1.2509,500
2018-08-02,1.26,1.2705,1.2501,1.2677,3165
2018-08-03,1.22,1.22,1.21,1.21,1000
2018-08-06,1.246,1.25,1.08,1.08,28247
2018-08-07,1.0801,1.0801,1.02,1.0341,47608
2018-08-08,1.0748,1.08,0.924,1.0565,12718
2018-08-09,0.93,1.04,0.9,0.985,3585
2018-08-10,0.99,1.1,0.99,1.1,31868
2018-08-13,1.1,1.76,1.1,1.39,257393
2018-08-14,1.37,1.37,0.99,1.07,44564
2018-08-15,1.07,1.07,0.8856,1.0,22602
2018-08-16,0.95,1.0887,0.95,1.0706,17650
2018-08-17,1.0,1.0356,0.9775,0.9775,9969
2018-08-20,0.8907,0.9775,0.8907,0.949,28685
2018-08-21,1.09,1.09,0.86,0.8975,54215
2018-08-22,0.95,0.998,0.95,0.998,5093
2018-08-23,1.03,1.034,0.898,0.9512,13504
2018-08-24,0.9212,0.951,0.837,0.917,20153
2018-08-27,0.74,0.917,0.74,0.917,4248
2018-08-28,0.927,1.0154,0.8665,0.8921,81555
2018-08-29,0.8828,0.8828,0.7601,0.8617,34548
2018-08-30,1.03,1.03,0.87,0.87,3773
2018-08-31,0.89,0.95,0.87,0.8744,17142
2018-09-04,0.77,0.86,0.77,0.8007,25489
2018-09-05,0.8192,0.8192,0.76,0.79,9111
2018-09-06,0.77,0.81,0.77,0.7819,8198
2018-09-07,0.8019,0.8019,0.7619,0.7912,7519
2018-09-10,0.79,0.8,0.79,0.7998,4738
2018-09-11,0.88,0.88,0.6824,0.7547,14541
2018-09-12,0.7996,0.9,0.758,0.759,13116
2018-09-13,0.7892,1.0,0.7892,0.97,70107
2018-09-14,1.02,1.02,0.7905,0.91,33704
2018-09-17,0.93,0.9388,0.9,0.92,5351
2018-09-18,0.68,0.92,0.68,0.92,4515
2018-09-19,0.95,0.96,0.90408,0.90408,5901
2018-09-20,0.9,0.9,0.9,0.9,7387
2018-09-21,0.9143,0.9143,0.9,0.9,2715
2018-09-24,0.9189,1.09,0.9189,1.09,19037
2018-09-25,1.03,1.04,0.9958,1.03,8350
2018-09-26,1.0,1.0029,0.94,1.0,45988
2018-09-27,0.97,1.0,0.8805,0.9004,18357
2018-09-28,0.91,0.911,0.842,0.8757,8601
2018-10-01,0.9,0.9,0.86,0.86,348
2018-10-02,0.86,0.94,0.8458,0.94,140103
2018-10-03,0.91,0.92,0.88,0.88,22900
2018-10-04,0.914,0.9257,0.7703,0.7703,38746
2018-10-05,0.7403,0.7437,0.6999,0.7,13068
2018-10-08,0.7,0.731706,0.67,0.731706,20716
2018-10-09,0.7348,0.7348,0.6866,0.6866,12594
2018-10-10,0.6895,0.7195,0.6895,0.6922,11103
2018-10-11,0.6656,0.682925,0.6322,0.642798,27784
2018-10-12,0.6529,0.848,0.65,0.6954,124904
2018-10-15,0.74,0.7406,0.6612,0.678,11271
2018-10-16,0.7,0.8198,0.7,0.764,17257
2018-10-17,0.7875,1.49,0.7723,0.8,675284
2018-10-18,0.829,1.35,0.829,0.86,238100
2018-10-19,0.86,1.1,0.86,0.9105,48693
2018-10-22,1.05,1.05,0.9,0.9,15577
2018-10-23,0.9,1.1,0.9,0.922,75784
2018-10-24,0.96,0.96,0.7703,0.772,18590
2018-10-25,0.7644,0.801,0.7644,0.79,13950
2018-10-26,0.808,0.97,0.7892,0.8137,33900
2018-10-29,0.784,0.8029,0.7837,0.8029,6874
2018-10-30,0.8228,0.8228,0.76,0.76,6976
2018-10-31,0.7403,0.76,0.725774,0.74,3900
2018-11-01,0.74185,0.8001,0.74185,0.8001,9455
2018-11-02,0.7998,0.84,0.7705,0.78,4190
2018-11-05,0.78,0.78,0.78,0.78,27
2018-11-06,0.75,0.8758,0.75,0.8669,26676
2018-11-07,0.8369,0.8769,0.7903,0.8324,34700
2018-11-08,0.91,0.9245,0.784,0.8434,22762
2018-11-09,0.8688,0.8688,0.8,0.8,3895
2018-11-12,0.8,0.82,0.77,0.8,14757
2018-11-13,0.82,0.82,0.7701,0.82,10524
2018-11-14,0.810648,0.810648,0.7603,0.8019,9436
2018-11-15,0.95,0.95,0.7758,0.84,7128
2018-11-16,0.8559,0.8559,0.7739,0.8061,5900
2018-11-19,0.82,0.82,0.7,0.772,5703
2018-11-20,0.7403,0.7403,0.64,0.6773,35551
2018-11-21,0.6837,0.6837,0.55,0.6409,35443
2018-11-23,0.6609,0.6609,0.65,0.6557,2900
2018-11-26,0.66,0.77,0.66,0.77,10227
2018-11-27,0.78,0.78,0.69,0.74,2732
2018-11-28,0.74,0.74,0.74,0.74,0
2018-11-29,0.7378,0.7378,0.7103,0.7103,988
2018-11-30,0.71,0.71,0.71,0.71,0
2018-12-03,0.74,0.76,0.7201,0.76,2200
2018-12-04,0.73,0.7302,0.7003,0.7003,11700
2018-12-06,0.6703,0.6703,0.612,0.641001,7000
2018-12-07,0.611,0.641,0.5704,0.641,9934
2018-12-10,0.6421,0.6533,0.6421,0.65,5850
2018-12-11,0.68,0.71,0.675,0.6801,9175
2018-12-12,0.7101,0.84,0.6458,0.6901,94921
2018-12-13,0.6601,0.6901,0.5749,0.6002,21808
2018-12-14,0.61,0.613,0.5732,0.5732,11515
2018-12-17,0.5829,0.5829,0.5829,0.5829,620
2018-12-18,0.593,0.593,0.59,0.59,18483
2018-12-19,0.62,0.71,0.6,0.6,3362
2018-12-20,0.585,0.6372,0.585,0.6372,2300
2018-12-21,0.65,0.6501,0.65,0.6501,3821
2018-12-24,0.452,0.67,0.452,0.6571,33305
2018-12-26,0.657,0.6871,0.6271,0.6271,6057
2018-12-27,0.64,0.6458,0.6034,0.63,3240
2018-12-28,0.65,0.66,0.6,0.66,2450
2018-12-31,0.4725,0.6832,0.4725,0.681,4450
2019-01-02,0.7,0.711,0.7,0.711,1100
2019-01-03,0.711,0.711,0.711,0.711,0
2019-01-04,0.711,0.711,0.711,0.711,60
2019-01-07,0.7,0.700698,0.5111,0.561,2901
2019-01-08,0.58,0.58,0.58,0.58,1200
2019-01-09,0.6,0.639,0.6,0.639,330
2019-01-10,0.639,0.639,0.639,0.639,52
2019-01-11,0.639,0.639,0.639,0.639,50
2019-01-14,0.639,0.639,0.639,0.639,0
2019-01-15,0.66,0.69,0.66,0.69,650
2019-01-16,0.69,0.69,0.69,0.69,0
2019-01-17,0.66,0.66,0.63,0.63,296
2019-01-18,0.65,0.6899,0.6448,0.6899,4331
2019-01-22,0.6868,0.6868,0.6868,0.6868,4170
2019-01-23,0.6568,0.6568,0.64,0.6432,5869
2019-01-24,0.6458,0.6458,0.6458,0.6458,100
2019-01-25,0.646,0.646,0.646,0.646,0
2019-01-28,0.6189,0.6189,0.6189,0.6189,113
2019-01-29,0.619,0.619,0.619,0.619,0
2019-01-30,0.6489,0.6489,0.645341,0.645341,200
2019-01-31,0.6753,0.6852,0.6753,0.68,5988
2019-02-01,0.7,0.92,0.7,0.8099,126820
2019-02-04,0.81,0.81,0.7499,0.7499,4059
2019-02-05,0.752,0.752,0.662,0.662,1400
2019-02-06,0.68,0.6834,0.68,0.6834,2586
2019-02-07,0.7001,0.7001,0.7,0.7,1065
2019-02-08,0.7,0.7,0.7,0.7,0
2019-02-11,0.6799,0.6799,0.6799,0.6799,100
2019-02-12,0.7,0.7005,0.685,0.7,15077
2019-02-13,0.7,0.7,0.7,0.7,0
2019-02-14,0.7,0.7,0.7,0.7,0
2019-02-15,0.7,0.7,0.7,0.7,0
2019-02-19,0.67,0.69,0.66,0.6678,2541
2019-02-20,0.8155,0.8155,0.7344,0.7344,3001
2019-02-22,0.7344,0.7344,0.7344,0.7344,10
2019-02-25,0.77,0.77,0.7543,0.77,18500
2019-02-26,0.8425,0.8425,0.6731,0.6731,17100
2019-02-27,0.7,0.7,0.69,0.69,5904
2019-02-28,0.67,0.67,0.66,0.6627,1215
2019-03-01,0.68,0.68,0.68,0.68,399
2019-03-04,0.68,0.68,0.68,0.68,0
2019-03-05,0.76,0.8576,0.7107,0.76,418547
2019-03-06,0.7312,1.38,0.7312,0.81,897002
2019-03-07,0.8,0.8,0.46,0.69,64479
2019-03-08,0.69,0.69,0.6,0.64,10056
2019-03-11,0.65,0.65,0.63,0.65,5470
2019-03-12,0.66,0.66,0.65,0.65,992
2019-03-13,0.5308,0.799,0.5208,0.64,114912
2019-03-14,0.72,0.7201,0.64,0.6401,11204
2019-03-15,0.6,0.6,0.56,0.5786,7795
2019-03-18,0.5484,0.75,0.54,0.6231,15735
2019-03-19,0.71,0.8,0.67,0.799,49508
2019-03-20,0.8409,0.97,0.6899,0.71,50368
2019-03-21,0.72,0.72,0.6,0.65,28305
2019-03-22,0.6501,0.6771,0.6501,0.6727,2880
2019-03-25,0.66,0.8,0.64,0.7199,6119
2019-03-26,0.6443,0.6525,0.6443,0.6525,429
2019-03-27,0.696011,1.32,0.696011,0.8535,291588
2019-03-28,0.95,0.9609,0.745514,0.79,26955
2019-03-29,0.652,0.82,0.652,0.805,5318
2019-04-01,0.827812,0.827812,0.827812,0.827812,460
2019-04-02,0.85,0.85,0.722,0.734832,9185
2019-04-03,0.72,0.739202,0.72,0.739202,6232
2019-04-04,0.73,0.91,0.6801,0.81,32588
2019-04-05,0.854219,0.854219,0.76,0.76,800
2019-04-08,0.832,0.98,0.79,0.89,4060
2019-04-09,0.8901,0.99,0.75,0.939,36637
2019-04-10,0.988,1.1799,0.86,0.92,59098
2019-04-11,0.86,0.968,0.831,0.841,20883
2019-04-12,0.82,0.85,0.7739,0.85,11500
2019-04-15,0.819,1.03,0.819,0.8744,14451
2019-04-16,0.9617,0.9617,0.8736,0.8736,13302
2019-04-17,0.804,0.8299,0.77,0.78,5553
2019-04-18,0.8579,0.8579,0.7739,0.7739,1350
2019-04-22,0.7727,0.778671,0.77,0.778671,4800
2019-04-23,0.77,0.774307,0.7679,0.774307,1409
2019-04-24,0.82,0.82,0.82,0.82,149
2019-04-25,0.77,0.77,0.77,0.77,1400
2019-04-29,0.77,0.77,0.77,0.77,18
2019-04-30,0.8469,0.88,0.7869,0.7869,1440
2019-05-01,0.7986,0.7986,0.7966,0.7966,2400
2019-05-02,0.7966,0.7966,0.7966,0.7966,62
2019-05-03,0.7406,0.8,0.7406,0.8,1316
2019-05-06,0.8,0.8,0.8,0.8,200
2019-05-07,0.8,0.8,0.8,0.8,50
2019-05-08,0.804,0.804,0.76,0.76,3300
2019-05-09,0.7565,0.7565,0.7565,0.7565,1600
2019-05-10,0.93,0.93,0.7,0.729349,5832
2019-05-13,0.729,0.729,0.729,0.729,0
2019-05-14,0.729,0.729,0.729,0.729,0
2019-05-15,0.729349,0.729349,0.729349,0.729349,97
2019-05-16,0.7693,0.8362,0.7693,0.8362,3185
2019-05-17,0.8362,0.8362,0.8362,0.8362,5
2019-05-20,0.79,0.79,0.7152,0.7152,1025
2019-05-21,0.7,0.7,0.6599,0.66,2700
2019-05-22,0.66,0.66,0.66,0.66,0
2019-05-23,0.65,0.6628,0.65,0.6533,7425
2019-05-24,0.653,0.653,0.653,0.653,0
2019-05-28,0.65,0.6533,0.65,0.6502,4649
2019-05-29,0.65,0.6527,0.65,0.65,6876
2019-05-30,0.6169,0.6175,0.57035,0.581,13268
2019-05-31,0.6362,0.6362,0.6362,0.6362,200
2019-06-03,0.63,0.6332,0.59,0.63,28100
2019-06-05,0.63,0.67,0.63,0.67,1077
2019-06-06,0.67,0.67,0.67,0.67,0
2019-06-07,0.58,0.6071,0.58,0.6071,654
2019-06-10,0.55,0.55,0.55,0.55,5000
2019-06-11,0.6,0.6,0.6,0.6,1286
2019-06-12,0.6,0.7487,0.6,0.6014,14700
2019-06-13,0.5529,0.63,0.5501,0.63,4300
2019-06-14,0.82,0.85,0.71,0.71,5208
2019-06-17,0.85,0.91,0.75,0.75,11884
2019-06-18,0.7999,0.7999,0.6201,0.689968,3408
2019-06-19,0.645878,0.86,0.645878,0.7199,22243
2019-06-20,0.8,0.87,0.75395,0.82,10200
2019-06-21,0.71,0.74,0.65,0.7,4846
2019-06-24,0.7035,0.7035,0.7035,0.7035,901
2019-06-25,0.92,0.93,0.7,0.7,7746
2019-06-26,0.7,0.7001,0.65,0.65,13035
2019-06-27,0.6577,0.7,0.655,0.66,1446
2019-06-28,0.67,0.67,0.67,0.67,300
2019-07-01,0.67,0.67,0.66,0.66,316
2019-07-02,0.7008,0.7008,0.7008,0.7008,400
2019-07-03,0.69,0.69,0.69,0.69,259
2019-07-05,0.69,0.69,0.69,0.69,224
2019-07-08,0.6903,0.6903,0.69,0.69,5200
2019-07-09,0.6935,0.6935,0.6935,0.6935,119
2019-07-10,0.694,0.694,0.694,0.694,0
2019-07-11,0.6935,0.6935,0.6935,0.6935,45
2019-07-12,0.7344,0.76,0.7344,0.739,1200
2019-07-15,0.6995,0.74,0.63,0.65,10759
2019-07-16,0.65,0.6615,0.6,0.6,11700
2019-07-17,0.6,0.6,0.6,0.6,0
2019-07-18,0.6,0.611501,0.5512,0.5539,15675
2019-07-19,0.543,0.543,0.543,0.543,3501
2019-07-22,0.543,0.543,0.543,0.543,0
2019-07-23,0.6378,0.6378,0.56,0.59,5401
2019-07-24,0.5107,0.5126,0.5,0.5126,802
2019-07-25,0.5126,0.5126,0.5126,0.5126,32
2019-07-26,0.513,0.513,0.513,0.513,0
2019-07-29,0.6019,1.05,0.6,0.64,553416
2019-07-30,0.95,0.95,0.601,0.64,76790
2019-07-31,0.64,0.64,0.6,0.602589,68435
2019-08-01,0.641,0.659,0.52,0.5725,36350
2019-08-02,0.57,0.57,0.5253,0.5253,7174
2019-08-05,0.5,0.5201,0.5,0.51,26037
2019-08-06,0.5126,0.5126,0.5126,0.5126,2578
2019-08-07,0.5126,0.5126,0.402,0.47,16034
2019-08-08,0.44,0.44,0.44,0.44,375
2019-08-09,0.43,0.4346,0.39,0.4098,16595
2019-08-12,0.35,0.4099,0.35,0.3518,3270
2019-08-13,0.36,0.4835,0.36,0.4546,13706
2019-08-14,0.5874,0.5899,0.46,0.49,5712
2019-08-15,0.52,0.52,0.4138,0.42,3946
2019-08-16,0.4869,0.487622,0.361,0.403638,12218
2019-08-19,0.4,0.4,0.39431,0.39431,300
2019-08-20,0.394,0.394,0.394,0.394,0
2019-08-21,0.413057,0.493,0.413057,0.4736,6300
2019-08-22,0.474,0.474,0.474,0.474,0
2019-08-23,0.4792,0.4792,0.391,0.391,9720
2019-08-26,0.43,0.43,0.43,0.43,1293
2019-08-27,0.398,0.4,0.3973,0.4,3713
2019-08-28,0.3601,0.401641,0.3601,0.401641,1240
2019-08-29,0.402,0.402,0.402,0.402,0
2019-08-30,0.402,0.402,0.402,0.402,0
2019-09-03,0.395,0.395,0.395,0.395,400
2019-09-04,0.41,0.42,0.41,0.4134,24765
2019-09-05,0.418919,0.46,0.418919,0.46,1739
2019-09-06,0.49,0.49,0.49,0.49,122
2019-09-09,0.49,0.499519,0.49,0.495,15148
2019-09-10,0.47785,0.4799,0.4599,0.4599,3254
2019-09-11,0.4599,0.4599,0.4599,0.4599,278
2019-09-12,0.5057,0.52,0.5057,0.506,5354
2019-09-13,0.52,0.76,0.52,0.58,33335
2019-09-16,0.58,0.58,0.54,0.54,500
2019-09-17,0.5939,0.6339,0.5619,0.579392,10979
2019-09-18,0.6371,0.6371,0.55,0.56,15214
2019-09-19,0.55,0.5528,0.55,0.5528,5401
2019-09-20,0.55,0.560888,0.55,0.560888,247
2019-09-23,0.57,0.57,0.53,0.53,19234
2019-09-24,0.535,0.5401,0.5323,0.5324,14900
2019-09-25,0.5325,0.5325,0.4899,0.4899,5586
2019-09-26,0.5,0.51,0.5,0.5,7016
2019-09-27,0.51,0.5138,0.51,0.5138,1275
2019-09-30,0.5301,0.5301,0.5301,0.5301,500
2019-10-01,0.531,0.531021,0.5101,0.5101,4494
2019-10-02,0.53,0.53,0.48,0.51,22000
2019-10-03,0.5263,0.530155,0.467,0.52,8905
2019-10-04,0.52,0.52,0.52,0.52,0
2019-10-07,0.52,0.52,0.52,0.52,0
2019-10-08,0.55,0.55,0.52,0.54,13563
2019-10-09,0.54,0.54,0.54,0.54,0
2019-10-10,0.54,0.54,0.54,0.54,652
2019-10-11,0.499,0.64999,0.48,0.5989,48376
2019-10-14,0.63482,0.6621,0.6131,0.6621,16800
2019-10-15,0.7,0.92,0.5,0.6701,409382
2019-10-16,0.74,0.74,0.5561,0.594177,86971
2019-10-17,0.5374,0.613676,0.53,0.57,24733
2019-10-18,0.5999,0.77,0.5999,0.65,121318
2019-10-21,0.663981,0.68,0.512,0.5499,19469
2019-10-22,0.55,0.5628,0.55,0.5628,4476
2019-10-23,0.55,0.57,0.545506,0.545506,9154
2019-10-24,0.55,0.572958,0.55,0.572958,6040
2019-10-25,0.55,0.599,0.543076,0.543076,47181
2019-10-28,0.5176,0.5176,0.4951,0.49999,33394
2019-10-29,0.494949,0.5,0.494949,0.4999,1027
2019-10-30,0.49,0.4935,0.49,0.4901,3600
2019-10-31,0.4999,0.7364,0.49,0.5037,162090
2019-11-01,0.5102,0.55339,0.494423,0.494423,65502
2019-11-04,0.52,0.5245,0.5045,0.5093,7338
2019-11-05,0.49,0.514999,0.49,0.514999,5082
2019-11-06,0.49,0.49,0.49,0.49,261
2019-11-07,0.519996,0.519996,0.519996,0.519996,4102
2019-11-08,0.5174,0.5174,0.5174,0.5174,400
2019-11-11,0.5101,0.5101,0.510001,0.510001,2600
2019-11-12,0.510001,0.510001,0.510001,0.510001,1
2019-11-13,0.5101,0.510201,0.51,0.510201,580
2019-11-14,0.506246,0.506246,0.506246,0.506246,100
2019-11-15,0.52835,0.52835,0.5175,0.5175,2102
2019-11-18,0.52375,0.52375,0.5,0.5,1300
2019-11-19,0.5,0.5,0.5,0.5,22
2019-11-20,0.5,0.5,0.49,0.49,502
2019-11-21,0.51,0.571151,0.49,0.49,50916
2019-11-22,0.5,0.53,0.491,0.53,25384
2019-11-25,0.5459,0.5459,0.5001,0.5001,9208
2019-11-26,0.54,0.58,0.54,0.5673,12830
2019-11-27,0.56,0.56,0.56,0.56,558
2019-11-29,0.54455,0.54455,0.501,0.5137,1482
2019-12-02,0.52,0.52,0.52,0.52,440
2019-12-03,0.501,0.501,0.48005,0.4811,14141
2019-12-04,0.5,0.5122,0.5,0.50291,3610
2019-12-05,0.5,0.5002,0.46,0.5,5208
2019-12-06,0.5,0.5,0.5,0.5,1
2019-12-09,0.5,0.5,0.5,0.5,1800
2019-12-10,0.5,0.5,0.5,0.5,0
2019-12-11,0.502601,0.54,0.502601,0.54,200
2019-12-12,0.55,0.57,0.47985,0.4819,44256
2019-12-13,0.5,0.7499,0.4303,0.45,127552
2019-12-16,0.529,0.529,0.469,0.470797,16990
2019-12-17,0.4332,0.515,0.4332,0.491,21601
2019-12-18,0.4664,0.4664,0.4664,0.4664,1000
2019-12-19,0.499899,0.499899,0.469374,0.499,5100
2019-12-20,0.4492,0.4692,0.4301,0.4324,5607
2019-12-23,0.453028,0.4955,0.4301,0.4555,4011
2019-12-24,0.4327,0.45,0.43,0.4327,10282
2019-12-26,0.454,0.454,0.454,0.454,408
2019-12-27,0.464899,0.464899,0.4409,0.4409,11011
2019-12-30,0.4101,0.427372,0.4101,0.427372,4300
2019-12-31,0.43426,0.499,0.43038,0.499,780
2020-01-02,0.454787,0.5,0.4,0.5,16221
2020-01-03,0.51,0.6,0.480049,0.5,29221
2020-01-06,0.5248,0.5248,0.5,0.51,9598
2020-01-07,0.53,0.530155,0.53,0.53,12815
2020-01-08,0.55,0.57,0.55,0.55,12434
2020-01-09,0.58,0.65,0.565,0.6069,46036
2020-01-10,0.6,0.73,0.6,0.69,101180
2020-01-13,0.76,0.79,0.6,0.773281,141152
2020-01-14,0.8,0.8,0.7,0.72,44941
2020-01-15,0.76,0.86,0.74,0.74,9633
2020-01-16,0.7,0.7761,0.589268,0.6601,39692
2020-01-17,0.7,0.71,0.69,0.69,19923
2020-01-21,0.6889,0.72,0.68,0.688,14874
2020-01-22,0.6889,0.73,0.68,0.6999,21653
2020-01-23,0.7,0.9,0.7,0.88,57570
2020-01-24,0.95,1.03,0.8844,0.960084,59893
2020-01-27,0.93,1.0,0.56,0.98,84950
2020-01-28,0.7407,1.0,0.7407,0.8183,45209
2020-01-29,0.8423,1.0,0.84,0.994438,19809
2020-01-30,0.9975,1.05,0.945,1.05,29393
2020-01-31,1.04,1.24,1.04,1.22,33868
2020-02-03,1.3791,1.4,1.12,1.33,25575
2020-02-04,1.3,1.9,1.3,1.82,90742
2020-02-05,1.97,2.38,1.76,1.77,343656
2020-02-06,1.49,1.72,1.0,1.12,182157
2020-02-07,1.22,1.26,1.09,1.1437,36825
2020-02-10,1.19,1.23,1.15,1.1673,17149
2020-02-11,1.2,1.3752,1.18,1.3752,47398
2020-02-12,1.39,1.3986,1.34,1.3833,25255
2020-02-13,1.44,1.44,1.2,1.2,3938
2020-02-14,1.23,1.385,1.15,1.385,22608
2020-02-18,1.26,1.3573,1.26,1.3573,16721
2020-02-19,1.29,1.4398,1.29,1.4076,7453
2020-02-20,1.49,1.49,1.33,1.44,7712
2020-02-21,1.4,1.4244,1.39,1.4244,1499
2020-02-24,1.42,1.435,1.41,1.43,1936
2020-02-25,1.37,1.4214,1.2,1.22,28352
2020-02-26,1.12,1.41,1.08,1.2901,69877
2020-02-27,1.23,1.2359,1.1859,1.2143,5688
2020-02-28,1.13,1.181,0.8105,1.07,34052
2020-03-02,1.0565,1.395,1.0251,1.395,50173
2020-03-03,1.64,1.64,1.4201,1.4655,17914
2020-03-04,1.5,1.54,1.5,1.52,16738
2020-03-05,1.43,1.5,1.37,1.5,3345
2020-03-06,1.4,1.4,1.3266,1.3799,25584
2020-03-09,1.38,1.38,1.33,1.355,4024
2020-03-10,1.4,1.5728,1.39,1.48,13090
2020-03-11,1.4701,1.4701,1.19,1.39,7232
2020-03-12,1.45,1.5074,1.0251,1.15,6928
2020-03-13,1.14,1.14,0.98,1.13,7905
2020-03-16,1.06,1.1,0.94,0.99,5282
2020-03-17,0.99,1.01,0.94,0.94,3597
2020-03-18,0.99,0.99,0.93,0.94,3122
2020-03-19,0.99,0.99,0.7627,0.853901,6456
2020-03-20,0.89,0.8995,0.81,0.81,6754
2020-03-23,0.975,0.98,0.93,0.93,1082
2020-03-24,1.08,1.0838,0.9912,0.992,2952
2020-03-25,0.97,1.01,0.96,0.988,8544
2020-03-26,1.07,1.13,1.07,1.1101,2011
2020-03-27,1.17,1.17,1.17,1.17,317
2020-03-30,1.19,1.22,1.14,1.1501,6461
2020-03-31,1.24,1.24,1.2,1.2,800
2020-04-01,1.29,1.2964,1.19,1.19,3634
2020-04-02,1.3,1.3,1.1999,1.1999,1401
2020-04-03,1.2516,1.2682,1.2142,1.2392,2400
2020-04-06,1.3199,1.3599,1.3,1.33,3000
2020-04-07,1.3228,1.35,1.29,1.29,1904
2020-04-08,1.38,1.38,1.3,1.3,1994
2020-04-09,1.3,1.3,1.25,1.25,1211
2020-04-13,1.35,1.35,1.2777,1.35,815
2020-04-14,1.26,1.3,1.22,1.24,3429
2020-04-15,1.3,1.3311,1.29,1.29,2501
2020-04-16,1.4019,1.4399,1.34,1.34,4944
2020-04-17,1.45,1.45,1.39,1.39,1011
2020-04-20,1.31,1.3603,1.31,1.32,1609
2020-04-21,1.0,1.2299,1.0,1.2299,1165
2020-04-22,1.44,1.44,1.35,1.35,1590
2020-04-23,1.41,1.443,1.39,1.44,3068
2020-04-24,1.44,1.44,1.44,1.44,214
2020-04-27,1.45,1.49,1.45,1.47,1652
2020-04-28,1.49,1.49,1.43,1.47,2062
2020-04-29,1.52,1.52,1.41,1.49,13269
2020-04-30,1.5,1.55,1.5,1.55,6483
2020-05-01,1.55,1.84,1.55,1.84,11862
2020-05-04,1.9,1.9015,1.63,1.65,17285
2020-05-05,1.64,1.67,1.55,1.64,2464
2020-05-06,1.62,1.63,1.55,1.58,10775
2020-05-07,1.71,1.71,1.65,1.7,5808
2020-05-08,1.7736,1.78,1.7527,1.78,2796
2020-05-11,1.85,1.85,1.795,1.82,5119
2020-05-12,1.848,1.848,1.69,1.6922,4068
2020-05-13,1.77,1.84,1.7399,1.7399,3052
2020-05-14,1.63,1.63,1.63,1.63,1205
2020-05-15,1.5,1.5173,1.46,1.5173,734
2020-05-18,1.5173,1.5173,1.5173,1.5173,249
2020-05-19,1.5277,1.5277,1.51,1.51,527
2020-05-20,1.51,1.51,1.51,1.51,276
2020-05-21,1.5,1.5,1.3801,1.41,1793
2020-05-22,1.38,1.38,1.37,1.37,526
2020-05-26,1.37,1.37,1.25,1.28,6176
2020-05-27,1.34,1.34,1.32,1.325,1254
2020-05-28,1.35,1.36,1.32,1.35,614
2020-05-29,1.38,1.38,1.34,1.38,3270
2020-06-01,1.395,1.395,1.395,1.395,217
2020-06-02,1.39,1.39,1.3818,1.3818,1500
2020-06-03,1.4,1.48,1.39,1.39,4435
2020-06-04,1.4006,1.44,1.4006,1.44,657
2020-06-05,1.46,1.46,1.45,1.45,769
2020-06-08,1.45,1.48,1.4,1.4,618
2020-06-09,1.3101,1.355,1.3101,1.355,304
2020-06-10,1.39,1.85,1.3637,1.61,52661
2020-06-11,1.64,1.6764,1.5082,1.5082,4711
2020-06-12,1.51,1.51,1.44,1.495,1147
2020-06-15,1.4,1.4,1.3,1.3065,2583
2020-06-16,1.3893,1.4,1.32,1.3201,3866
2020-06-17,1.3202,1.3501,1.3,1.305,5522
2020-06-18,1.29,1.29,1.28,1.2801,1815
2020-06-19,1.32,1.36,1.28,1.28,3767
2020-06-22,1.28,1.36,1.25,1.34,1702
2020-06-23,1.3299,1.36,1.3,1.3001,10327
2020-06-24,1.3,1.3001,1.26,1.26,1500
2020-06-25,1.28,1.2809,1.26,1.2801,4187
2020-06-26,1.26,1.31,1.26,1.2601,9038
2020-06-29,1.26,1.26,1.07,1.07,3600
2020-06-30,1.1,1.1,1.04,1.04,1200
2020-07-01,1.01,1.01,1.01,1.01,2200
2020-07-02,1.01,1.01,1.0,1.01,800
2020-07-06,1.01,1.01,1.01,1.01,60
2020-07-07,1.0,1.0,1.0,1.0,1700
2020-07-08,1.069,1.31,1.01,1.165,51400
2020-07-09,1.31,1.55,1.06,1.144,199500
2020-07-10,1.11,1.29,1.05,1.09,36200
2020-07-13,1.0,1.06,1.0,1.05,10500
2020-07-14,1.01,1.06,1.0,1.06,3700
2020-07-15,1.1,1.159,1.07,1.08,12500
2020-07-16,1.08,1.08,1.02,1.02,3000
2020-07-17,1.05,1.05,1.03,1.03,1100
2020-07-20,1.1,1.1,1.0,1.0,3945
2020-07-21,1.0,1.04,0.89,1.0,7907
2020-07-22,1.019,1.019,1.0,1.0,1639
2020-07-23,1.05,1.14,0.95,0.965,32931
2020-07-24,1.0,1.0,0.9,0.95,1979
2020-07-27,1.0,1.0451,1.0,1.03,15711
2020-07-28,1.05,1.07,0.83,0.83,46395
2020-07-29,1.1,1.1,0.87,0.9168,124912
2020-07-30,0.9984,1.0,0.91,0.91,13069
2020-07-31,1.0,1.005,0.8404,0.8404,31528
2020-08-03,0.87,0.88,0.87,0.88,10561
2020-08-04,0.96775,1.0,0.8862,0.9438,15841
2020-08-05,0.9388,0.9388,0.8801,0.8846,4828
2020-08-06,0.9467,0.95,0.9467,0.95,415
2020-08-07,1.05,1.42,0.9,0.935,228565
2020-08-10,0.94,1.0032,0.8414,0.88409,63185
2020-08-11,0.98,0.99,0.8945,0.8978,6257
2020-08-12,0.94,0.94,0.7726,0.8,14967
2020-08-13,0.819,0.8825,0.819,0.8805,5796
2020-08-14,0.875001,0.899899,0.8444,0.899899,12391
2020-08-17,0.85,0.9199,0.85,0.9199,1240
2020-08-18,0.91,0.94,0.87,0.94,15688
2020-08-19,0.94,1.05,0.94,1.035,26206
2020-08-20,1.04,1.09,1.0101,1.0599,18508
2020-08-21,1.16,1.16,0.9611,0.99,22214
2020-08-24,1.05,1.05,0.93,0.9611,3303
2020-08-25,1.02,1.0954,1.02,1.0801,41951
2020-08-26,1.1107,1.115,1.06,1.09,24327
2020-08-27,1.08,1.0801,1.065,1.065,418
2020-08-28,1.05,1.05,0.94,0.9501,11064
2020-08-31,0.95,0.95,0.9002,0.9002,10872
2020-09-01,0.89,0.9197,0.88,0.89,7046
2020-09-02,0.89,0.89,0.8075,0.8116,25618
2020-09-03,0.849899,0.85,0.81,0.815,12167
2020-09-04,0.800977,0.846,0.800977,0.83,3608
2020-09-08,0.892,0.892,0.816,0.816,3915
2020-09-09,0.85,0.87,0.816,0.816,7383
2020-09-10,0.816,0.816,0.816,0.816,178
2020-09-11,0.8699,0.8699,0.8699,0.8699,261
2020-09-14,0.8699,0.8699,0.8699,0.8699,24
2020-09-15,0.799,0.836,0.799,0.836,4297
2020-09-16,0.799,0.89,0.799,0.88,12018
2020-09-17,0.8809,0.8809,0.87,0.87,2340
2020-09-18,0.87,0.87,0.87,0.87,24
2020-09-21,0.8275,0.8275,0.8275,0.8275,264
2020-09-22,0.9244,0.9244,0.78,0.790999,6144
2020-09-23,0.85,0.886,0.85,0.87,8370
2020-09-24,0.87,0.88,0.8065,0.8065,4169
2020-09-25,0.8065,0.8799,0.785,0.876,8600
2020-09-28,0.788501,0.856,0.785,0.8225,1875
2020-09-29,0.82,0.8225,0.8,0.8,7022
2020-09-30,0.85,0.8756,0.85,0.8756,986
2020-10-01,0.9,1.1701,0.9,1.02,290460
2020-10-02,1.09,1.09,0.9656,1.0324,10366
2020-10-05,1.07,1.07,0.98,0.98,1930
2020-10-06,0.98,1.0484,0.98,1.04,2785
2020-10-07,1.04,1.1,1.04,1.0501,4777
2020-10-08,1.03,1.05,1.0141,1.04,3833
2020-10-09,1.04,1.05,0.94,1.0,7086
2020-10-12,1.0,1.0,1.0,1.0,1
2020-10-13,1.0,1.04,1.0,1.04,1563
2020-10-14,1.07,1.07,1.04,1.0628,1460
2020-10-15,1.0599,1.59,1.05,1.359,374508
2020-10-16,1.25,1.3,1.1,1.3,82999
2020-10-19,1.285,1.5317,1.27,1.47,110132
2020-10-20,1.549,1.55,1.3668,1.445,49027
2020-10-21,1.4604,1.491,1.451,1.49,8545
2020-10-22,1.46,1.5425,1.38,1.38,21797
2020-10-23,1.406,1.47,1.406,1.41,1573
2020-10-26,1.4,1.4001,1.115,1.115,10730
2020-10-27,1.1902,1.2201,1.1902,1.2152,2461
2020-10-28,1.1752,1.1752,1.05,1.06,9991
2020-10-29,1.065,1.108,1.0,1.0308,11647
2020-10-30,1.044,1.06,0.9993,1.03,865
2020-11-02,1.0273,1.04,1.0273,1.04,749
2020-11-03,0.9673,1.0352,0.95,1.0352,4120
2020-11-04,0.95,1.04,0.95,1.04,2172
2020-11-05,1.1,1.35,1.0998,1.32,35528
2020-11-06,1.23,1.23,1.06,1.09,12234
2020-11-09,1.15,1.27,1.15,1.245,9677
2020-11-10,1.3,1.3001,1.27,1.3001,1845
2020-11-11,1.2403,1.2403,1.17,1.21,4428
2020-11-12,1.15,1.22,1.15,1.22,2191
2020-11-13,1.2,1.2,1.15,1.15,2008
2020-11-16,1.2366,1.2366,1.205,1.23,1509
2020-11-17,1.195,1.195,1.05,1.06,6303
2020-11-18,1.14,1.14,1.11,1.12,5058
2020-11-19,1.0808,1.0808,1.0,1.022,18969
2020-11-20,1.0,1.1044,0.9385,0.97,32719
2020-11-23,0.9749,1.01,0.9,0.9,27809
2020-11-24,0.9105,1.21,0.9105,1.2099,143064
2020-11-25,1.23,1.25,1.03,1.08,83173
2020-11-27,1.2,1.2,1.1558,1.165,7523
2020-11-30,1.1258,1.1701,1.06,1.11,59583
2020-12-01,1.08,1.88,1.05,1.26,1654651
2020-12-02,1.19,1.24,1.08,1.205,226321
2020-12-03,1.32,1.76,1.2,1.43,677740
2020-12-04,1.41,1.5,1.34,1.44,120121
2020-12-07,1.49,1.5,1.375,1.45,45193
2020-12-08,1.48,1.495,1.3166,1.35,29709
2020-12-09,1.3,1.3399,1.28,1.3,8196
2020-12-10,1.29,1.5102,1.29,1.41,191865
2020-12-11,1.37,1.41,1.2201,1.3096,39520
2020-12-14,1.24,1.3101,1.2301,1.3099,8579
2020-12-15,1.37,1.37,1.25,1.25,64437
2020-12-16,1.2701,1.2961,1.25,1.26,28501
2020-12-17,1.7,2.67,1.48,2.16,19929978
2020-12-18,1.76,2.29,1.76,2.29,1168979
2020-12-21,2.14,2.14,1.74,1.74,366916
2020-12-22,1.72,2.19,1.72,2.19,266774
2020-12-23,2.12,2.49,1.92,2.01,254650
2020-12-24,1.97,1.97,1.7,1.77,98760
2020-12-28,1.76,1.82,1.65,1.6501,57867
2020-12-29,1.66,1.69,1.6,1.62,25006
2020-12-30,1.61,1.72,1.4,1.45,114429
2020-12-31,1.5,1.5,1.43,1.48,29286
2021-01-04,1.36,1.4,1.23,1.32,118017
2021-01-05,1.28,1.55,1.28,1.4,109141
2021-01-06,1.49,1.5199,1.38,1.41,105157
2021-01-07,1.36,1.56,1.36,1.42,71409
2021-01-08,1.4,2.0,1.39,1.76,476811
2021-01-11,1.61,1.78,1.57,1.57,94586
2021-01-12,1.66,1.9399,1.62,1.79,97772
2021-01-13,1.8409,2.2,1.73,2.17,1041736
2021-01-14,2.0,2.08,1.84,1.88,311537
2021-01-15,1.98,1.98,1.79,1.7901,83339
2021-01-19,1.8,1.8499,1.7,1.82,54920
2021-01-20,1.86,1.86,1.71,1.77,56103
2021-01-21,1.74,1.82,1.71,1.71,57221
2021-01-22,1.78,1.98,1.65,1.96,244009
2021-01-25,1.99,2.14,1.8883,1.91,90851
2021-01-26,1.8715,1.8715,1.66,1.87,67266
2021-01-27,1.75,1.97,1.75,1.8901,83348
2021-01-28,1.88,2.19,1.82,1.8301,167058
2021-01-29,1.835,2.27,1.79,2.1,356646
2021-02-01,2.17,2.2,1.99,2.0,109678
2021-02-02,2.18,2.714,2.03,2.46,508732
2021-02-03,2.49,2.66,2.3084,2.32,151198
2021-02-04,2.3,2.42,2.08,2.1,298812
2021-02-05,2.39,4.15,2.12,3.23,2715883
2021-02-08,3.2,3.3,2.83,3.01,301305
2021-02-09,3.06,3.155,2.96,3.03,61918
2021-02-10,3.14,3.14,2.5,2.775,155186
2021-02-11,2.93,2.93,2.74,2.86,64563
2021-02-12,2.8,4.09,2.76,3.38,1084097
2021-02-16,3.32,3.39,3.09,3.27,82676
2021-02-17,3.42,3.79,3.12,3.22,75288
2021-02-18,3.2,4.7434,3.15,4.1,2098853
2021-02-19,3.65,3.88,3.37,3.5,249764
2021-02-22,3.54,3.9284,3.21,3.3,285415
2021-02-23,3.1,3.1,2.5,2.71,186097
2021-02-24,2.7,3.04,2.6205,3.0,148719
2021-02-25,3.07,3.24,2.79,3.1,88810
2021-02-26,2.99,3.2599,2.77,3.12,88514
2021-03-01,3.24,3.4,3.1079,3.26,66088
2021-03-02,3.43,3.46,3.18,3.25,46166
2021-03-03,3.175,3.175,2.82,2.89,45925
2021-03-04,3.08,3.08,2.34,2.49,97115
2021-03-05,2.5,2.6847,2.32,2.53,120304
2021-03-08,2.57,2.81,2.57,2.73,60643
2021-03-09,2.65,2.83,2.65,2.82,41616
2021-03-10,2.59,2.7943,2.52,2.73,65000
2021-03-11,2.8,4.2,2.745,3.93,1850542
2021-03-12,3.86,4.44,3.55,4.09,801611
2021-03-15,4.06,9.3,3.9,8.39,8262504
2021-03-16,6.94,7.11,5.31,5.99,2381865
2021-03-17,5.26,24.9,5.2,22.6,66584089
2021-03-18,31.49,40.54,18.51,30.06,49212600
2021-03-19,28.52,33.94,25.81,29.68,20847113
2021-03-22,26.0,52.2,25.51,49.0,37047765
2021-03-23,59.0,74.11,50.56,53.8,26692977
2021-03-24,45.36,49.0,35.2,36.76,7518361
2021-03-25,33.42,43.9,31.59,39.5,7250076
2021-03-26,40.01,44.85,37.3,39.51,2531282
2021-03-29,40.0,40.7,29.0,30.5,1220428
2021-03-30,31.16,39.53,30.0,34.1,3058465
2021-03-31,33.09,36.99,31.13,34.0,1290576
2021-04-01,33.45,37.35,32.1975,33.5,1482834
2021-04-05,33.84,45.85,33.84,37.94,4720028
2021-04-06,39.55,43.0,37.23,39.06,951278
2021-04-07,39.5,40.09,35.0,36.88,565668
2021-04-08,36.64,36.64,33.0,33.47,503765
2021-04-09,33.49,35.61,32.5,33.01,269856
2021-04-12,33.05,33.05,26.36,26.41,525954
2021-04-13,26.65,26.65,23.3,23.81,613602
2021-04-14,23.61,29.85,23.61,26.41,2801199
2021-04-15,25.47,26.39,21.77,22.08,421586
2021-04-16,20.5,21.3836,19.22,20.86,462438
2021-04-19,20.85,20.8707,17.7701,17.86,266632
2021-04-20,18.0,23.89,17.22,19.05,6767818
2021-04-21,18.15,20.9,17.75,20.49,766979
2021-04-22,21.05,29.45,20.5,24.15,14758586
2021-04-23,24.55,35.48,24.55,33.0,10278163
2021-04-26,29.93,37.91,28.5,31.1,4923855
2021-04-27,31.74,34.63,30.55,31.8,1590883
2021-04-28,31.07,35.3,30.6,31.49,1672752
2021-04-29,32.0,41.33,30.52,39.11,4970356
2021-04-30,36.32,39.39,31.0,32.31,2190343
2021-05-03,33.61,33.8898,28.86,29.05,1279891
2021-05-04,27.83,32.4,25.57,30.6,1414343
2021-05-05,30.61,30.61,27.66,27.67,538800
2021-05-06,27.66,27.98,23.99,24.22,526360
2021-05-07,24.4,26.8999,24.02,24.02,476342
2021-05-10,24.2,24.7271,21.33,21.97,377559
2021-05-11,20.3,23.87,20.3,22.1,408672
2021-05-12,22.49,26.5,20.8759,21.63,1378421
2021-05-13,21.62,22.679,19.32,20.24,400991
2021-05-14,21.45,23.64,20.3401,21.5,1007773
2021-05-17,21.05,22.45,20.62,21.93,517110
2021-05-18,21.3,22.3,20.64,21.51,467800
2021-05-19,19.53,20.5,19.1911,19.6,520474
2021-05-20,19.86,22.9,19.7,20.0,1249652
2021-05-21,19.94,20.33,17.0,17.37,803300
2021-05-24,17.4,17.77,14.63,16.05,939659
2021-05-25,16.25,16.3,15.0424,15.68,478209
2021-05-26,16.61,21.9,16.58,19.31,8035200
2021-05-27,19.51,19.87,17.31,17.71,1531004
2021-05-28,18.5,18.61,16.51,17.14,896099
2021-06-01,17.24,21.25,16.6,21.25,2178339
2021-06-02,20.55,21.23,18.0206,18.8,2400636
2021-06-03,18.5,20.49,17.81,18.2,1289701
2021-06-04,18.38,19.4841,17.52,17.96,771865
2021-06-07,17.99,20.25,17.11,19.53,1719350
2021-06-08,18.99,20.7199,18.33,18.33,1427340
2021-06-09,18.25,24.31,18.2138,21.93,8687725
2021-06-10,20.37,23.69,18.8,18.94,2813902
2021-06-11,19.86,21.39,19.05,20.5,2242816
2021-06-14,19.94,22.68,19.32,19.42,1684185
2021-06-15,19.42,19.5,17.85,18.04,975532
2021-06-16,17.84,18.4,17.25,18.0,651007
2021-06-17,17.8,18.6,17.11,17.31,692305
2021-06-18,17.15,17.57,16.71,17.45,588431
2021-06-21,17.26,17.6,16.64,17.41,543530
2021-06-22,17.06,17.19,15.85,16.42,444810
2021-06-23,16.58,18.26,16.2,16.72,1003810
2021-06-24,17.11,17.29,16.55,16.66,458023
2021-06-25,16.7,17.4814,16.4,16.5,500329
2021-06-28,16.65,17.29,16.2379,16.7,525261
2021-06-29,16.82,18.3,16.5,16.89,1507159
2021-06-30,16.92,16.92,16.11,16.63,364843
2021-07-01,16.33,16.6,15.5501,15.75,369315
2021-07-02,15.67,16.0,14.82,15.28,304475
2021-07-06,15.09,15.16,14.0,14.07,412901
2021-07-07,14.07,14.25,12.0101,12.38,558949
2021-07-08,11.52,12.67,11.05,11.86,962427
2021-07-09,11.9,11.94,10.02,10.19,1542757
2021-07-12,10.12,10.2203,9.27,9.55,763506
2021-07-13,9.46,9.55,7.61,8.03,3132046
2021-07-14,7.91,8.1122,6.87,6.92,1513791
2021-07-15,7.11,9.3,6.72,7.52,33641942
2021-07-16,7.57,8.84,7.35,7.91,6355966
2021-07-19,7.26,7.48,6.91,7.3,1716385
2021-07-20,7.13,7.33,6.22,6.43,1691225
2021-07-21,6.41,7.7,6.32,7.15,3187658
2021-07-22,7.11,7.1799,6.43,6.5,934756
2021-07-23,6.32,6.4931,5.82,5.94,684716
2021-07-26,6.2,7.84,5.81,6.96,6283427
2021-07-27,6.68,6.81,5.74,5.8,1195491
2021-07-28,6.05,6.6886,6.0,6.26,1678177
2021-07-29,6.14,6.75,6.0101,6.5,1297731
2021-07-30,6.4,7.75,6.2,6.88,5638496
2021-08-02,6.9,9.23,6.9,8.06,13132173
2021-08-03,7.72,7.75,6.85,6.98,3675260
2021-08-04,6.93,7.4751,6.23,6.49,2670638
2021-08-05,6.51,6.91,6.3785,6.67,2250963
2021-08-06,6.52,6.72,6.25,6.3,938011
2021-08-09,6.46,7.08,6.46,6.78,1742293
2021-08-10,6.79,7.28,6.59,7.2,2032317
2021-08-11,7.41,7.41,6.65,6.89,901015
2021-08-12,6.74,6.88,6.46,6.53,650044
2021-08-13,6.58,6.58,6.09,6.17,969061
2021-08-16,6.11,6.19,5.77,5.9,594739
2021-08-17,5.71,5.8781,5.0901,5.21,1165955
2021-08-18,5.22,5.76,5.12,5.19,1212340
2021-08-19,5.07,5.32,4.84,4.9,1056672
2021-08-20,5.0,5.41,4.71,5.23,1520076
2021-08-23,5.37,5.76,5.11,5.5,938320
2021-08-24,5.6,8.98,5.6,7.04,80121123
2021-08-25,6.81,12.73,6.51,11.01,76083199
2021-08-26,9.8,14.235,9.77,10.9,57341491
2021-08-27,12.75,13.23,10.03,11.25,28603538
2021-08-30,10.65,11.0699,9.5405,10.48,4768549
2021-08-31,10.1,12.2,9.9,11.68,9571301
2021-09-01,11.58,13.12,11.01,13.0,7037947
2021-09-02,12.68,14.85,11.04,11.14,10997893
2021-09-03,11.04,11.64,8.8,8.96,3909368
2021-09-07,9.31,9.95,8.62,9.12,1923881
2021-09-08,8.97,10.54,8.23,8.9,6800317
2021-09-09,8.82,9.64,8.61,9.17,2257043
2021-09-10,9.08,9.3799,8.74,8.99,1097090
2021-09-13,8.98,10.3,8.5,9.3,6272546
2021-09-14,9.4,9.8,8.65,8.74,1742015
2021-09-15,8.72,9.03,8.35,8.71,1059663
2021-09-16,8.86,9.45,8.5578,9.38,2088020
2021-09-17,9.27,9.45,8.71,8.77,885671
2021-09-20,8.27,8.39,7.4,7.47,1302371
2021-09-21,7.7,7.95,7.21,7.29,575481
2021-09-22,7.46,8.61,7.46,7.69,2518934
2021-09-23,7.77,8.5,7.4356,8.12,2512572
2021-09-24,7.75,7.95,7.6,7.62,560527
2021-09-27,7.74,8.12,7.46,7.81,732642
2021-09-28,7.6,8.3,7.33,7.45,1023082
2021-09-29,7.61,7.9446,7.28,7.37,985986
2021-09-30,7.33,7.7,7.23,7.58,579720
2021-10-01,7.56,7.97,7.39,7.6,736363
2021-10-04,7.51,7.6,6.87,6.94,838936
2021-10-05,7.01,7.28,6.91,7.09,747622
2021-10-06,6.92,7.46,6.92,7.25,1063346
2021-10-07,7.25,7.49,7.11,7.11,394662
2021-10-08,7.25,7.43,6.85,6.99,730835
2021-10-11,6.92,7.5,6.89,7.07,810056
2021-10-12,7.1,7.75,6.91,7.56,2019298
2021-10-13,7.8,7.84,7.22,7.79,1198678
2021-10-14,8.2,8.67,7.8001,7.99,1831833
2021-10-15,7.81,8.08,7.54,7.74,881162
2021-10-18,7.6,7.84,7.465,7.81,701633
2021-10-19,7.75,8.1,7.55,7.66,808313
2021-10-20,7.64,7.75,6.94,7.05,3909300
2021-10-21,7.01,7.16,6.9,6.94,1051885
2021-10-22,7.07,7.9,6.85,7.07,3957598
2021-10-25,7.25,7.38,6.9,7.14,1392260
2021-10-26,7.21,7.26,6.7,6.99,1760119
2021-10-27,6.74,6.84,6.18,6.28,2424562
2021-10-28,6.32,6.35,6.0,6.19,1521303
2021-10-29,6.15,6.19,5.9,6.03,945547
2021-11-01,6.06,6.8299,6.0,6.58,2850187
2021-11-02,6.53,6.61,6.2,6.54,791399
2021-11-03,6.6,6.63,6.22,6.52,881579
2021-11-04,6.4,6.6031,6.2501,6.34,421804
2021-11-05,6.38,6.38,6.15,6.15,366451
2021-11-08,6.18,6.449,6.11,6.27,605712
2021-11-09,6.3,6.32,6.0,6.03,513132
2021-11-10,6.0,6.05,5.35,5.51,1160606
2021-11-11,5.6,5.65,5.27,5.3,967109
2021-11-12,5.38,5.7,5.0,5.38,1541931
2021-11-15,5.6,5.6,5.29,5.35,575310
2021-11-16,5.17,5.27,5.0,5.09,875236
2021-11-17,5.03,5.18,4.8,4.9,651736
2021-11-18,5.0,5.22,4.45,5.11,930170
2021-11-19,4.97,5.1,4.74,4.82,276545
2021-11-22,4.83,4.9324,4.36,4.65,430063
2021-11-23,4.56,4.88,4.402,4.76,516819
2021-11-24,4.57,5.34,4.5,5.09,1088898
2021-11-26,4.7,4.88,4.57,4.71,283867
2021-11-29,4.81,5.58,4.63,5.23,1271303
2021-11-30,5.07,5.41,4.7,5.1,576555
2021-12-01,5.16,5.28,4.64,4.73,462689
2021-12-02,4.7,4.83,4.31,4.48,410056
2021-12-03,4.5,4.5,3.9,3.97,574958
2021-12-06,3.91,4.19,3.44,4.04,353417
2021-12-07,4.15,4.7091,4.0944,4.5,598093
2021-12-08,4.47,4.7572,4.3248,4.63,136849
2021-12-09,4.67,4.67,4.27,4.27,194917
2021-12-10,4.36,4.42,4.1004,4.23,214576
2021-12-13,4.15,4.25,3.95,4.11,152840
2021-12-14,4.0,4.1,3.91,4.0,230477
2021-12-15,3.95,4.05,3.58,4.04,263088
2021-12-16,4.16,4.16,3.7501,3.83,177105
2021-12-17,3.8,4.0,3.61,3.91,236808
2021-12-20,3.91,3.9694,3.69,3.89,111784
2021-12-21,3.9,4.0,3.68,3.76,223456
2021-12-22,3.8,4.04,3.7401,3.98,470053
2021-12-23,3.94,4.78,3.8,4.49,1068244
2021-12-27,4.41,4.5,4.1001,4.34,752644
2021-12-28,4.14,4.18,3.75,3.81,674905
2021-12-29,3.97,5.4862,3.97,5.21,28212097
2021-12-30,4.8,4.9,4.25,4.31,3850521
2021-12-31,4.3,4.3697,4.02,4.05,1197745
2022-01-03,4.03,4.35,4.02,4.17,780018
2022-01-04,4.31,4.38,3.781,3.88,755537
2022-01-05,3.83,4.0199,3.45,3.5,884650
2022-01-06,3.47,3.65,3.34,3.46,466584
2022-01-07,3.58,3.88,3.37,3.37,659765
2022-01-10,3.38,3.46,3.162,3.36,351206
2022-01-11,3.36,3.63,3.1901,3.57,265666
2022-01-12,3.57,3.59,3.41,3.5,198191
2022-01-13,3.6,4.6699,3.51,3.8,27136251
2022-01-14,3.44,3.65,3.3,3.4,1728837
2022-01-18,3.27,3.55,3.18,3.25,696933
2022-01-19,3.23,3.44,3.23,3.33,418182
2022-01-20,3.32,3.72,3.2,3.29,2431456
2022-01-21,3.15,3.2418,2.83,2.89,811225
2022-01-24,2.7,2.83,2.51,2.77,712165
2022-01-25,2.64,2.9,2.62,2.78,349108
2022-01-26,2.95,2.9977,2.65,2.65,1450793
2022-01-27,2.8,2.8895,2.46,2.52,301345
2022-01-28,2.49,2.7499,2.39,2.69,362192
2022-01-31,2.7,2.93,2.63,2.82,384084
2022-02-01,2.92,3.05,2.79,3.02,349912
2022-02-02,3.0,3.0867,2.77,2.9,177019
2022-02-03,2.76,2.89,2.67,2.8,145464
2022-02-04,2.8,3.14,2.74,2.98,638308
2022-02-07,2.95,3.12,2.86,2.86,432515
2022-02-08,2.85,2.97,2.82,2.82,241803
2022-02-09,3.12,3.12,2.65,2.83,668880
2022-02-10,2.84,2.9887,2.6895,2.69,611884
2022-02-11,2.69,2.775,2.57,2.6,171216
2022-02-14,2.65,2.69,2.51,2.68,252209
2022-02-15,2.68,2.77,2.6,2.75,213852
2022-02-16,2.77,2.7738,2.62,2.69,192209
2022-02-17,2.79,2.96,2.65,2.7,681354
2022-02-18,2.66,2.7801,2.53,2.53,150632
2022-02-22,2.47,2.5999,2.35,2.49,201024
2022-02-23,2.49,2.5449,2.23,2.23,152068
2022-02-24,2.05,2.34,2.04,2.25,249856
2022-02-25,2.36,2.36,2.12,2.18,206973
2022-02-28,2.17,2.29,2.1445,2.17,156771
2022-03-01,2.17,2.23,2.16,2.22,81739
2022-03-02,2.28,2.34,2.16,2.26,146701
2022-03-03,2.34,2.348,2.19,2.22,74369
2022-03-04,2.18,2.22,2.0,2.08,191958
2022-03-07,2.0,2.0,1.82,1.84,371131
2022-03-08,1.99,2.0,1.79,1.81,233390
2022-03-09,1.9,1.99,1.86,1.93,348019
2022-03-10,1.93,2.05,1.85,2.02,198322
2022-03-11,2.01,2.15,1.8,1.8,174694
2022-03-14,1.88,1.88,1.65,1.71,141979
2022-03-15,1.72,1.8,1.56,1.8,574829
2022-03-16,1.95,1.9701,1.68,1.83,606015
2022-03-17,1.83,2.41,1.82,2.4,1771066
2022-03-18,2.23,2.63,2.16,2.42,1443690
2022-03-21,2.44,2.5,2.135,2.2,409350
2022-03-22,2.19,2.67,2.1412,2.41,1209762
2022-03-23,2.37,2.5,2.27,2.45,654121
2022-03-24,2.49,3.53,2.45,2.66,26843530
2022-03-25,2.72,2.81,2.25,2.27,2140469
2022-03-28,2.32,2.52,2.26,2.38,976522
2022-03-29,2.41,2.5399,2.33,2.44,843446
2022-03-30,2.48,2.61,2.35,2.41,710620
2022-03-31,2.45,2.53,2.18,2.25,413324
2022-04-01,2.45,4.29,2.25,3.64,33492119
2022-04-04,3.34,4.88,2.95,3.9,42741595
2022-04-05,3.6,4.196,3.36,3.44,10606577
2022-04-06,3.31,3.99,3.25,3.37,9856931
2022-04-07,3.26,3.79,3.21,3.42,4847979
2022-04-08,3.56,4.43,3.48,3.91,17501971
2022-04-11,3.88,4.19,3.61,3.72,5613948
2022-04-12,3.69,3.9399,2.7001,2.82,4229021
2022-04-13,2.87,3.09,2.73,2.83,1445846
2022-04-14,2.85,3.078,2.66,2.77,1802143
2022-04-18,2.65,2.75,2.41,2.66,940605
2022-04-19,2.65,2.88,2.65,2.78,643285
2022-04-20,2.81,2.85,2.54,2.59,1115365
2022-04-21,2.58,2.64,2.3,2.38,995664
2022-04-22,2.38,2.58,2.3588,2.52,495423
2022-04-25,2.49,2.7,2.4428,2.59,316984
2022-04-26,2.57,2.6488,2.38,2.42,224323
2022-04-27,2.47,2.5899,2.33,2.35,383130
2022-04-28,2.41,2.4663,2.2,2.42,383332
2022-04-29,3.08,3.2,2.52,2.53,17615781
2022-05-02,2.3,2.58,2.2401,2.5,1235147
2022-05-03,2.44,2.5,2.32,2.38,428430
2022-05-04,2.34,2.5,2.2842,2.45,593247
2022-05-05,2.32,2.4,2.2,2.26,358815
2022-05-06,2.26,2.3099,1.92,1.95,589080
2022-05-09,1.87,2.04,1.78,1.9,509366
2022-05-10,2.0,2.0,1.78,1.89,274509
2022-05-11,1.92,1.9398,1.65,1.7,272176
2022-05-12,1.6,1.82,1.55,1.76,304584
2022-05-13,1.82,1.91,1.78,1.91,363306
2022-05-16,1.92,1.93,1.7814,1.8,253646
2022-05-17,1.84,1.98,1.8,1.94,251668
2022-05-18,1.88,1.95,1.86,1.92,133613
2022-05-19,1.85,2.051,1.8301,1.88,299588
2022-05-20,1.9,1.95,1.8,1.9,116501
2022-05-23,1.92,1.92,1.8,1.9,167694
2022-05-24,1.86,1.93,1.77,1.93,101970
2022-05-25,1.87,1.94,1.82,1.9,190351
2022-05-26,1.93,2.0,1.861,1.96,272661
2022-05-27,2.0,2.02,1.84,1.92,408427
2022-05-31,1.9,2.04,1.8801,1.99,291895
2022-06-01,1.94,2.1799,1.94,2.07,373748
2022-06-02,2.03,2.15,2.03,2.13,213551
2022-06-03,2.06,2.1752,2.06,2.1,209640
2022-06-06,2.1,2.14,1.97,2.0,102618
2022-06-07,2.03,2.05,1.92,2.01,93770
2022-06-08,2.0,2.09,1.96,1.99,117917
2022-06-09,1.93,2.17,1.93,2.04,215097
2022-06-10,1.93,2.0,1.91,1.93,98602
2022-06-13,1.9,1.92,1.82,1.88,86474
2022-06-14,1.88,1.89,1.71,1.78,182399
2022-06-15,1.82,1.8403,1.74,1.83,119096
2022-06-16,1.71,1.78,1.65,1.68,136832
2022-06-17,1.72,1.8499,1.68,1.74,86613
2022-06-21,1.75,1.9399,1.72,1.72,378196
2022-06-22,1.7,1.72,1.62,1.63,203613
2022-06-23,1.63,1.7,1.62,1.69,159251
2022-06-24,1.6784,1.8351,1.6606,1.8,197794
2022-06-27,1.76,1.8,1.72,1.79,45922
2022-06-28,1.832,1.85,1.61,1.6707,182118
2022-06-29,1.7,1.735,1.65,1.7,73309
2022-06-30,1.7,1.75,1.6101,1.66,136494
2022-07-01,1.66,1.74,1.64,1.72,66189
2022-07-05,1.66,1.77,1.66,1.72,57180
2022-07-06,1.71,1.76,1.68,1.73,81443
2022-07-07,1.72,1.85,1.7,1.83,165963
2022-07-08,1.79,1.868,1.73,1.79,62216
2022-07-11,1.76,1.77,1.72,1.76,127434
2022-07-12,1.7301,1.81,1.7,1.79,112517
2022-07-13,1.74,1.79,1.72,1.77,35365
2022-07-14,1.72,1.78,1.71,1.71,68368
2022-07-15,1.72,1.77,1.69,1.77,74270
2022-07-18,1.72,1.9075,1.72,1.84,253316
2022-07-19,1.85,1.86,1.74,1.76,89058
2022-07-20,1.83,1.88,1.76,1.86,98403
2022-07-21,1.8,1.8399,1.77,1.83,73325
2022-07-22,1.79,1.83,1.66,1.72,134929
2022-07-25,1.7,1.73,1.66,1.72,59180
2022-07-26,1.66,1.705,1.6,1.64,111039
2022-07-27,1.67,1.74,1.65,1.7,69817
2022-07-28,1.7,1.78,1.6701,1.77,81243
2022-07-29,1.77,1.81,1.65,1.67,137419
2022-08-01,1.67,1.72,1.65,1.67,93613
2022-08-02,1.69,1.74,1.65,1.74,238648
2022-08-03,1.79,1.79,1.7,1.76,100476
2022-08-04,1.71,1.9,1.71,1.8001,379292
2022-08-05,1.73,1.88,1.72,1.72,111627
2022-08-08,1.79,2.12,1.73,2.12,1248636
2022-08-09,2.02,2.17,1.78,1.79,789625
2022-08-10,1.86,1.96,1.82,1.92,427295
2022-08-11,1.92,1.94,1.84,1.89,101394
2022-08-12,1.84,1.92,1.8101,1.86,185108
2022-08-15,1.81,1.93,1.79,1.92,144015
2022-08-16,1.93,2.03,1.88,1.97,218674
2022-08-17,1.98,1.9885,1.86,1.87,176902
2022-08-18,1.91,1.91,1.82,1.83,82791
2022-08-19,1.79,1.82,1.7,1.72,134099
2022-08-22,1.69,1.72,1.63,1.68,109678
2022-08-23,1.76,1.76,1.63,1.68,128327
2022-08-24,1.65,1.72,1.65,1.72,69351
2022-08-25,1.74,1.77,1.69,1.75,85525
2022-08-26,1.73,1.7573,1.66,1.66,152053
2022-08-29,1.66,1.6889,1.55,1.58,289012
2022-08-30,1.604,1.65,1.54,1.58,110659
2022-08-31,1.63,1.63,1.53,1.6,183689
2022-09-01,1.58,1.6,1.45,1.47,164584
2022-09-02,1.4699,1.53,1.4,1.4,137570
2022-09-06,1.4,1.41,1.36,1.41,45502
2022-09-07,1.455,1.455,1.38,1.41,59316
2022-09-08,1.42,1.49,1.3701,1.41,56670
2022-09-09,1.4306,1.5,1.4306,1.49,53410
2022-09-12,1.49,1.5295,1.39,1.41,120324
2022-09-13,1.41,1.41,1.33,1.34,98833
2022-09-14,1.38,1.41,1.31,1.35,112299
2022-09-15,1.3555,1.4499,1.3101,1.36,209479
2022-09-16,1.3394,1.35,1.26,1.26,84757
2022-09-19,1.29,1.3,1.23,1.27,57838
2022-09-20,1.24,1.27,1.22,1.25,47278
2022-09-21,1.23,1.24,1.2,1.2,153608
2022-09-22,1.18,1.2061,1.1,1.12,75611
2022-09-23,1.1,1.11,1.0,1.06,192100
2022-09-26,1.1,1.13,0.8628,0.894999,376928
2022-09-27,0.896,0.9801,0.88,0.88,65437
2022-09-28,0.9028,1.03,0.8801,1.03,121189
2022-09-29,1.04,1.04,0.9201,0.9208,79278
2022-09-30,0.92,1.06,0.92,1.04,95508
2022-10-03,1.02,1.02,0.812,0.897025,223553
2022-10-04,0.91,1.02,0.8835,0.9181,101273
2022-10-05,0.91,0.9498,0.9,0.9282,55655
2022-10-06,0.91,0.95,0.9061,0.94,30415
2022-10-07,0.95,0.95,0.83196,0.88,76401
2022-10-10,0.8524,0.9,0.8,0.82,54804
2022-10-11,0.81,0.87,0.7619,0.7816,53534
2022-10-12,0.79,0.8499,0.7,0.7502,106107
2022-10-13,0.7782,0.79,0.720001,0.7412,45442
2022-10-14,0.7714,0.87,0.75,0.76,40596
2022-10-17,0.77,0.8433,0.7,0.7399,113656
2022-10-18,0.7768,0.7768,0.7201,0.739999,94029
2022-10-19,0.76999,0.8,0.74,0.77,84617
2022-10-20,0.7694,0.8,0.743,0.765,31088
2022-10-21,0.71,0.7555,0.7008,0.7375,79421
2022-10-24,0.7767,0.8,0.6751,0.7399,97458
2022-10-25,0.72,0.7899,0.72,0.7585,49991
2022-10-26,0.78,0.8414,0.7161,0.8165,147872
2022-10-27,0.79,0.8599,0.783,0.81,79026
2022-10-28,0.805,0.86,0.7702,0.8025,59067
2022-10-31,0.8352,0.8479,0.768,0.8087,79912
2022-11-01,0.839,0.8798,0.816,0.823,156092
2022-11-02,0.8239,0.85,0.82,0.84,54565
2022-11-03,0.86,0.86,0.7943,0.83,43670
2022-11-04,0.8217,0.85,0.7455,0.76,63551
2022-11-07,0.75,0.8,0.75,0.77,39450
2022-11-08,0.75,0.8,0.75,0.7899,27336
2022-11-09,0.7601,0.799,0.7462,0.7797,27614
2022-11-10,0.7488,0.8,0.6965,0.8,91022
2022-11-11,0.7994,0.869899,0.775051,0.8367,53873
2022-11-14,0.8359,0.88,0.8011,0.88,42970
2022-11-15,0.924,0.94,0.84,0.87,52762
2022-11-16,0.88,0.91,0.84,0.8886,19304
2022-11-17,0.872501,0.91,0.8238,0.855,43663
2022-11-18,0.861,0.93,0.7878,0.81,102142
2022-11-21,0.788501,0.81,0.77,0.7998,18916
2022-11-22,0.8295,0.8295,0.7607,0.799,21158
2022-11-23,0.7603,0.81,0.6801,0.7427,45385
2022-11-25,0.777,0.777,0.725,0.725,12246
2022-11-28,0.7252,0.7495,0.725,0.7495,22023
2022-11-29,0.75,0.8,0.74,0.7502,52747
2022-11-30,0.77,0.7895,0.7335,0.7612,39187
