2018-10-26,9.55,9.55,9.5,9.52,202100
2018-10-29,9.51,9.51,9.51,9.51,500000
2018-10-30,9.52,9.54,9.51,9.51,974003
2018-10-31,9.51,9.51,9.51,9.51,483888
2018-11-01,9.52,9.52,9.51,9.51,36456
2018-11-02,9.51,9.51,9.51,9.51,0
2018-11-05,9.54,9.54,9.53,9.53,250301
2018-11-06,9.5301,9.54,9.5301,9.54,151500
2018-11-07,9.55,9.55,9.54,9.54,502
2018-11-08,9.55,9.55,9.53,9.53,381700
2018-11-09,9.55,9.55,9.53,9.55,48244
2018-11-12,9.55,9.55,9.55,9.55,110
2018-11-13,9.54,9.54,9.53,9.53,1500
2018-11-14,9.53,9.53,9.53,9.53,1663
2018-11-15,9.54,9.6,9.54,9.6,6518
2018-11-16,9.75,9.75,9.53,9.54,420388
2018-11-19,9.54,9.54,9.54,9.54,0
2018-11-20,9.55,9.56,9.53,9.53,330000
2018-11-21,9.53,9.53,9.53,9.53,1
2018-11-26,9.53,9.55,9.53,9.55,15141
2018-11-27,9.55,9.55,9.55,9.55,400
2018-11-28,9.55,9.55,9.55,9.55,25700
2018-11-29,9.55,9.61,9.55,9.61,265300
2018-11-30,9.62,9.62,9.55,9.55,90900
2018-12-03,9.55,9.55,9.55,9.55,0
2018-12-04,9.6,9.6,9.59,9.59,40866
2018-12-06,9.62,9.66,9.58,9.62,5040
2018-12-07,9.61,9.61,9.6,9.6,700
2018-12-10,9.64,9.64,9.64,9.64,8300
2018-12-11,9.64,9.64,9.6,9.6,1100
2018-12-12,9.59,9.59,9.56,9.56,800
2018-12-13,9.59,9.59,9.56,9.56,1414
2018-12-14,9.56,9.56,9.56,9.56,0
2018-12-17,9.59,9.5905,9.56,9.56,2230
2018-12-18,9.61,9.61,9.56,9.56,744
2018-12-19,9.58,9.58,9.57,9.57,11026
2018-12-20,9.56,9.59,9.56,9.59,600
2018-12-21,9.59,9.59,9.59,9.59,853
2018-12-24,9.57,9.58,9.57,9.58,5200
2018-12-26,9.58,9.61,9.58,9.58,108077
2018-12-27,9.58,9.58,9.5782,9.58,6485
2018-12-28,9.59,9.59,9.58,9.58,10300
2018-12-31,9.6,9.6,9.6,9.6,600
2019-01-02,9.57,9.63,9.57,9.6,1512
2019-01-03,9.6,9.6,9.6,9.6,0
2019-01-04,9.6,9.63,9.6,9.63,4061
2019-01-07,9.62,9.63,9.6,9.62,5991
2019-01-08,9.64,9.64,9.62,9.62,37457
2019-01-09,9.65,9.65,9.65,9.65,1073
2019-01-10,9.65,9.66,9.65,9.66,1445
2019-01-11,9.66,9.66,9.66,9.66,1
2019-01-14,9.66,9.7,9.66,9.7,18845
2019-01-15,9.69,9.72,9.68,9.68,7611
2019-01-16,9.7,9.7,9.68,9.68,1385
2019-01-17,9.68,9.68,9.68,9.68,0
2019-01-18,9.72,9.72,9.72,9.72,1400
2019-01-22,9.7,9.75,9.7,9.75,9297
2019-01-23,9.74,9.74,9.74,9.74,218
2019-01-24,9.75,9.75,9.72,9.74,207540
2019-01-25,9.75,9.75,9.74,9.75,408700
2019-01-28,9.73,9.75,9.72,9.72,166616
2019-01-29,9.75,9.75,9.75,9.75,177535
2019-01-30,9.75,9.75,9.75,9.75,0
2019-01-31,9.74,9.785,9.73,9.75,1833673
2019-02-01,9.8,9.8,9.75,9.75,306870
2019-02-04,9.73,9.78,9.73,9.75,300
2019-02-05,9.75,9.7909,9.75,9.7909,100110
2019-02-06,9.85,9.85,9.75,9.75,101353
2019-02-07,9.78,9.78,9.78,9.78,162
2019-02-08,9.78,9.78,9.7701,9.78,350
2019-02-11,9.76,9.78,9.75,9.78,758
2019-02-12,9.82,9.82,9.77,9.77,49442
2019-02-13,9.78,9.78,9.78,9.78,976097
2019-02-14,9.79,9.8,9.79,9.8,378341
2019-02-15,9.79,9.8,9.79,9.8,11176
2019-02-19,9.79,9.84,9.79,9.8,195203
2019-02-20,9.8,9.84,9.8,9.84,88252
2019-02-21,10.0,10.0,9.81,9.81,48743
2019-02-22,9.83,9.83,9.8065,9.82,2075
2019-02-25,9.9,9.9,9.77,9.81,12750
2019-02-26,9.8,9.8,9.78,9.8,28152
2019-02-27,9.82,9.82,9.82,9.82,939
2019-02-28,9.83,9.83,9.82,9.82,2155
2019-03-01,9.8,9.8,9.8,9.8,125
2019-03-04,9.82,9.82,9.8,9.8,325781
2019-03-05,9.8,9.8,9.8,9.8,506
2019-03-06,9.8,9.8,9.8,9.8,286
2019-03-07,9.73,9.83,9.73,9.8,2538
2019-03-08,9.79,9.8,9.79,9.8,1154
2019-03-11,9.82,9.82,9.82,9.82,10419
2019-03-12,9.81,9.83,9.81,9.83,13315
2019-03-13,10.19,10.19,9.8,9.83,48770
2019-03-14,9.85,9.85,9.81,9.84,134440
2019-03-15,9.88,9.93,9.82,9.84,153397
2019-03-18,10.14,10.14,9.85,9.88,56713
2019-03-19,9.88,9.88,9.88,9.88,566
2019-03-20,9.88,9.88,9.88,9.88,400
2019-03-21,9.89,9.89,9.87,9.87,1307
2019-03-22,9.87,9.87,9.87,9.87,0
2019-03-25,9.83,9.86,9.83,9.86,238
2019-03-26,9.83,9.83,9.83,9.83,268
2019-03-27,9.83,9.83,9.83,9.83,32
2019-03-28,9.8301,9.8301,9.8301,9.8301,2009
2019-03-29,9.85,9.85,9.83,9.84,40101
2019-04-01,9.845,9.845,9.845,9.845,200
2019-04-02,9.98,9.98,9.87,9.87,313
2019-04-03,9.87,9.87,9.87,9.87,14
2019-04-04,9.82,9.85,9.82,9.85,27934
2019-04-05,9.84,9.86,9.8205,9.86,23256
2019-04-08,9.88,9.88,9.86,9.86,42315
2019-04-09,9.86,9.86,9.86,9.86,2808
2019-04-10,9.8629,9.8629,9.85,9.86,2621
2019-04-11,9.87,9.9,9.87,9.89,240874
2019-04-12,9.95,9.95,9.88,9.88,1596
2019-04-15,9.88,9.88,9.88,9.88,0
2019-04-16,9.88,9.88,9.88,9.88,627
2019-04-17,9.88,9.91,9.88,9.89,17182
2019-04-18,9.88,9.94,9.88,9.94,48655
2019-04-22,9.93,9.95,9.93,9.95,18659
2019-04-23,9.92,9.92,9.92,9.92,103
2019-04-24,9.92,9.92,9.92,9.92,1
2019-04-25,9.87,9.87,9.87,9.87,155
2019-04-26,9.89,9.89,9.89,9.89,1011
2019-04-29,9.92,9.92,9.905,9.905,782
2019-04-30,9.91,9.92,9.9,9.91,275348
2019-05-01,9.91,9.91,9.91,9.91,150005
2019-05-02,9.91,9.91,9.91,9.91,1
2019-05-03,9.91,9.91,9.91,9.91,8
2019-05-06,9.92,9.92,9.92,9.92,20010
2019-05-07,9.92,9.92,9.92,9.92,59
2019-05-08,9.92,9.92,9.9,9.9,62075
2019-05-09,9.91,9.92,9.9,9.9,193962
2019-05-10,9.9,9.9,9.9,9.9,0
2019-05-13,9.92,9.92,9.9008,9.9008,274
2019-05-14,9.9008,9.9008,9.9008,9.9008,98
2019-05-15,9.9,9.9,9.9,9.9,0
2019-05-16,9.93,9.93,9.93,9.93,4730
2019-05-17,9.9204,9.93,9.9204,9.93,6000
2019-05-20,9.9127,9.9127,9.9127,9.9127,1000
2019-05-21,9.92,9.94,9.92,9.94,113100
2019-05-22,9.945,9.95,9.94,9.95,25731
2019-05-23,9.95,9.95,9.95,9.95,184
2019-05-24,9.95,9.95,9.95,9.95,0
2019-05-28,9.92,9.94,9.92,9.94,14239
2019-05-29,9.94,9.94,9.94,9.94,0
2019-05-30,9.92,9.92,9.92,9.92,150000
2019-05-31,9.95,9.95,9.93,9.93,3340
2019-06-03,9.93,9.93,9.93,9.93,250071
2019-06-04,9.95,9.95,9.95,9.95,500
2019-06-05,9.95,9.95,9.94,9.94,6036
2019-06-06,9.94,9.94,9.94,9.94,0
2019-06-07,9.95,9.97,9.95,9.97,2500
2019-06-10,9.97,9.99,9.96,9.99,5500
2019-06-11,9.99,9.99,9.99,9.99,0
2019-06-12,9.99,9.99,9.99,9.99,0
2019-06-13,9.995,10.0,9.995,10.0,24800
2019-06-14,10.0,10.0,9.9,9.9,1725
2019-06-17,9.97,9.97,9.97,9.97,2350
2019-06-18,9.97,9.97,9.97,9.97,162
2019-06-19,9.96,9.96,9.96,9.96,110
2019-06-20,9.96,9.96,9.96,9.96,14600
2019-06-21,9.98,9.98,9.98,9.98,6650
2019-06-24,9.99,9.99,9.99,9.99,20202
2019-06-25,10.0,10.0,10.0,10.0,100
2019-06-26,9.96,9.96,9.96,9.96,220
2019-06-27,10.0,10.0,9.97,9.97,17346
2019-06-28,9.98,9.98,9.95,9.95,30000
2019-07-01,9.95,9.95,9.95,9.95,7
2019-07-02,9.98,9.98,9.98,9.98,3175
2019-07-03,9.98,9.98,9.98,9.98,0
2019-07-05,9.98,9.98,9.98,9.98,0
2019-07-08,9.97,9.97,9.95,9.97,59275
2019-07-09,9.97,9.97,9.97,9.97,107510
2019-07-10,9.97,9.97,9.97,9.97,0
2019-07-11,9.96,9.97,9.96,9.97,1216
2019-07-12,9.97,9.97,9.97,9.97,0
2019-07-15,9.97,9.97,9.97,9.97,0
2019-07-16,9.97,9.97,9.97,9.97,0
2019-07-17,9.97,9.97,9.97,9.97,7
2019-07-18,9.99,10.0,9.99,10.0,483292
2019-07-19,10.02,10.03,9.95,9.95,10939
2019-07-22,10.03,10.03,9.95,10.0,89032
2019-07-23,10.03,10.03,9.9979,10.02,15116
2019-07-24,10.02,10.02,10.02,10.02,4247
2019-07-25,10.02,10.02,10.02,10.02,75000
2019-07-26,9.9975,10.03,9.9975,10.03,1587
2019-07-29,10.03,10.05,10.0216,10.05,117411
2019-07-30,10.06,10.07,10.0,10.0,4356
2019-07-31,10.01,10.01,10.0,10.0,150152
2019-08-01,10.01,10.01,10.0,10.0,150200
2019-08-02,10.01,10.01,10.0,10.0,150200
2019-08-05,10.03,10.03,10.03,10.03,25000
2019-08-06,10.03,10.03,10.03,10.03,25000
2019-08-07,10.03,10.03,10.03,10.03,50
2019-08-08,10.0,10.0,10.0,10.0,1850
2019-08-09,10.0,10.0,10.0,10.0,1900
2019-08-12,10.01,10.01,10.01,10.01,100
2019-08-13,10.0501,10.07,10.05,10.0502,16414
2019-08-14,10.06,10.06,10.02,10.02,30657
2019-08-15,10.04,10.07,10.01,10.01,126980
2019-08-16,10.1,10.1,10.0,10.01,48482
2019-08-19,10.1,10.1,10.0701,10.0701,508
2019-08-20,9.99,10.04,9.99,10.04,387
2019-08-21,10.1,10.1,10.07,10.08,120314
2019-08-22,10.07,10.1,10.07,10.1,4224
2019-08-23,10.1,10.1,10.1,10.1,4
2019-08-26,10.1,10.1,10.07,10.09,11191
2019-08-27,10.08,10.1,10.06,10.06,30504
2019-08-28,10.08,10.09,10.08,10.08,10201
2019-08-29,10.08,10.08,10.08,10.08,8
2019-08-30,10.08,10.08,10.08,10.08,2146
2019-09-03,10.08,10.08,10.08,10.08,2252
2019-09-04,10.08,10.08,10.08,10.08,8
2019-09-05,10.08,10.08,10.08,10.08,30
2019-09-06,10.08,10.08,10.08,10.08,15
2019-09-09,10.06,10.09,10.05,10.05,101675
2019-09-10,10.05,10.05,10.05,10.05,80
2019-09-11,10.05,10.05,10.05,10.05,203700
2019-09-12,10.05,10.05,10.05,10.05,1
2019-09-13,10.05,10.05,10.05,10.05,0
2019-09-16,10.05,10.05,10.05,10.05,635
2019-09-17,10.05,10.05,10.05,10.05,1
2019-09-18,10.05,10.05,10.04,10.04,201092
2019-09-19,10.06,10.06,10.06,10.06,1604
2019-09-20,10.06,10.06,10.06,10.06,1
2019-09-23,10.03,10.03,10.03,10.03,100
2019-09-24,10.08,10.08,10.08,10.08,718
2019-09-25,10.08,10.08,10.08,10.08,1
2019-09-26,10.08,10.08,10.08,10.08,6
2019-09-27,10.04,10.081,10.04,10.081,14512
2019-09-30,10.08,10.08,10.08,10.08,0
2019-10-01,10.075,10.075,10.075,10.075,156871
2019-10-02,10.05,10.05,10.05,10.05,100
2019-10-03,10.06,10.06,10.05,10.06,300500
2019-10-04,10.06,10.07,10.06,10.06,101016
2019-10-07,10.08,10.08,10.05,10.06,6487
2019-10-08,10.08,10.09,10.08,10.09,27811
2019-10-09,10.09,10.09,10.09,10.09,0
2019-10-10,10.07,10.11,10.07,10.1,351000
2019-10-11,10.1,10.1,10.06,10.08,4825
2019-10-14,10.08,10.1,10.08,10.1,37599
2019-10-15,10.08,10.11,10.08,10.08,728000
2019-10-16,10.08,10.1,10.08,10.1,200
2019-10-17,10.1,10.1,10.1,10.1,0
2019-10-18,10.08,10.12,10.08,10.12,401400
2019-10-21,10.1,10.1,10.09,10.1,150500
2019-10-22,10.1,10.1,10.1,10.1,0
2019-10-23,10.08,10.08,10.08,10.08,65700
2019-10-24,10.08,10.08,10.08,10.08,100
2019-10-25,10.0476,10.08,10.0476,10.08,1002
2019-10-28,10.07,10.09,10.06,10.0758,25821
2019-10-29,10.07,10.09,10.07,10.07,601100
2019-10-30,10.08,10.1,10.08,10.08,142039
2019-10-31,10.11,10.11,10.08,10.08,202410
2019-11-01,10.07,10.07,10.07,10.07,28511
2019-11-04,10.07,10.07,10.07,10.07,0
2019-11-05,10.07,10.07,10.07,10.07,20
2019-11-06,10.07,10.07,10.07,10.07,5
2019-11-07,10.09,10.09,10.09,10.09,202
2019-11-08,10.11,10.11,10.11,10.11,190
2019-11-11,10.11,10.11,10.11,10.11,200
2019-11-12,10.095,10.095,10.095,10.095,100
2019-11-13,10.11,10.11,10.11,10.11,34604
2019-11-14,10.1,10.11,10.1,10.11,50632
2019-11-15,10.105,10.11,10.1,10.11,1321
2019-11-18,10.08,10.08,10.08,10.08,101
2019-11-19,10.1,10.1,10.1,10.1,12195
2019-11-20,10.11,10.11,10.11,10.11,24848
2019-11-21,10.1,10.1,10.1,10.1,121600
2019-11-22,10.1,10.1,10.1,10.1,140000
2019-11-25,10.11,10.11,10.11,10.11,50046
2019-11-26,10.11,10.11,10.11,10.11,0
2019-11-27,10.13,10.13,10.13,10.13,194
2019-11-29,10.29,10.29,10.1,10.1,423
2019-12-02,10.1,10.1,10.1,10.1,145
2019-12-03,10.14,10.14,10.115,10.115,4446
2019-12-04,10.1,10.1,10.1,10.1,1571
2019-12-05,10.13,10.13,10.12,10.13,962
2019-12-06,10.13,10.13,10.13,10.13,46
2019-12-09,10.13,10.13,10.13,10.13,1
2019-12-10,10.13,10.13,10.13,10.13,4
2019-12-11,10.17,10.17,10.17,10.17,100
2019-12-12,10.12,10.12,10.12,10.12,1273
2019-12-13,10.12,10.12,10.12,10.12,23
2019-12-16,10.17,10.17,10.12,10.145,2942
2019-12-17,10.1301,10.15,10.13,10.13,30994
2019-12-18,10.13,10.13,10.13,10.13,12501
2019-12-19,10.17,10.17,10.12,10.12,833
2019-12-20,10.14,10.15,10.14,10.1436,10382
2019-12-23,10.17,10.17,10.14,10.14,200
2019-12-24,10.14,10.14,10.14,10.14,0
2019-12-26,10.1482,10.15,10.1478,10.1478,12715
2019-12-27,10.19,10.19,10.1552,10.19,1614
2019-12-30,10.14,10.19,10.14,10.19,600
2019-12-31,10.19,10.19,10.16,10.19,3100
2020-01-02,10.19,10.19,10.165,10.165,148455
2020-01-03,10.2,10.2,10.2,10.2,400
2020-01-06,10.2,10.2,10.2,10.2,2
2020-01-07,10.2,10.21,10.2,10.21,2337
2020-01-08,10.2,10.2,10.2,10.2,100
2020-01-09,10.2,10.2,10.2,10.2,95
2020-01-10,10.2,10.2,10.2,10.2,2
2020-01-13,10.2,10.2,10.2,10.2,257
2020-01-14,10.19,10.19,10.19,10.19,602
2020-01-15,10.19,10.19,10.19,10.19,1000
2020-01-16,10.19,10.19,10.19,10.19,1
2020-01-17,10.11,10.11,10.11,10.11,4541
2020-01-21,10.18,10.21,10.18,10.19,105051
2020-01-22,10.18,10.1955,10.18,10.1955,586
2020-01-23,10.2,10.2,10.2,10.2,0
2020-01-24,10.2,10.2,10.18,10.2,17174
2020-01-27,10.19,10.19,10.19,10.19,575
2020-01-28,10.19,10.19,10.19,10.19,0
2020-01-29,10.19,10.19,10.19,10.19,1
2020-01-30,10.18,10.18,10.18,10.18,103
2020-01-31,10.22,10.23,10.18,10.18,9226
2020-02-03,10.2,10.2,10.2,10.2,58000
2020-02-04,10.2,10.2,10.18,10.18,147860
2020-02-05,10.2,10.2175,10.2,10.215,8520
2020-02-06,10.23,10.25,10.2,10.25,34791
2020-02-07,10.21,10.24,10.21,10.23,33986
2020-02-10,10.24,10.24,10.23,10.23,59903
2020-02-11,10.24,10.24,10.23,10.23,36588
2020-02-12,10.26,10.26,10.23,10.23,102644
2020-02-13,10.26,10.26,10.23,10.23,330500
2020-02-14,10.23,10.23,10.23,10.23,0
2020-02-18,10.23,10.23,10.22,10.22,72839
2020-02-19,10.2,10.235,10.2,10.235,17500
2020-02-20,10.22,10.23,10.22,10.2266,5215
2020-02-21,10.2266,10.2266,10.2266,10.2266,1801
2020-02-24,10.24,10.26,10.2,10.22,755676
2020-02-25,10.22,10.22,10.22,10.22,230300
2020-02-26,10.23,10.23,10.23,10.23,50000
2020-02-27,10.23,10.23,10.22,10.22,214917
2020-02-28,10.22,10.23,10.21,10.21,520702
2020-03-02,10.25,10.28,10.24,10.24,23206
2020-03-03,10.22,10.23,10.22,10.22,312478
2020-03-04,10.21,10.27,10.21,10.27,238650
2020-03-05,10.27,10.27,10.27,10.27,2
2020-03-06,10.22,10.27,10.22,10.27,2864
2020-03-09,10.21,10.44,10.16,10.44,2373
2020-03-10,10.28,10.28,10.22,10.22,327167
2020-03-11,10.2,10.22,10.19,10.2,114856
2020-03-12,10.15,10.2,10.105,10.2,189103
2020-03-13,10.15,10.2,10.15,10.16,31703
2020-03-16,9.87,10.1,9.87,10.04,40649
2020-03-17,10.0,10.1,10.0,10.05,21950
2020-03-18,10.0,10.105,10.0,10.1,125067
2020-03-19,10.06,10.2,10.0,10.14,1391156
2020-03-20,10.06,10.131,10.04,10.131,87706
2020-03-23,10.14,10.1489,10.08,10.1,202918
2020-03-24,10.1,10.19,10.09,10.19,12301
2020-03-25,10.12,10.2,10.12,10.16,1595636
2020-03-26,10.16,10.2,10.15,10.2,159286
2020-03-27,10.16,10.2,10.16,10.2,201389
2020-03-30,10.15,10.2,10.15,10.2,810
2020-03-31,10.17,10.2,10.15,10.17,3141
2020-04-01,10.17,10.19,10.15,10.18,6682
2020-04-02,10.18,10.49,10.17,10.28,697686
2020-04-03,10.23,10.23,10.16,10.2,1436
2020-04-06,10.19,10.2,10.175,10.2,206333
2020-04-07,10.185,10.1904,10.16,10.1904,2220
2020-04-08,10.19,10.195,10.16,10.18,53654
2020-04-09,10.22,10.22,10.19,10.21,718407
2020-04-13,10.19,10.19,10.11,10.16,13822
2020-04-14,10.2,10.21,10.15,10.21,4070
2020-04-15,10.14,10.18,10.13,10.18,8143
2020-04-16,10.194,10.194,10.1802,10.186,1510
2020-04-17,10.2,10.25,10.2,10.225,1055
2020-04-20,10.19,10.19,10.19,10.19,649
2020-04-21,10.19,10.24,10.18,10.24,3041
2020-04-22,10.17,10.22,10.17,10.22,1608
2020-04-23,10.22,10.27,10.22,10.27,441
2020-04-24,10.24,10.28,10.18,10.28,4538
2020-04-27,10.25,10.25,10.21,10.21,283
2020-04-28,10.25,10.25,10.18,10.18,5368
2020-04-29,10.2,10.22,10.2,10.2,1503
2020-04-30,10.23,10.23,10.23,10.23,300
2020-05-01,10.23,10.23,10.21,10.23,62052
2020-05-04,10.25,10.25,10.2,10.24,173582
2020-05-05,10.26,10.26,10.24,10.24,25048
2020-05-06,10.2,10.2,10.2,10.2,401
2020-05-07,10.2,10.2,10.2,10.2,0
2020-05-08,10.19,10.255,10.19,10.25,29569
2020-05-11,10.26,10.26,10.25,10.25,2671
2020-05-12,10.26,10.26,10.23,10.26,15074
2020-05-13,10.27,10.27,10.19,10.27,13823
2020-05-14,10.24,10.26,10.21,10.26,26420
2020-05-15,10.28,10.32,10.27,10.31,109676
2020-05-18,10.3,10.3,10.3,10.3,109
2020-05-19,10.4,10.53,10.4,10.52,27605
2020-05-20,10.39,10.39,10.39,10.39,202
2020-05-21,10.4,10.44,10.4,10.4,5178
2020-05-22,10.39,10.4,10.39,10.4,808
2020-05-26,10.41,10.41,10.4,10.4,1401
2020-05-27,10.42,10.445,10.4,10.445,2128
2020-05-28,10.44,10.44,10.44,10.44,262
2020-05-29,10.385,10.42,10.3,10.39,222949
2020-06-01,10.42,10.435,10.28,10.28,2085
2020-06-02,10.44,10.45,10.39,10.39,5116
2020-06-03,10.39,10.39,10.39,10.39,78
2020-06-04,10.5507,10.5507,10.41,10.41,1579
2020-06-05,10.35,10.35,10.35,10.35,206
2020-06-08,10.4,10.4,10.3,10.38,46054
2020-06-09,10.4,10.4,10.3557,10.37,2576
2020-06-10,10.39,10.44,10.3782,10.43,3299
2020-06-11,10.3,10.44,10.3,10.42,5517
2020-06-12,11.46,11.46,10.9401,11.09,78197
2020-06-15,11.38,11.55,11.2,11.3,98256
2020-06-16,11.45,11.86,11.4,11.55,97218
2020-06-17,12.7,15.88,12.25,13.59,1548055
2020-06-18,14.9,15.1,13.9,14.75,797608
2020-06-19,14.7,15.25,12.235,13.06,887612
2020-06-22,13.5,13.77,11.9201,12.41,270498
2020-06-23,12.6,12.74,11.65,11.84,324237
2020-06-24,11.89,11.97,10.58,11.1,303125
2020-06-25,11.15,11.63,10.8102,11.58,136521
2020-06-26,11.58,15.0,11.35,15.0,2320218
2020-06-29,16.0,17.93,14.34,16.73,2633200
2020-06-30,15.2,15.56,13.25,13.9,800300
2020-07-01,13.99,14.45,13.52,13.85,345700
2020-07-02,18.1,22.8,15.5,20.53,15884000
2020-07-06,20.86,24.35,19.0,19.68,5718800
2020-07-07,18.43,19.48,16.63,16.65,2452100
2020-07-08,17.88,18.0,16.26,17.07,1747800
2020-07-09,17.8,20.9,17.5,20.1,3969100
2020-07-10,19.31,20.1,18.51,20.1,1335600
2020-07-13,19.62,19.85,17.0,18.11,1136100
2020-07-14,17.8,17.91,16.26,17.65,613300
2020-07-15,17.01,17.73,17.01,17.45,285200
2020-07-16,17.15,17.25,15.94,16.55,490100
2020-07-17,16.6,18.87,16.6,17.92,1198300
2020-07-20,18.18,18.35,16.31,16.99,884814
2020-07-21,16.84,17.78,16.59,16.74,507185
2020-07-22,16.89,17.1,16.01,16.05,390240
2020-07-23,17.0,18.48,16.02,16.2,2352947
2020-07-24,16.52,16.645,15.39,15.91,522868
2020-07-27,16.53,16.56,15.36,15.56,523278
2020-07-28,15.46,16.12,15.46,15.5475,324975
2020-07-29,15.5,15.72,15.3,15.32,285460
2020-07-30,15.3,15.76,14.68,15.1,557392
2020-07-31,15.01,15.1,13.34,13.5,1106940
2020-08-03,13.89,13.94,13.01,13.76,725932
2020-08-04,13.9,14.39,13.8,14.03,577051
2020-08-05,14.03,14.71,14.03,14.16,370853
2020-08-06,14.16,15.74,14.05,15.47,518169
2020-08-07,15.58,16.05,15.58,15.92,396639
2020-08-10,16.03,16.9,16.0,16.56,647683
2020-08-11,17.1,17.1,16.0,16.14,468833
2020-08-12,16.0,17.99,16.0,17.06,531117
2020-08-13,17.38,18.3,17.25,18.1,442268
2020-08-14,18.25,18.67,17.2,17.65,442296
2020-08-17,17.69,18.15,17.69,18.15,346255
2020-08-18,18.4,19.0403,17.8801,18.22,1076270
2020-08-19,18.3,18.8552,17.8,18.17,320177
2020-08-20,18.1,18.6999,17.54,17.75,434878
2020-08-21,17.95,18.25,17.54,17.54,299491
2020-08-24,18.49,19.95,17.8,19.23,1874410
2020-08-25,19.38,19.61,18.03,18.31,681085
2020-08-26,18.3,19.06,18.25,18.33,394801
2020-08-27,18.55,18.87,17.83,18.16,284844
2020-08-28,19.07,21.2,19.07,19.7,1435231
2020-08-31,20.78,21.75,19.44,19.96,1202003
2020-09-01,20.82,22.88,20.66,22.45,1981132
2020-09-02,24.69,27.65,23.475,24.47,3724574
2020-09-03,24.3,26.24,21.5001,23.9,2282618
2020-09-04,24.3,25.89,20.25,25.78,1636371
2020-09-08,25.83,29.75,24.8314,29.75,1887792
2020-09-09,30.91,31.77,27.5201,30.43,1772723
2020-09-10,31.22,32.5,29.12,29.6,1114734
2020-09-11,30.0,30.46,26.3338,28.9,1555431
2020-09-14,28.91,29.7,25.12,26.39,1298793
2020-09-15,27.75,27.9712,25.13,25.62,975494
2020-09-16,26.0,26.81,25.5,26.26,671079
2020-09-17,25.0,26.1,24.45,25.15,707631
2020-09-18,25.3,26.35,24.33,26.05,758522
2020-09-21,26.11,26.22,23.4135,24.05,1324791
2020-09-22,24.38,24.88,22.55,23.31,1185672
2020-09-23,23.55,23.65,20.9,21.02,1449680
2020-09-24,19.71,20.4035,17.3011,18.51,2819864
2020-09-25,19.7,20.85,18.91,20.42,1612555
2020-09-28,22.85,24.6912,22.01,24.42,2829095
2020-09-29,25.5,25.55,23.17,24.75,2625896
2020-09-30,24.8,25.15,18.1,18.69,6197276
2020-10-01,20.0,20.09,16.11,16.77,7533627
2020-10-02,16.0,17.86,15.72,17.08,3867366
2020-10-05,17.8,17.905,15.31,16.23,4276237
2020-10-06,16.88,18.08,16.0,17.4,3221218
2020-10-07,17.49,17.67,16.51,16.91,1998782
2020-10-08,17.15,17.3727,16.6,16.7,1292643
2020-10-09,17.2797,17.4,16.77,16.92,1519202
2020-10-12,17.51,18.77,17.16,17.83,11459964
2020-10-13,17.66,18.23,17.25,17.27,2354384
2020-10-14,17.5,17.86,16.91,16.96,1724172
2020-10-15,16.83,16.9,16.15,16.82,1818478
2020-10-16,16.83,17.39,16.2167,16.5,1468742
2020-10-19,16.5,16.92,15.09,15.34,2804719
2020-10-20,15.3,15.42,14.25,14.39,1907682
2020-10-21,14.49,14.6,13.2,13.31,3439275
2020-10-22,12.91,14.2338,12.41,13.34,3299136
2020-10-23,13.5939,13.76,12.95,13.18,950327
2020-10-26,13.05,14.83,12.8,13.99,2606452
2020-10-27,13.99,14.72,13.82,13.96,1303968
2020-10-28,13.6,13.75,12.79,12.81,1473822
2020-10-29,12.91,13.65,12.8,13.17,1472760
2020-10-30,12.98,13.18,11.8,12.23,1992301
2020-11-02,12.55,13.05,12.15,12.26,1058037
2020-11-03,12.4,13.04,12.4,12.81,1260489
2020-11-04,13.11,13.55,12.7288,12.86,1547995
2020-11-05,13.21,15.03,13.04,14.94,3072736
2020-11-06,14.95,15.73,13.85,13.87,2358059
2020-11-09,14.44,14.78,12.84,13.04,3198298
2020-11-10,13.31,13.5,12.5669,12.86,1751269
2020-11-11,13.3,13.97,13.06,13.66,1214050
2020-11-12,13.74,13.9321,13.25,13.505,873322
2020-11-13,13.63,14.61,13.63,14.51,1603073
2020-11-16,14.94,15.7,14.615,15.52,1898922
2020-11-17,16.3,16.74,15.775,16.25,2996001
2020-11-18,16.39,16.7,15.78,15.9,1535861
2020-11-19,16.16,16.79,16.04,16.26,1487448
2020-11-20,16.82,17.07,16.26,16.36,2261716
2020-11-23,17.04,17.25,16.35,16.74,2897048
2020-11-24,17.4965,17.5,15.81,16.17,3327623
2020-11-25,15.8831,16.04,15.235,15.52,2309810
2020-11-27,15.7307,16.33,15.7,16.06,1975975
2020-11-30,16.8,16.9713,15.21,15.92,2926490
2020-12-01,16.23,16.26,14.82,15.12,3040404
2020-12-02,14.6,14.8,14.0,14.63,4095352
2020-12-03,15.19,16.16,14.66,15.0,4165406
2020-12-04,15.658,17.115,15.05,15.12,11834546
2020-12-07,15.45,18.99,15.45,18.81,18101017
2020-12-08,20.44,22.3,19.3,20.84,30969820
2020-12-09,22.41,22.99,19.01,19.91,20214170
2020-12-10,18.94,20.68,18.48,20.15,7396014
2020-12-11,19.865,20.35,18.0143,18.325,8394017
2020-12-14,19.42,19.97,18.95,19.1,6781877
2020-12-15,20.62,22.2399,19.23,19.44,17135461
2020-12-16,20.05,21.08,19.7,20.58,8818394
2020-12-17,20.84,21.4,20.02,20.65,6935221
2020-12-18,20.81,20.97,19.7,20.07,8451154
2020-12-21,19.72,25.44,19.7,24.68,17743676
2020-12-22,27.99,30.8065,25.57,27.38,37230098
2020-12-23,27.5177,27.6342,25.01,26.5,10641516
2020-12-24,26.05,26.32,23.7,24.68,6993848
2020-12-28,25.4,25.45,22.5,22.59,7950411
2020-12-29,22.85,23.96,20.92,22.87,10932604
2020-12-30,23.225,24.64,23.225,24.5,7110204
2020-12-31,24.2,24.2,22.7,22.82,6312319
2021-01-04,23.2,23.65,21.2,21.91,5573975
2021-01-05,21.3503,22.72,21.314,22.67,2795760
2021-01-06,23.0,23.77,22.1,22.69,4758763
2021-01-07,23.4,26.2,23.08,25.82,7628582
2021-01-08,24.6,26.61,23.66,23.94,13281282
2021-01-11,23.55,24.4,22.81,23.16,5931185
2021-01-12,22.895,23.66,22.56,23.26,5015096
2021-01-13,23.4,24.2,22.66,23.91,6215738
2021-01-14,24.3,24.67,23.15,24.07,4644272
2021-01-15,23.607,24.25,22.58,22.95,3481054
2021-01-19,23.33,23.78,22.09,22.34,5440202
2021-01-20,22.39,23.09,21.34,23.0,6444777
2021-01-21,22.67,23.58,22.4,23.14,3866507
2021-01-22,22.71,23.6,22.58,23.15,3180123
2021-01-25,23.3862,24.99,22.5204,23.53,5562657
2021-01-26,24.89,26.19,24.05,25.15,8765991
2021-01-27,24.5,26.74,23.62,25.18,7638041
2021-01-28,25.27,25.4,22.5601,23.2,5495565
2021-01-29,23.2,23.47,21.4,21.71,5091652
2021-02-01,22.2,22.34,20.55,21.7,4950040
2021-02-02,22.2,22.92,21.52,22.64,3681075
2021-02-03,23.01,23.2196,22.42,22.88,3033399
2021-02-04,23.4116,24.27,22.96,23.36,3849925
2021-02-05,22.88,23.67,22.85,23.25,2481564
2021-02-08,22.9437,23.98,22.89,23.96,3080600
2021-02-09,23.5,23.84,22.64,23.42,4545686
2021-02-10,23.96,24.7,22.19,23.16,5952859
2021-02-11,23.13,24.13,22.78,23.02,3889950
2021-02-12,23.0,23.42,22.57,23.22,1801407
2021-02-16,22.64,23.0,21.21,21.38,7906449
2021-02-17,21.4,21.49,20.31,21.05,4357676
2021-02-18,20.51,21.48,20.28,20.9,3059054
2021-02-19,21.02,21.89,20.42,21.11,6920115
2021-02-22,20.4889,20.72,17.8214,17.97,12058072
2021-02-23,16.32,17.19,14.8,16.26,9616401
2021-02-24,17.0,17.11,16.2,16.96,3957555
2021-02-25,16.8,16.85,15.01,15.19,6747411
2021-02-26,15.51,15.7,14.0,14.69,10590026
2021-03-01,15.55,16.62,15.13,16.58,6632030
2021-03-02,16.59,17.2,15.91,16.0,3484171
2021-03-03,16.13,16.47,14.43,14.54,4610229
2021-03-04,14.42,14.6,12.885,13.53,5849644
2021-03-05,14.02,14.04,10.93,12.96,7733124
2021-03-08,12.864,13.25,11.88,11.95,5651664
2021-03-09,12.79,13.18,12.27,12.53,6922038
2021-03-10,13.36,13.81,12.2,12.66,10408497
2021-03-11,12.8,14.56,12.55,14.27,9959220
2021-03-12,13.4625,14.12,13.1,13.86,4456370
2021-03-15,14.06,15.39,13.95,15.23,4829954
2021-03-16,15.791,15.89,13.92,14.23,4684333
2021-03-17,13.73,14.35,13.11,14.01,5360561
2021-03-18,13.85,14.16,13.15,13.26,5588755
2021-03-19,13.26,13.85,12.62,13.44,4460302
2021-03-22,13.785,13.89,13.27,13.74,3162715
2021-03-23,13.77,13.84,12.81,13.0,2741915
2021-03-24,13.25,13.25,11.64,11.71,4532501
2021-03-25,11.49,12.3,11.4001,12.19,3610495
2021-03-26,12.45,12.63,12.01,12.6,2813362
2021-03-29,12.48,12.66,11.4,11.52,3793407
2021-03-30,11.36,11.724,10.98,11.56,4219842
2021-03-31,11.87,11.9,11.38,11.4,3596164
2021-04-01,11.8932,13.55,11.71,12.78,7985154
2021-04-05,12.99,13.2534,12.33,12.7,2861068
2021-04-06,12.85,14.39,12.8,14.29,4982648
2021-04-07,13.93,13.9892,13.23,13.51,2990100
2021-04-08,13.65,13.7,13.25,13.56,1680235
2021-04-09,13.5,13.9,13.21,13.38,1795010
2021-04-12,13.42,13.45,12.25,12.45,3012086
2021-04-13,12.455,13.5,12.35,13.46,2034010
2021-04-14,13.36,13.576,12.63,12.76,2304113
2021-04-15,13.083,13.29,12.65,13.17,2322250
2021-04-16,13.12,13.5358,12.7701,13.38,2504529
2021-04-19,13.2,14.18,13.11,14.06,3322793
2021-04-20,13.74,13.88,13.1378,13.72,3257127
2021-04-21,13.5,14.62,13.4,14.01,3203423
2021-04-22,14.16,14.35,13.25,13.76,2255963
2021-04-23,13.7801,14.16,13.41,14.0,2785624
2021-04-26,14.15,15.57,14.15,14.89,4747675
2021-04-27,15.14,16.11,14.25,14.49,3899529
2021-04-28,14.34,14.49,13.86,14.34,1725499
2021-04-29,14.5,14.73,13.82,14.33,1704895
2021-04-30,13.8,14.33,13.52,13.77,1158572
2021-05-03,13.81,13.8327,12.63,12.78,2688046
2021-05-04,12.51,12.69,12.01,12.64,1973380
2021-05-05,12.74,12.74,12.18,12.25,1263384
2021-05-06,12.32,12.32,11.72,11.82,2275297
2021-05-07,11.55,12.1931,11.5,11.81,1967827
2021-05-10,11.81,12.28,11.36,11.38,2952386
2021-05-11,10.6,11.69,10.35,11.62,4662618
2021-05-12,11.1094,11.52,10.31,10.48,3768428
2021-05-13,10.63,10.67,8.9678,9.2,6956868
2021-05-14,9.54,9.715,9.25,9.68,2479021
2021-05-17,9.83,10.56,9.65,10.56,3634540
2021-05-18,10.573,11.19,10.3477,10.78,2026707
2021-05-19,10.24,10.64,10.2,10.57,2242624
2021-05-20,10.73,10.84,9.99,10.29,3194403
2021-05-21,10.37,10.4495,9.93,10.22,5219303
2021-05-24,10.38,10.39,10.03,10.21,2046654
2021-05-25,10.32,10.66,10.07,10.52,3639923
2021-05-26,10.52,11.24,10.45,10.95,3109155
2021-05-27,11.09,11.5198,9.95,10.01,11184478
2021-05-28,10.22,10.34,9.62,9.65,5626710
2021-06-01,9.86,9.88,9.42,9.6,6223784
2021-06-02,9.65,10.295,9.48,10.19,7092697
2021-06-03,10.14,10.16,9.63,9.86,7256169
2021-06-04,9.85,10.44,9.79,10.08,5089221
2021-06-07,10.22,10.36,9.87,10.13,4032955
2021-06-08,10.29,12.54,10.29,12.25,18153773
2021-06-09,12.7735,12.79,11.42,11.48,7871976
2021-06-10,11.7272,11.75,11.02,11.09,3733576
2021-06-11,11.23,11.34,10.81,11.07,3345896
2021-06-14,11.23,11.42,10.8801,11.04,3874239
2021-06-15,11.04,11.04,10.57,10.72,3215823
2021-06-16,10.61,11.32,10.57,11.23,4999680
2021-06-17,11.14,11.55,10.85,10.93,4038187
2021-06-18,10.87,11.05,10.38,10.79,5569668
2021-06-21,10.65,11.04,10.46,10.98,3687747
2021-06-22,10.96,11.225,10.585,11.19,3125955
2021-06-23,11.2,11.68,11.19,11.6,3480745
2021-06-24,11.6,11.91,11.37,11.47,3329261
2021-06-25,11.52,11.85,10.9509,11.12,13749881
2021-06-28,11.12,11.307,10.91,11.19,3021989
2021-06-29,11.2165,11.44,10.89,10.95,2443621
2021-06-30,10.87,10.92,10.59,10.64,3062648
2021-07-01,10.6,10.75,10.22,10.34,3158173
2021-07-02,10.3791,10.39,10.0,10.11,2818627
2021-07-06,10.07,10.14,9.85,9.96,2550046
2021-07-07,9.93,9.94,9.24,9.28,4192402
2021-07-08,9.03,9.615,9.0,9.6,2459966
2021-07-09,9.66,9.75,9.4668,9.65,1554647
2021-07-12,9.64,9.77,9.21,9.73,1952515
2021-07-13,9.62,9.65,9.28,9.4,1791604
2021-07-14,9.75,9.93,9.23,9.36,3635907
2021-07-15,9.33,9.51,9.0,9.29,2724292
2021-07-16,9.23,9.46,9.01,9.08,1919348
2021-07-19,8.84,8.86,8.3,8.67,4507669
2021-07-20,8.43,8.5,8.03,8.43,5561005
2021-07-21,8.46,8.81,8.41,8.56,3819115
2021-07-22,8.62,8.65,8.15,8.2,2412660
2021-07-23,8.14,8.15,7.7,7.78,4659426
2021-07-26,7.62,8.18,7.36,7.92,3266056
2021-07-27,7.83,7.97,7.59,7.9,2006637
2021-07-28,7.95,8.4,7.84,8.29,2155899
2021-07-29,8.3,8.4583,8.03,8.04,1507643
2021-07-30,7.92,8.275,7.91,8.01,1118131
2021-08-02,8.01,8.205,7.9,7.92,1626182
2021-08-03,8.0,8.01,7.53,7.61,2172019
2021-08-04,7.65,8.05,7.59,7.6,2832143
2021-08-05,7.6058,7.68,7.37,7.62,3414225
2021-08-06,7.4471,7.74,7.3,7.45,4954115
2021-08-09,7.54,8.39,7.43,8.28,4296203
2021-08-10,8.3,8.5,7.94,7.96,2793692
2021-08-11,7.95,7.96,7.62,7.92,2435048
2021-08-12,7.9,7.9,7.51,7.74,2430104
2021-08-13,7.62,7.7,7.22,7.23,2759740
2021-08-16,7.28,7.28,6.845,6.91,3590362
2021-08-17,6.8,6.81,6.5,6.7,3420654
2021-08-18,6.74,6.915,6.475,6.7,2932459
2021-08-19,6.5,6.55,6.18,6.21,4475674
2021-08-20,6.21,6.41,6.12,6.17,3579256
2021-08-23,6.3,7.38,6.25,7.15,8338358
2021-08-24,7.07,7.345,6.94,7.28,3722866
2021-08-25,7.34,7.59,7.23,7.32,3288626
2021-08-26,7.32,7.54,7.24,7.25,1949052
2021-08-27,7.22,7.27,6.7619,6.81,5093962
2021-08-30,6.85,6.85,6.5101,6.55,3620470
2021-08-31,6.53,6.73,6.48,6.6,2679529
2021-09-01,6.63,6.9,6.59,6.73,2507906
2021-09-02,6.74,6.97,6.72,6.85,2299446
2021-09-03,6.8,7.05,6.78,6.82,2028470
2021-09-07,6.885,7.06,6.81,6.95,1706863
2021-09-08,6.9,6.91,6.44,6.48,2710735
2021-09-09,6.44,6.705,6.38,6.55,1737402
2021-09-10,6.6,6.8301,6.44,6.49,1825569
2021-09-13,6.48,6.71,6.325,6.5,1942123
2021-09-14,6.49,6.64,6.23,6.32,2523660
2021-09-15,6.31,6.39,6.18,6.38,1628952
2021-09-16,6.3,6.96,6.0277,6.49,7096785
2021-09-17,6.43,6.62,6.34,6.41,5560868
2021-09-20,6.16,6.2068,5.91,6.08,3356029
2021-09-21,6.15,6.31,6.05,6.28,2574565
2021-09-22,6.31,6.53,6.2501,6.29,1873612
2021-09-23,6.35,6.46,6.24,6.44,1817913
2021-09-24,6.327,6.4167,6.21,6.23,1566251
2021-09-27,6.23,6.69,6.1,6.59,3761366
2021-09-28,6.54,6.75,6.06,6.07,5807876
2021-09-29,6.12,6.15,5.8,5.81,4187552
2021-09-30,5.88,5.965,5.78,5.92,2559057
2021-10-01,5.97,6.05,5.78,6.0,2911343
2021-10-04,5.993,6.0,5.58,5.68,3397893
2021-10-05,5.73,5.85,5.65,5.73,1965668
2021-10-06,5.63,5.795,5.55,5.73,2151747
2021-10-07,5.81,5.945,5.74,5.9,2361468
2021-10-08,5.93,5.97,5.785,5.8,1269660
2021-10-11,5.85,6.28,5.79,6.05,4099650
2021-10-12,6.02,6.18,5.97,6.17,2188754
2021-10-13,6.2,6.4677,6.18,6.38,2385857
2021-10-14,6.46,6.5,6.29,6.37,1588754
2021-10-15,6.42,6.44,6.13,6.16,1764037
2021-10-18,6.14,6.235,6.05,6.13,1601604
2021-10-19,6.14,6.34,6.07,6.3,1949698
2021-10-20,6.3,6.69,6.25,6.43,2693394
2021-10-21,6.41,6.74,6.395,6.47,2140672
2021-10-22,6.41,6.42,6.015,6.08,1918410
2021-10-25,6.12,6.36,6.08,6.3,1989217
2021-10-26,6.41,7.42,6.33,6.38,13186588
2021-10-27,6.64,6.6766,5.7,5.705,6796014
2021-10-28,5.8186,6.1,5.63,6.09,3581888
2021-10-29,6.08,6.2275,5.96,6.1,3007442
2021-11-01,6.12,6.6,6.12,6.59,3832262
2021-11-02,6.64,6.64,6.26,6.55,2705433
2021-11-03,6.58,6.8799,6.41,6.77,3905890
2021-11-04,6.82,6.82,6.39,6.46,5417693
2021-11-05,6.26,6.46,6.0,6.35,5606703
2021-11-08,6.35,7.5,6.3,7.4,9318995
2021-11-09,7.81,7.829,6.55,6.74,11951907
2021-11-10,6.7,6.9122,6.51,6.63,3200262
2021-11-11,6.82,7.1485,6.685,6.97,3635531
2021-11-12,6.99,7.02,6.75,6.8,2075321
2021-11-15,6.81,6.95,6.65,6.83,3490712
2021-11-16,6.79,6.85,6.32,6.67,4251279
2021-11-17,6.59,6.64,6.13,6.16,3041818
2021-11-18,6.18,6.56,5.85,6.05,12770694
2021-11-19,5.95,6.34,5.95,6.28,4023616
2021-11-22,6.3,6.37,5.81,6.02,3411176
2021-11-23,5.96,6.14,5.81,5.97,2827394
2021-11-24,5.86,6.02,5.63,5.88,2817108
2021-11-26,5.64,5.8284,5.555,5.67,2283916
2021-11-29,5.7,5.72,5.44,5.52,2879699
2021-11-30,5.44,5.5765,5.21,5.52,5553787
2021-12-01,5.52,5.62,4.99,5.02,4691378
2021-12-02,5.04,5.2,4.89,5.1,5500112
2021-12-03,5.08,5.09,4.7,5.0,4878490
2021-12-06,4.87,5.29,4.69,5.16,3172377
2021-12-07,5.26,5.473,5.22,5.29,4086851
2021-12-08,5.3,5.53,5.14,5.5,2146818
2021-12-09,5.42,5.49,5.21,5.26,2164518
2021-12-10,5.3,5.4175,5.06,5.13,2263843
2021-12-13,5.04,5.2783,4.96,5.09,3127027
2021-12-14,5.01,5.25,4.92,4.99,2362709
2021-12-15,4.98,5.215,4.83,5.14,3250684
2021-12-16,5.18,5.29,4.99,5.18,3259362
2021-12-17,5.0402,5.38,4.95,5.31,4768017
2021-12-20,5.11,5.14,4.87,5.01,2699628
2021-12-21,5.03,5.22,5.02,5.17,2336085
2021-12-22,5.13,5.23,5.05,5.11,2097798
2021-12-23,5.1,5.5,5.058,5.32,3343075
2021-12-27,5.24,5.41,5.23,5.32,2606989
2021-12-28,5.22,5.2713,4.94,5.04,3219616
2021-12-29,5.0068,5.02,4.6,4.63,3573313
2021-12-30,4.63,5.02,4.6,4.83,3116174
2021-12-31,4.79,4.8799,4.62,4.64,2497572
2022-01-03,4.72,4.995,4.6716,4.92,2501743
2022-01-04,4.93,4.96,4.7201,4.9,2151206
2022-01-05,4.85,4.9,4.44,4.48,2820637
2022-01-06,4.48,4.53,4.2,4.23,4696545
2022-01-07,4.27,4.3999,4.19,4.23,1940693
2022-01-10,4.17,4.19,3.98,4.15,2563801
2022-01-11,4.22,4.45,4.13,4.39,2033211
2022-01-12,4.45,4.53,4.3,4.3,1671147
2022-01-13,4.33,4.4365,4.17,4.18,1589294
2022-01-14,4.1579,4.25,4.04,4.15,1821850
2022-01-18,4.07,4.0999,3.87,3.88,2278747
2022-01-19,3.93,3.97,3.64,3.65,3041295
2022-01-20,3.72,4.01,3.68,3.69,2969175
2022-01-21,3.63,3.6975,3.44,3.54,3958180
2022-01-24,3.4101,3.57,3.13,3.56,4524731
2022-01-25,3.47,3.6,3.4,3.54,1970965
2022-01-26,3.64,3.92,3.57,3.63,4828711
2022-01-27,3.69,3.6999,3.32,3.38,3527222
2022-01-28,3.35,3.68,3.35,3.61,3832601
2022-01-31,3.67,3.98,3.665,3.91,7652702
2022-02-01,3.94,4.0886,3.66,4.04,3884124
2022-02-02,4.04,4.05,3.8016,3.83,1898316
2022-02-03,3.74,3.83,3.63,3.64,1934719
2022-02-04,3.65,3.86,3.61,3.8,1710280
2022-02-07,3.85,4.06,3.75,3.77,14160844
2022-02-08,4.87,4.87,3.98,4.04,88130996
2022-02-09,3.98,4.1456,3.87,4.1,14075482
2022-02-10,3.915,4.3,3.9,4.07,9947398
2022-02-11,4.08,4.34,4.01,4.03,7945554
2022-02-14,3.96,4.24,3.92,3.94,4649473
2022-02-15,4.0755,4.27,3.97,4.25,5566964
2022-02-16,4.23,4.44,4.18,4.29,3637521
2022-02-17,4.24,4.37,4.04,4.14,3126313
2022-02-18,4.165,4.24,4.05,4.14,2869967
2022-02-22,4.02,4.17,3.8,3.81,3866451
2022-02-23,3.86,3.94,3.59,3.59,2429168
2022-02-24,3.372,3.76,3.34,3.75,4297999
2022-02-25,3.77,3.83,3.63,3.78,2349983
2022-02-28,3.75,3.815,3.57,3.69,3812364
2022-03-01,3.49,3.79,3.46,3.59,4503706
2022-03-02,3.61,3.63,3.38,3.47,2578654
2022-03-03,3.47,3.47,2.92,2.93,13357473
2022-03-04,2.94,2.95,2.375,2.53,21613274
2022-03-07,2.48,2.55,2.1,2.2,15937891
2022-03-08,2.22,2.29,2.01,2.06,17243765
2022-03-09,2.18,2.2,2.01,2.09,15936668
2022-03-10,2.12,2.12,1.98,2.0,13056019
2022-03-11,2.04,2.29,1.98,2.12,19227956
2022-03-14,2.07,2.14,1.96,2.04,14391123
2022-03-15,2.03,2.19,1.97,2.17,9155395
2022-03-16,2.24,2.36,2.16,2.35,9751344
2022-03-17,2.34,2.57,2.26,2.56,6293768
2022-03-18,2.52,2.61,2.44,2.44,7285433
2022-03-21,2.49,2.51,2.34,2.42,5619348
2022-03-22,2.45,2.63,2.4099,2.56,4874416
2022-03-23,2.53,2.65,2.44,2.45,4461241
2022-03-24,2.51,2.5501,2.42,2.52,4161416
2022-03-25,2.5,2.51,2.27,2.3,5812115
2022-03-28,2.35,2.71,2.33,2.4,4191538
2022-03-29,2.44,2.67,2.435,2.63,5730392
2022-03-30,2.62,2.76,2.55,2.62,5455425
2022-03-31,2.63,2.64,2.535,2.56,2577601
2022-04-01,2.57,2.6378,2.48,2.5,2536597
2022-04-04,2.54,2.71,2.48,2.67,3580427
2022-04-05,2.62,2.655,2.474,2.48,2744985
2022-04-06,2.49,2.49,2.29,2.32,3764499
2022-04-07,2.32,2.36,2.19,2.26,3242582
2022-04-08,2.26,2.275,2.18,2.18,2275932
2022-04-11,2.17,2.235,2.09,2.2,2346785
2022-04-12,2.25,2.3,2.13,2.15,3453851
2022-04-13,2.16,2.25,2.13,2.2,1718899
2022-04-14,2.17,2.18,2.07,2.08,2836076
2022-04-18,2.12,2.13,1.98,2.04,2842470
2022-04-19,2.03,2.17,2.02,2.13,2366114
2022-04-20,2.14,2.16,2.0,2.03,3437045
2022-04-21,2.08,2.16,1.96,1.97,3887993
2022-04-22,1.97,2.05,1.965,1.98,3362452
2022-04-25,1.98,2.07,1.9601,2.05,3085126
2022-04-26,2.0201,2.075,1.9,1.91,3323222
2022-04-27,1.9,1.96,1.85,1.87,4389077
2022-04-28,1.88,1.94,1.77,1.93,3442886
2022-04-29,1.91,2.02,1.86,1.88,2669600
2022-05-02,1.9,2.01,1.84,2.01,2686786
2022-05-03,2.01,2.04,1.93,2.03,2143983
2022-05-04,2.02,2.07,1.88,2.05,2173610
2022-05-05,1.99,2.03,1.86,1.9,2964431
2022-05-06,1.84,1.86,1.64,1.77,3613147
2022-05-09,1.72,1.72,1.61,1.62,3196984
2022-05-10,1.67,1.68,1.49,1.58,5447450
2022-05-11,1.58,1.655,1.45,1.46,3673539
2022-05-12,1.45,1.6784,1.42,1.63,4054366
2022-05-13,1.7,1.845,1.69,1.82,3972450
2022-05-16,1.79,1.835,1.69,1.71,4140714
2022-05-17,1.77,1.82,1.68,1.74,2071112
2022-05-18,1.71,1.81,1.63,1.66,2003691
2022-05-19,1.65,1.785,1.65,1.73,2097967
2022-05-20,1.75,1.765,1.55,1.61,2983026
2022-05-23,1.63,1.65,1.5601,1.63,2798318
2022-05-24,1.6,1.6044,1.4601,1.48,2820296
2022-05-25,1.47,1.59,1.44,1.56,2449957
2022-05-26,1.57,1.63,1.52,1.59,2153074
2022-05-27,1.59,1.675,1.59,1.64,2549328
2022-05-31,1.68,1.77,1.61,1.69,8205242
2022-06-01,1.69,1.74,1.6,1.62,1937753
2022-06-02,1.63,1.75,1.605,1.7,2639629
2022-06-03,1.7,1.745,1.64,1.69,2488481
2022-06-06,1.74,1.76,1.65,1.67,1591027
2022-06-07,1.66,1.68,1.57,1.62,3027497
2022-06-08,1.62,1.72,1.62,1.67,1695951
2022-06-09,1.65,1.66,1.47,1.48,3326184
2022-06-10,1.49,1.49,1.42,1.43,2170402
2022-06-13,1.38,1.4,1.25,1.26,4725981
2022-06-14,1.31,1.31,1.25,1.3,2403928
2022-06-15,1.28,1.37,1.275,1.33,2499639
2022-06-16,1.28,1.29,1.19,1.23,3555471
2022-06-17,1.22,1.3,1.22,1.27,5587882
2022-06-21,1.29,1.32,1.19,1.24,5047832
2022-06-22,1.22,1.26,1.185,1.2,5008348
2022-06-23,1.22,1.24,1.13,1.24,9767683
2022-06-24,1.26,1.31,1.2,1.23,20917366
2022-06-27,1.24,1.25,1.12,1.13,4790440
2022-06-28,1.2,1.21,1.07,1.09,8665010
2022-06-29,1.08,1.09,1.0,1.02,6375406
2022-06-30,1.01,1.05,0.94,0.9552,12148269
2022-07-01,0.9591,0.989,0.825,0.9778,11533919
2022-07-05,0.9833,1.03,0.913,1.03,4256031
2022-07-06,1.03,1.06,0.977,0.9915,4225492
2022-07-07,1.0199,1.06,0.98,1.04,3678622
2022-07-08,1.04,1.06,1.0,1.05,2581471
2022-07-11,1.03,1.0461,0.9529,0.953,3545122
2022-07-12,0.9619,0.991,0.953,0.9847,1948594
2022-07-13,0.9537,0.9964,0.9522,0.98,1799723
2022-07-14,0.9678,1.0,0.96,0.9851,2112818
2022-07-15,1.02,1.04,0.9711,1.03,2686692
2022-07-18,1.06,1.08,1.03,1.03,2259312
2022-07-19,1.05,1.11,1.04,1.1,2763461
2022-07-20,1.11,1.18,1.1,1.15,5737469
2022-07-21,1.15,1.16,1.08,1.1,4424308
2022-07-22,1.09,1.1,0.9464,0.9505,6050510
2022-07-25,0.98,0.98995,0.9472,0.9839,3909244
2022-07-26,0.9901,0.9988,0.9473,0.9672,1950278
2022-07-27,0.9829,0.999,0.9529,0.9927,2840823
2022-07-28,0.99,1.02,0.955,1.02,3362113
2022-07-29,1.02,1.05,0.98,1.05,5811022
2022-08-01,1.04,1.07,1.01,1.03,1967543
2022-08-02,1.01,1.16,1.01,1.12,6998086
2022-08-03,1.15,1.23,1.15,1.22,5905178
2022-08-04,1.23,1.28,1.21,1.28,4978028
2022-08-05,1.24,1.29,1.21,1.24,2804678
2022-08-08,1.27,1.32,1.2636,1.27,3548320
2022-08-09,1.28,1.28,1.14,1.15,3546498
2022-08-10,1.21,1.73,1.19,1.59,28690752
2022-08-11,1.75,2.14,1.57,1.65,34406200
2022-08-12,1.74,1.985,1.6,1.92,17495622
2022-08-15,1.93,2.08,1.75,1.83,10093857
2022-08-16,1.82,1.83,1.63,1.66,10667719
2022-08-17,1.61,1.63,1.45,1.46,7576650
2022-08-18,1.52,1.528,1.36,1.44,6991183
2022-08-19,1.4,1.4,1.3,1.31,6553147
2022-08-22,1.28,1.28,1.2,1.21,4409949
2022-08-23,1.24,1.3,1.12,1.21,6902419
2022-08-24,1.23,1.34,1.22,1.27,6211986
2022-08-25,1.33,1.37,1.285,1.36,3573332
2022-08-26,1.4,1.42,1.25,1.25,4799205
2022-08-29,1.24,1.34,1.21,1.32,4291879
2022-08-30,1.35,1.355,1.25,1.29,3194801
2022-08-31,1.27,1.3,1.22,1.25,2391411
2022-09-01,1.23,1.25,1.11,1.18,5141568
2022-09-02,1.21,1.22,1.16,1.18,1740264
2022-09-06,1.16,1.18,1.09,1.1,6484074
2022-09-07,1.1,1.18,1.1,1.14,6715990
2022-09-08,1.15,1.17,1.1,1.15,2386283
2022-09-09,1.15,1.25,1.15,1.24,2845602
2022-09-12,1.25,1.29,1.23,1.28,2925157
2022-09-13,1.21,1.2278,1.18,1.18,3408835
2022-09-14,1.2,1.225,1.17,1.22,3463941
2022-09-15,1.21,1.26,1.2,1.24,3786407
2022-09-16,1.21,1.21,1.09,1.13,12499788
2022-09-19,1.12,1.14,1.08,1.12,3151267
2022-09-20,1.09,1.1,1.05,1.06,3829324
2022-09-21,1.06,1.07,1.02,1.03,2739266
2022-09-22,1.01,1.045,0.98,1.0,3764646
2022-09-23,0.98,1.0,0.9272,0.9646,3673821
2022-09-26,0.9936,1.03,0.9401,0.9602,4576005
2022-09-27,1.0,1.025,0.9568,0.9756,4116326
2022-09-28,0.9518,1.03,0.9518,1.02,2600470
2022-09-29,0.9999,1.0,0.9321,0.9629,3183355
2022-09-30,0.9629,1.01,0.9419,0.9471,2286941
2022-10-03,0.975,0.989,0.9321,0.9706,1643973
2022-10-04,1.0,1.05,0.9981,1.04,2761921
2022-10-05,1.03,1.03,0.972,1.02,1641232
2022-10-06,1.01,1.05,0.985,1.01,2350393
2022-10-07,1.01,1.02,0.902,0.915,5413636
2022-10-10,0.9202,0.929,0.8801,0.8911,2555160
2022-10-11,0.9179,0.93,0.8637,0.8881,2970065
2022-10-12,0.8882,0.9151,0.861,0.8823,2522998
2022-10-13,0.8761,0.9095,0.84,0.8912,2956251
2022-10-14,0.9004,0.915,0.865,0.898,1534887
2022-10-17,0.91,0.95,0.91,0.9359,1653630
2022-10-18,0.96,0.97,0.894,0.9137,2779512
2022-10-19,0.91,0.91,0.87,0.8906,1828298
2022-10-20,0.9,0.94,0.883,0.9038,1487351
2022-10-21,0.9142,0.9379,0.89,0.9351,1604322
2022-10-24,0.93,0.93,0.87,0.8818,3196894
2022-10-25,0.8907,0.96,0.8802,0.95,3880982
2022-10-26,0.92,0.98,0.8981,0.9126,3669878
2022-10-27,0.92,0.965,0.92,0.9271,1730643
2022-10-28,0.92,0.96,0.91,0.9551,3216309
2022-10-31,0.9551,0.9898,0.922,0.9875,2117321
2022-11-01,1.0,1.01,0.9226,0.9329,3101198
2022-11-02,0.94,0.9727,0.91,0.914,2099180
2022-11-03,0.914,0.9428,0.902,0.903,1925215
2022-11-04,0.9119,0.95,0.8606,0.8903,2908541
2022-11-07,0.9474,1.02,0.8856,0.9689,7411458
2022-11-08,0.999,0.999,0.8298,0.8479,11745621
2022-11-09,0.87,0.8701,0.712,0.7838,11793456
2022-11-10,0.8289,0.8867,0.8201,0.878,6563673
2022-11-11,0.89,1.02,0.86,1.01,10080706
2022-11-14,0.9902,1.04,0.9732,1.01,2823103
2022-11-15,1.03,1.16,1.03,1.14,5857396
2022-11-16,1.1,1.105,1.02,1.04,1750243
2022-11-17,1.03,1.05,1.0,1.03,1085848
2022-11-18,1.05,1.07,0.9405,0.9672,2717415
2022-11-21,0.9672,1.03,0.92,1.03,4230093
2022-11-22,1.01,1.02,0.9725,0.982,1301705
